Timestamp,Boresight,Jetson Detection,Rx Beam Index,Rx Beam Angle,Initial SNR (dB),Initial Max Power (dBm),Max Power (dBm),YOLO Time (s),Beam Sweep Time (s),Rx Beam Index (YOLO Predicted),Rx Beam Index (Selected),Adjustment Method,Beams Checked in Search,Adjusted Beam Index,Adjusted Beam Angle,SNR (dB),Offset Error,Beam Offset History,Received Jetson inference Time,Set TX Beam Time (s),Set RX Beam Time (s),Stabilize Beam Time (s),Measure SNR Time (s)
20250724_002641_776,-40,60,60,40.6,20.221389112073027,-82.94385528564453,-82.94385528564453,0.1036856174468994,0.1019959449768066,60,60.0,YOLO,1,32,0.0,20.221389112073027,0.0,[],0.1033380031585693,0.0504653453826904,0.0504915714263916,0.0003964900970458,0.0006375312805175
20250724_002642_244,-40,60,60,40.6,20.3223729292788,-82.87935295104981,-82.87935295104981,0.1038880348205566,0.1020245552062988,60,60.0,YOLO,1,32,0.0,20.3223729292788,0.0,[],0.1034727096557617,0.0504436492919921,0.0504572391510009,0.0004281997680664,0.0006895065307617
20250724_002641_512,-40,60,60,40.6,20.45023350614632,-82.76283416748046,-82.76283416748046,0.1038072109222412,0.1584413051605224,60,60.0,YOLO,1,32,0.0,20.45023350614632,0.0,[],0.103419542312622,0.0505108833312988,0.0505101680755615,0.0567212104797363,0.0006923675537109
20250724_002641_983,-40,60,60,40.6,20.52304644033083,-82.78627014160156,-82.78627014160156,0.1007614135742187,0.1583695411682129,60,60.0,YOLO,1,32,0.0,20.52304644033083,0.0,[],0.1004376411437988,0.0504844188690185,0.0504717826843261,0.0567388534545898,0.0006673336029052
20250724_002642_713,-39,59,59,39.2,21.858364179171843,-81.5199966430664,-81.5199966430664,0.103628396987915,0.1020255088806152,59,59.0,YOLO,1,32,0.0,21.858364179171843,0.0,[],0.1033155918121337,0.0504810810089111,0.0504829883575439,0.0003983974456787,0.0006582736968994
20250724_002643_183,-39,59,59,39.2,21.70751507171313,-81.61260299682617,-81.61260299682617,0.086735725402832,0.101978063583374,59,59.0,YOLO,1,32,0.0,21.70751507171313,0.0,[],0.0864138603210449,0.050464391708374,0.0504844188690185,0.0004010200500488,0.0006217956542968
20250724_002642_451,-39,59,59,39.2,21.903831696615825,-81.34959030151367,-81.34959030151367,0.1019277572631836,0.1584000587463379,59,59.0,YOLO,1,32,0.0,21.903831696615825,0.0,[],0.1015872955322265,0.0504498481750488,0.0505053997039794,0.0567889213562011,0.0006499290466308
20250724_002642_921,-39,59,59,39.2,21.84074819755141,-81.33440170288085,-81.33440170288085,0.1017515659332275,0.1583983898162841,59,59.0,YOLO,1,32,0.0,21.84074819755141,0.0,[],0.1014051437377929,0.0504624843597412,0.0504806041717529,0.0567705631256103,0.0006783008575439
20250724_002644_098,-38,58,58,37.7,22.303376803999825,-80.98288497924804,-80.98288497924804,0.1019589900970459,0.1019802093505859,58,58.0,YOLO,1,32,0.0,22.303376803999825,0.0,[],0.101611852645874,0.0504717826843261,0.0504779815673828,0.0003955364227294,0.000629186630249
20250724_002643_373,-38,59,59,39.2,20.230708572640424,-83.0085391998291,-83.0085391998291,0.0973660945892334,0.1583030223846435,59,59.0,YOLO,1,32,0.0,20.230708572640424,0.0,[],0.0970528125762939,0.0504565238952636,0.0504329204559326,0.056739330291748,0.0006678104400634
20250724_002643_630,-38,58,58,37.7,19.995973525227853,-83.18090057373047,-83.18090057373047,0.1035456657409668,0.1019878387451171,58,58.0,YOLO,1,32,0.0,19.995973525227853,0.0,[],0.1032228469848632,0.0504803657531738,0.0504786968231201,0.0003933906555175,0.0006303787231445
20250724_002643_837,-38,58,58,37.7,22.16863844203391,-81.03233375549317,-81.03233375549317,0.1009981632232666,0.1584126949310302,58,58.0,YOLO,1,32,0.0,22.16863844203391,0.0,[],0.1006515026092529,0.050490379333496,0.0504586696624755,0.0567476749420166,0.0007088184356689
20250724_002645_036,-37,58,58,37.7,20.31776429974255,-83.01056671142578,-83.01056671142578,0.104396104812622,0.1020550727844238,58,58.0,YOLO,1,32,0.0,20.31776429974255,0.0,[],0.1040871143341064,0.0504601001739501,0.0504963397979736,0.0003979206085205,0.000694990158081
20250724_002644_568,-37,58,58,37.7,20.70539597730047,-82.41014671325684,-82.41014671325684,0.1013882160186767,0.1020805835723877,58,58.0,YOLO,1,32,0.0,20.70539597730047,0.0,[],0.1009228229522705,0.0505061149597168,0.050485610961914,0.0003995895385742,0.0006830692291259
20250724_002644_304,-37,58,58,37.7,21.37497135228768,-81.89454498291016,-81.89454498291016,0.1036500930786132,0.1586141586303711,58,58.0,YOLO,1,32,0.0,21.37497135228768,0.0,[],0.103327989578247,0.050471544265747,0.050452709197998,0.0567641258239746,0.0009191036224365
20250724_002645_244,-37,58,58,37.7,20.2411488243102,-83.02484893798828,-83.02484893798828,0.1031017303466796,0.1583361625671386,58,58.0,YOLO,1,32,0.0,20.2411488243102,0.0,[],0.102759838104248,0.0504901409149169,0.050464391708374,0.0567245483398437,0.0006508827209472
20250724_002645_507,-36,57,57,36.3,19.811382590333707,-83.29432907104493,-83.29432907104493,0.104377269744873,0.1019685268402099,57,57.0,YOLO,1,32,0.0,19.811382590333707,0.0,[],0.1040658950805664,0.0504584312438964,0.0504627227783203,0.0004031658172607,0.0006392002105712
20250724_002645_715,-36,57,57,36.3,19.80579672390769,-83.44287109375,-83.44287109375,0.1037063598632812,0.1585636138916015,57,57.0,YOLO,1,32,0.0,19.80579672390769,0.0,[],0.1033718585968017,0.050563097000122,0.0505671501159668,0.0567531585693359,0.0006716251373291
20250724_002645_979,-36,57,57,36.3,19.762812917515376,-83.40924072265625,-83.40924072265625,0.1036500930786132,0.1020464897155761,57,57.0,YOLO,1,32,0.0,19.762812917515376,0.0,[],0.1033132076263427,0.0504827499389648,0.0504956245422363,0.0003955364227294,0.0006666183471679
20250724_002646_186,-36,57,57,36.3,19.844895596719567,-83.24900703430175,-83.24900703430175,0.1018612384796142,0.1582961082458496,57,57.0,YOLO,1,32,0.0,19.844895596719567,0.0,[],0.1015374660491943,0.0504205226898193,0.0504498481750488,0.0567395687103271,0.0006794929504394
20250724_002647_114,-35,56,56,34.8,22.08962178537192,-81.13381271362304,-81.13381271362304,0.102226972579956,0.1583936214447021,56,56.0,YOLO,1,32,0.0,22.08962178537192,0.0,[],0.1018986701965332,0.050473928451538,0.0504670143127441,0.0567383766174316,0.0007078647613525
20250724_002646_911,-35,56,56,34.8,21.914021844482,-81.24402122497558,-81.24402122497558,0.099618911743164,0.1020805835723877,56,56.0,YOLO,1,32,0.0,21.914021844482,0.0,[],0.0993168354034423,0.050494909286499,0.0504601001739501,0.0003988742828369,0.0007202625274658
20250724_002646_651,-35,56,56,34.8,22.04144073960512,-81.16799850463867,-81.16799850463867,0.099980354309082,0.1583824157714843,56,56.0,YOLO,1,32,0.0,22.04144073960512,0.0,[],0.0996532440185546,0.0504965782165527,0.0504195690155029,0.0567603111267089,0.0006990432739257
20250724_002646_448,-35,56,56,34.8,19.86928993032015,-83.37034111022949,-83.37034111022949,0.0997605323791503,0.1020083427429199,56,56.0,YOLO,1,32,0.0,19.86928993032015,0.0,[],0.0994386672973632,0.0504710674285888,0.0504913330078125,0.0003962516784667,0.0006439685821533
20250724_002647_377,-34,56,56,34.8,22.17859242388513,-81.05830917358398,-81.05830917358398,0.1042118072509765,0.1019911766052246,56,56.0,YOLO,1,32,0.0,22.17859242388513,0.0,[],0.1038599014282226,0.0504944324493408,0.0504486560821533,0.0004012584686279,0.0006415843963623
20250724_002647_846,-34,55,55,33.4,22.98988382488568,-80.23456573486328,-80.23456573486328,0.1016838550567627,0.1019527912139892,55,55.0,YOLO,1,32,0.0,22.98988382488568,0.0,[],0.1013667583465576,0.0504515171051025,0.0504393577575683,0.0003950595855712,0.0006616115570068
20250724_002647_584,-34,55,55,33.4,23.055262661118064,-80.2206184387207,-80.2206184387207,0.1017060279846191,0.158480167388916,55,55.0,YOLO,1,32,0.0,23.055262661118064,0.0,[],0.1013672351837158,0.0504848957061767,0.0505142211914062,0.0567808151245117,0.0006940364837646
20250724_002648_052,-34,55,55,33.4,22.71414269208296,-80.51754722595214,-80.51754722595214,0.1018996238708496,0.1583390235900879,55,55.0,YOLO,1,32,0.0,22.71414269208296,0.0,[],0.1015615463256836,0.0504837036132812,0.0504508018493652,0.0567312240600585,0.0006661415100097
20250724_002649_257,-33,55,55,33.4,21.336922451311903,-81.74481430053712,-81.74481430053712,0.1016891002655029,0.1020913124084472,55,55.0,YOLO,1,32,0.0,21.336922451311903,0.0,[],0.1013624668121337,0.050438642501831,0.0504825115203857,0.0004708766937255,0.0006930828094482
20250724_002648_784,-33,55,55,33.4,20.99712858400629,-82.23406066894532,-82.23406066894532,0.106095552444458,0.102008581161499,55,55.0,YOLO,1,32,0.0,20.99712858400629,0.0,[],0.105741262435913,0.050433874130249,0.0504968166351318,0.000403881072998,0.0006685256958007
20250724_002648_313,-33,55,55,33.4,22.80233834364641,-80.44563217163086,-80.44563217163086,0.1056063175201416,0.1020214557647705,55,55.0,YOLO,1,32,0.0,22.80233834364641,0.0,[],0.1052720546722412,0.0504825115203857,0.0504374504089355,0.0003886222839355,0.0007076263427734
20250724_002648_994,-33,55,55,33.4,21.33470468518197,-81.71508026123047,-81.71508026123047,0.1027328968048095,0.1583805084228515,55,55.0,YOLO,1,32,0.0,21.33470468518197,0.0,[],0.1024067401885986,0.0504772663116455,0.0504736900329589,0.0567350387573242,0.0006880760192871
20250724_002649_462,-32,54,54,31.9,21.06132628702865,-82.1970859527588,-82.1970859527588,0.1031904220581054,0.1583495140075683,54,54.0,YOLO,1,32,0.0,21.06132628702865,0.0,[],0.1028368473052978,0.0504734516143798,0.0504777431488037,0.0567378997802734,0.0006535053253173
20250724_002649_931,-32,54,54,31.9,20.657840370136228,-82.57346687316894,-82.57346687316894,0.1015639305114746,0.1583161354064941,54,54.0,YOLO,1,32,0.0,20.657840370136228,0.0,[],0.1012487411499023,0.0504634380340576,0.0504419803619384,0.0567166805267334,0.0006854534149169
20250724_002649_725,-32,54,54,31.9,21.195317247158656,-82.10665435791016,-82.10665435791016,0.1027338504791259,0.101987600326538,54,54.0,YOLO,1,32,0.0,21.195317247158656,0.0,[],0.1024131774902343,0.0504615306854248,0.0504751205444335,0.0003964900970458,0.0006489753723144
20250724_002650_193,-32,54,54,31.9,20.75738128120192,-82.31903076171875,-82.31903076171875,0.1015951633453369,0.1019990444183349,54,54.0,YOLO,1,32,0.0,20.75738128120192,0.0,[],0.1012301445007324,0.0504555702209472,0.0504846572875976,0.0003979206085205,0.0006549358367919
20250724_002650_659,-31,53,53,30.5,18.77351026955779,-84.3216396331787,-84.3216396331787,0.1003389358520507,0.102107286453247,53,53.0,YOLO,1,32,0.0,18.77351026955779,0.0,[],0.1000106334686279,0.0505213737487793,0.0504536628723144,0.0004119873046875,0.0007145404815673
20250724_002650_863,-31,53,53,30.5,22.255956776656348,-80.93973541259766,-80.93973541259766,0.0990853309631347,0.1584401130676269,53,53.0,YOLO,1,32,0.0,22.255956776656348,0.0,[],0.0986971855163574,0.0504693984985351,0.0504999160766601,0.0567512512207031,0.0007123947143554
20250724_002651_122,-31,53,53,30.5,22.298990654856738,-81.03368797302247,-81.03368797302247,0.1082868576049804,0.1019151210784912,53,53.0,YOLO,1,32,0.0,22.298990654856738,0.0,[],0.1079521179199218,0.0504529476165771,0.0504145622253418,0.0003924369812011,0.000650405883789
20250724_002650_398,-31,54,54,31.9,18.828147123482022,-84.37708930969238,-84.37708930969238,0.1004896163940429,0.1583209037780761,54,54.0,YOLO,1,32,0.0,18.828147123482022,0.0,[],0.1001424789428711,0.0504724979400634,0.0504229068756103,0.0567221641540527,0.0006964206695556
20250724_002651_592,-30,53,53,30.5,18.38918514835349,-84.63946838378907,-84.63946838378907,0.1015896797180175,0.1020565032958984,53,53.0,YOLO,1,32,0.0,18.38918514835349,0.0,[],0.101259708404541,0.0504899024963378,0.0505218505859375,0.0003993511199951,0.0006406307220458
20250724_002651_334,-30,53,53,30.5,20.114505281624844,-83.00995635986328,-83.00995635986328,0.0988376140594482,0.1583390235900879,53,53.0,YOLO,1,32,0.0,20.114505281624844,0.0,[],0.0985314846038818,0.050473928451538,0.0504596233367919,0.0567202568054199,0.000678539276123
20250724_002652_060,-30,53,53,30.5,19.854310091481054,-83.42938232421875,-83.42938232421875,0.1050746440887451,0.1020312309265136,53,53.0,YOLO,1,32,0.0,19.854310091481054,0.0,[],0.1047542095184326,0.0504887104034423,0.0504732131958007,0.0003969669342041,0.0006675720214843
20250724_002651_798,-30,53,53,30.5,19.80748537524201,-83.24900703430175,-83.24900703430175,0.1015388965606689,0.1584210395812988,53,53.0,YOLO,1,32,0.0,19.80748537524201,0.0,[],0.1011722087860107,0.050487995147705,0.05051851272583,0.0567326545715332,0.0006744861602783
20250724_002652_268,-29,53,53,30.5,20.08745203511253,-83.02484893798828,-83.02484893798828,0.1041336059570312,0.1584446430206298,53,53.0,YOLO,1,32,0.0,20.08745203511253,0.0,[],0.1038002967834472,0.0505487918853759,0.050485610961914,0.0567576885223388,0.0006461143493652
20250724_002653_209,-29,52,52,29.0,22.21302101135963,-80.98288497924804,-80.98288497924804,0.102602481842041,0.1583561897277832,52,52.0,YOLO,1,32,0.0,22.21302101135963,0.0,[],0.1022398471832275,0.0504584312438964,0.050483226776123,0.0567305088043212,0.0006773471832275
20250724_002652_738,-29,52,52,29.0,22.214291784750515,-81.00888442993164,-81.00888442993164,0.1017401218414306,0.1583077907562255,52,52.0,YOLO,1,32,0.0,22.214291784750515,0.0,[],0.1014213562011718,0.0504729747772216,0.0504524707794189,0.0567212104797363,0.0006544589996337
20250724_002653_000,-29,52,52,29.0,22.389721944014184,-80.8721134185791,-80.8721134185791,0.1051955223083496,0.1020238399505615,52,52.0,YOLO,1,32,0.0,22.389721944014184,0.0,[],0.1048696041107177,0.0504798889160156,0.0505135059356689,0.0004003047943115,0.000624656677246
20250724_002653_471,-28,51,51,27.6,22.01692996419812,-80.98250350952148,-80.98250350952148,0.1007084846496582,0.1022520065307617,51,51.0,YOLO,1,32,0.0,22.01692996419812,0.0,[],0.1003608703613281,0.0507102012634277,0.0505042076110839,0.0003893375396728,0.0006427764892578
20250724_002654_145,-28,51,51,27.6,23.37267156080304,-79.93832473754883,-79.93832473754883,0.1022138595581054,0.1585955619812011,51,51.0,YOLO,1,32,0.0,23.37267156080304,0.0,[],0.1018261909484863,0.0505518913269043,0.0505225658416748,0.0567455291748046,0.0007681846618652
20250724_002653_938,-28,51,51,27.6,20.08766984847233,-83.1303482055664,-83.1303482055664,0.103616714477539,0.1020293235778808,51,51.0,YOLO,1,32,0.0,20.08766984847233,0.0,[],0.103290319442749,0.0504581928253173,0.0504577159881591,0.0004248619079589,0.0006816387176513
20250724_002653_676,-28,52,52,29.0,20.05011320291013,-83.1915054321289,-83.1915054321289,0.102381944656372,0.1583857536315918,52,52.0,YOLO,1,32,0.0,20.05011320291013,0.0,[],0.1020698547363281,0.0504753589630126,0.050473928451538,0.0567667484283447,0.0006635189056396
20250724_002654_408,-27,50,50,26.1,23.547457600366982,-79.64426651000977,-79.64426651000977,0.1014916896820068,0.1020793914794921,50,50.0,YOLO,1,32,0.0,23.547457600366982,0.0,[],0.1011645793914794,0.0505068302154541,0.0505299568176269,0.0003964900970458,0.0006396770477294
20250724_002654_614,-27,51,51,27.6,21.67805855778866,-81.5199966430664,-81.5199966430664,0.1027867794036865,0.1585376262664795,51,51.0,YOLO,1,32,0.0,21.67805855778866,0.0,[],0.1024200916290283,0.050600528717041,0.0504732131958007,0.0567443370819091,0.0007131099700927
20250724_002655_082,-27,51,51,27.6,21.964820247680933,-81.33308258056641,-81.33308258056641,0.1022229194641113,0.1584746837615966,51,51.0,YOLO,1,32,0.0,21.964820247680933,0.0,[],0.1018798351287841,0.0505456924438476,0.0504250526428222,0.0567667484283447,0.0007295608520507
20250724_002654_877,-27,51,51,27.6,21.7915711056276,-81.38685684204101,-81.38685684204101,0.1017072200775146,0.1021976470947265,51,51.0,YOLO,1,32,0.0,21.7915711056276,0.0,[],0.1013290882110595,0.0504913330078125,0.0505323410034179,0.0004336833953857,0.0007343292236328
20250724_002655_551,-26,50,50,26.1,21.175253349652223,-82.00229034423828,-82.00229034423828,0.0892031192779541,0.1584551334381103,50,50.0,YOLO,1,32,0.0,21.175253349652223,0.0,[],0.0889084339141845,0.0504999160766601,0.0505115985870361,0.0567681789398193,0.000669240951538
20250724_002656_007,-26,50,50,26.1,20.9572247726382,-82.24079513549805,-82.24079513549805,0.1075105667114257,0.1584205627441406,50,50.0,YOLO,1,32,0.0,20.9572247726382,0.0,[],0.1071882247924804,0.0504908561706543,0.0504868030548095,0.056781530380249,0.0006544589996337
20250724_002656_274,-26,50,50,26.1,21.214606451522087,-82.01328163146972,-82.01328163146972,0.1033687591552734,0.1020219326019287,50,50.0,YOLO,1,32,0.0,21.214606451522087,0.0,[],0.1030356884002685,0.0504601001739501,0.0504796504974365,0.0004458427429199,0.0006217956542968
20250724_002655_800,-26,50,50,26.1,21.083145214536287,-82.11352081298828,-82.11352081298828,0.1026599407196044,0.1019725799560546,50,50.0,YOLO,1,32,0.0,21.083145214536287,0.0,[],0.1023833751678466,0.050478458404541,0.0504431724548339,0.0003964900970458,0.0006492137908935
20250724_002656_742,-25,49,49,24.7,22.26080854105317,-80.85131454467773,-80.85131454467773,0.1015725135803222,0.1019618511199951,49,49.0,YOLO,1,32,0.0,22.26080854105317,0.0,[],0.101226806640625,0.0504703521728515,0.050459861755371,0.0003962516784667,0.0006299018859863
20250724_002657_209,-25,49,49,24.7,22.229475309127693,-80.92534980773925,-80.92534980773925,0.1033153533935546,0.1021883487701416,49,49.0,YOLO,1,32,0.0,22.229475309127693,0.0,[],0.1029915809631347,0.0505802631378173,0.0505156517028808,0.0003981590270996,0.0006883144378662
20250724_002656_481,-25,49,49,24.7,22.3717884939754,-80.67669677734375,-80.67669677734375,0.1013813018798828,0.1583549976348877,49,49.0,YOLO,1,32,0.0,22.3717884939754,0.0,[],0.1010553836822509,0.0504753589630126,0.0504822731018066,0.056725263595581,0.0006649494171142
20250724_002656_947,-25,49,49,24.7,22.19059182529245,-81.0285873413086,-81.0285873413086,0.1020114421844482,0.158304214477539,49,49.0,YOLO,1,32,0.0,22.19059182529245,0.0,[],0.101696491241455,0.0504262447357177,0.0504834651947021,0.0567164421081543,0.0006709098815917
20250724_002657_417,-24,49,49,24.7,20.702626411123205,-82.48899993896484,-82.48899993896484,0.104295015335083,0.1583678722381591,49,49.0,YOLO,1,32,0.0,20.702626411123205,0.0,[],0.1039948463439941,0.0504822731018066,0.0504882335662841,0.0567462444305419,0.0006449222564697
20250724_002658_148,-24,49,49,24.7,20.48126656798547,-82.6933578491211,-82.6933578491211,0.1035699844360351,0.1020739078521728,49,49.0,YOLO,1,32,0.0,20.48126656798547,0.0,[],0.1032183170318603,0.0505197048187255,0.0504887104034423,0.0004084110260009,0.0006508827209472
20250724_002657_681,-24,49,49,24.7,20.795793742473265,-82.49252548217774,-82.49252548217774,0.1025569438934326,0.1019783020019531,49,49.0,YOLO,1,32,0.0,20.795793742473265,0.0,[],0.1022231578826904,0.0504441261291503,0.0504705905914306,0.0003890991210937,0.000669240951538
20250724_002657_887,-24,49,49,24.7,20.545121321894783,-82.7400894165039,-82.7400894165039,0.1006815433502197,0.1583688259124755,49,49.0,YOLO,1,32,0.0,20.545121321894783,0.0,[],0.1003515720367431,0.0504636764526367,0.0505077838897705,0.056727647781372,0.0006630420684814
20250724_002659_070,-23,48,48,23.2,21.9121197640159,-81.23447303771972,-81.23447303771972,0.101802110671997,0.1020143032073974,48,48.0,YOLO,1,32,0.0,21.9121197640159,0.0,[],0.1014604568481445,0.0504727363586425,0.0504801273345947,0.0004029273986816,0.0006535053253173
20250724_002658_810,-23,48,48,23.2,21.88091153980534,-81.33690452575684,-81.33690452575684,0.0995852947235107,0.1584281921386718,48,48.0,YOLO,1,32,0.0,21.88091153980534,0.0,[],0.099233865737915,0.0505111217498779,0.0504813194274902,0.056751012802124,0.0006778240203857
20250724_002658_616,-23,48,48,23.2,21.97552061444948,-81.17479858398437,-81.17479858398437,0.0906722545623779,0.1019988059997558,48,48.0,YOLO,1,32,0.0,21.97552061444948,0.0,[],0.0903599262237548,0.0504553318023681,0.0504975318908691,0.0003974437713623,0.0006442070007324
20250724_002658_355,-23,48,48,23.2,22.04345286068004,-81.18067169189453,-81.18067169189453,0.1012918949127197,0.1583178043365478,48,48.0,YOLO,1,32,0.0,22.04345286068004,0.0,[],0.1009199619293212,0.05047607421875,0.0504839420318603,0.0566935539245605,0.000657320022583
20250724_002659_743,-22,47,47,21.8,20.586437984939508,-82.61324424743653,-82.61324424743653,0.0996210575103759,0.1583278179168701,47,47.0,YOLO,1,32,0.0,20.586437984939508,0.0,[],0.0992631912231445,0.0504565238952636,0.0504295825958251,0.0567765235900878,0.0006585121154785
20250724_002700_003,-22,47,47,21.8,20.423960106785145,-82.68607368469239,-82.68607368469239,0.1049504280090332,0.1020443439483642,47,47.0,YOLO,1,32,0.0,20.423960106785145,0.0,[],0.1046216487884521,0.0504779815673828,0.0504951477050781,0.0004041194915771,0.0006606578826904
20250724_002700_212,-22,47,47,21.8,20.23774970504755,-82.83813743591308,-82.83813743591308,0.1036839485168457,0.1585087776184082,47,47.0,YOLO,1,32,0.0,20.23774970504755,0.0,[],0.1032996177673339,0.0505316257476806,0.0505571365356445,0.0567359924316406,0.0006766319274902
20250724_002659_275,-22,48,48,23.2,22.318631539255364,-80.88114433288574,-80.88114433288574,0.1004462242126464,0.1586604118347168,48,48.0,YOLO,1,32,0.0,22.318631539255364,0.0,[],0.1001138687133789,0.050480842590332,0.0504631996154785,0.0567615032196044,0.0009474754333496
20250724_002700_475,-21,47,47,21.8,20.36726529925096,-82.84274291992188,-82.84274291992188,0.1000773906707763,0.1020052433013916,47,47.0,YOLO,1,32,0.0,20.36726529925096,0.0,[],0.0997335910797119,0.0504765510559082,0.0504791736602783,0.0003924369812011,0.0006513595581054
20250724_002701_143,-21,47,47,21.8,17.69813749346568,-85.37403945922851,-85.37403945922851,0.0988602638244628,0.1583826541900634,47,47.0,YOLO,1,32,0.0,17.69813749346568,0.0,[],0.0985281467437744,0.0505006313323974,0.0504474639892578,0.056772232055664,0.0006568431854248
20250724_002700_940,-21,47,47,21.8,18.003957496113657,-85.37474060058594,-85.37474060058594,0.0988698005676269,0.10239839553833,47,47.0,YOLO,1,32,0.0,18.003957496113657,0.0,[],0.0985445976257324,0.0504698753356933,0.0505099296569824,0.000413179397583,0.0009987354278564
20250724_002700_679,-21,47,47,21.8,18.205151505367937,-84.98129386901856,-84.98129386901856,0.1005589962005615,0.1584243774414062,47,47.0,YOLO,1,32,0.0,18.205151505367937,0.0,[],0.1002473831176757,0.050487995147705,0.0504913330078125,0.0567429065704345,0.0006935596466064
20250724_002702_060,-20,46,46,20.3,18.14137858234648,-84.89446487426758,-84.89446487426758,0.1025876998901367,0.1584188938140869,46,46.0,YOLO,1,32,0.0,18.14137858234648,0.0,[],0.1022706031799316,0.0504796504974365,0.0504662990570068,0.0567755699157714,0.0006911754608154
20250724_002701_597,-20,46,46,20.3,17.73968859362496,-85.32933807373047,-85.32933807373047,0.0981957912445068,0.1582865715026855,46,46.0,YOLO,1,32,0.0,17.73968859362496,0.0,[],0.0978667736053466,0.0504469871520996,0.0504567623138427,0.0567274093627929,0.0006492137908935
20250724_002701_402,-20,46,46,20.3,18.06366545905292,-85.15900421142578,-85.15900421142578,0.0906848907470703,0.1020278930664062,46,46.0,YOLO,1,32,0.0,18.06366545905292,0.0,[],0.0903494358062744,0.0504920482635498,0.0504896640777587,0.0004010200500488,0.0006399154663085
20250724_002701_855,-20,46,46,20.3,17.69480320389046,-85.41300544738769,-85.41300544738769,0.101855993270874,0.1021735668182373,46,46.0,YOLO,1,32,0.0,17.69480320389046,0.0,[],0.1014950275421142,0.0505857467651367,0.0505158901214599,0.0003993511199951,0.0006673336029052
20250724_002703_264,-19,45,45,18.9,20.57396401816196,-82.66599006652832,-82.66599006652832,0.1047635078430175,0.1020088195800781,45,45.0,YOLO,1,32,0.0,20.57396401816196,0.0,[],0.1044549942016601,0.0504875183105468,0.0504505634307861,0.0004048347473144,0.0006601810455322
20250724_002703_003,-19,45,45,18.9,20.555596084072008,-82.62673950195312,-82.62673950195312,0.1007270812988281,0.1583633422851562,45,45.0,YOLO,1,32,0.0,20.555596084072008,0.0,[],0.1003637313842773,0.0504841804504394,0.0504457950592041,0.0567469596862793,0.0006790161132812
20250724_002702_323,-19,46,46,20.3,18.33137637490171,-84.74811553955078,-84.74811553955078,0.1040112972259521,0.1020388603210449,46,46.0,YOLO,1,32,0.0,18.33137637490171,0.0,[],0.1036725044250488,0.0505063533782959,0.0504491329193115,0.000406265258789,0.0006711483001708
20250724_002702_531,-19,45,45,18.9,19.501107055645207,-83.7336654663086,-83.7336654663086,0.1023635864257812,0.1583755016326904,45,45.0,YOLO,1,32,0.0,19.501107055645207,0.0,[],0.1020493507385253,0.0504953861236572,0.0504860877990722,0.0567529201507568,0.0006341934204101
20250724_002703_472,-18,44,44,17.4,20.733456573669105,-82.5090103149414,-82.5090103149414,0.0986771583557128,0.1584088802337646,44,44.0,YOLO,1,32,0.0,20.733456573669105,0.0,[],0.098337173461914,0.0504541397094726,0.0504939556121826,0.056736946105957,0.0007174015045166
20250724_002703_940,-18,44,44,17.4,20.900798854589965,-82.27548179626464,-82.27548179626464,0.1044332981109619,0.1583189964294433,44,44.0,YOLO,1,32,0.0,20.900798854589965,0.0,[],0.1030762195587158,0.0504624843597412,0.0504553318023681,0.0567424297332763,0.00065279006958
20250724_002704_203,-18,44,44,17.4,21.11372904040566,-82.13369750976562,-82.13369750976562,0.1024994850158691,0.1019649505615234,44,44.0,YOLO,1,32,0.0,21.11372904040566,0.0,[],0.1021878719329834,0.0504693984985351,0.0504498481750488,0.0004022121429443,0.0006370544433593
20250724_002703_731,-18,44,44,17.4,20.626373099195533,-82.47763404846191,-82.47763404846191,0.1029801368713378,0.1025304794311523,44,44.0,YOLO,1,32,0.0,20.626373099195533,0.0,[],0.1026391983032226,0.0505425930023193,0.0505120754241943,0.0004980564117431,0.0009717941284179
20250724_002704_409,-17,44,44,17.4,18.922943342452623,-84.20060729980469,-84.20060729980469,0.1019465923309326,0.1585636138916015,44,44.0,YOLO,1,32,0.0,18.922943342452623,0.0,[],0.101651906967163,0.0505080223083496,0.0504894256591796,0.0567333698272705,0.0008256435394287
20250724_002704_883,-17,44,44,17.4,18.512285449201343,-84.65982551574707,-84.65982551574707,0.100928783416748,0.1583256721496582,44,44.0,YOLO,1,32,0.0,18.512285449201343,0.0,[],0.1006531715393066,0.0504448413848876,0.0504589080810546,0.0567421913146972,0.000673770904541
20250724_002705_144,-17,44,44,17.4,18.4701897152336,-84.77249145507812,-84.77249145507812,0.1006672382354736,0.1019692420959472,44,44.0,YOLO,1,32,0.0,18.4701897152336,0.0,[],0.1003289222717285,0.0504615306854248,0.0504796504974365,0.000399112701416,0.0006232261657714
20250724_002704_677,-17,44,44,17.4,18.83418517800787,-84.37834167480469,-84.37834167480469,0.1078288555145263,0.1021080017089843,44,44.0,YOLO,1,32,0.0,18.83418517800787,0.0,[],0.102344274520874,0.050530195236206,0.0504984855651855,0.0004050731658935,0.0006694793701171
20250724_002705_812,-16,43,43,16.0,19.5322640546553,-83.61207885742188,-83.61207885742188,0.1017613410949707,0.1584160327911377,43,43.0,YOLO,1,32,0.0,19.5322640546553,0.0,[],0.1014461517333984,0.0504510402679443,0.0504896640777587,0.0567507743835449,0.0007178783416748
20250724_002705_348,-16,44,44,17.4,15.98340137453104,-87.09198760986328,-87.09198760986328,0.0989871025085449,0.1583940982818603,44,44.0,YOLO,1,32,0.0,15.98340137453104,0.0,[],0.0986735820770263,0.0505075454711914,0.0504844188690185,0.0567188262939453,0.0006768703460693
20250724_002705_607,-16,43,43,16.0,15.55846078031894,-87.3975986480713,-87.3975986480713,0.1011185646057128,0.1019830703735351,43,43.0,YOLO,1,32,0.0,15.55846078031894,0.0,[],0.1008059978485107,0.0504584312438964,0.0504670143127441,0.0003929138183593,0.000659704208374
20250724_002706_074,-16,43,43,16.0,19.75419902541745,-83.41986618041992,-83.41986618041992,0.1070282459259033,0.1019902229309082,43,43.0,YOLO,1,32,0.0,19.75419902541745,0.0,[],0.1067492961883544,0.0504693984985351,0.0504534244537353,0.0003986358642578,0.0006639957427978
20250724_002706_284,-15,43,43,16.0,20.28436310245221,-82.91387176513672,-82.91387176513672,0.1023547649383544,0.158358097076416,43,43.0,YOLO,1,32,0.0,20.28436310245221,0.0,[],0.1020922660827636,0.0504508018493652,0.0504214763641357,0.0567774772644043,0.0007011890411376
20250724_002706_753,-15,42,42,14.5,20.780148165974424,-82.49270629882812,-82.49270629882812,0.1026535034179687,0.1587288379669189,42,42.0,YOLO,1,32,0.0,20.780148165974424,0.0,[],0.1023287773132324,0.0506448745727539,0.0506975650787353,0.0567255020141601,0.0006544589996337
20250724_002707_016,-15,42,42,14.5,20.80312030771421,-82.32233581542968,-82.32233581542968,0.1033735275268554,0.1019444465637207,42,42.0,YOLO,1,32,0.0,20.80312030771421,0.0,[],0.1030340194702148,0.0504627227783203,0.050452709197998,0.0003817081451416,0.0006413459777832
20250724_002707_223,-15,42,42,14.5,22.06279743171133,-81.17533111572266,-81.17533111572266,0.1020419597625732,0.1584134101867675,42,42.0,YOLO,1,32,0.0,22.06279743171133,0.0,[],0.1017255783081054,0.0505235195159912,0.0504786968231201,0.0567543506622314,0.000645637512207
20250724_002707_953,-14,42,42,14.5,17.903657452623264,-85.24572219848633,-85.24572219848633,0.1003201007843017,0.1020269393920898,42,42.0,YOLO,1,32,0.0,17.903657452623264,0.0,[],0.1000289916992187,0.0504462718963623,0.0504777431488037,0.0004055500030517,0.0006911754608154
20250724_002707_485,-14,42,42,14.5,21.785203111810844,-81.3119571685791,-81.3119571685791,0.1019935607910156,0.1019880771636962,42,42.0,YOLO,1,32,0.0,21.785203111810844,0.0,[],0.10164475440979,0.0504899024963378,0.0504486560821533,0.0003979206085205,0.0006465911865234
20250724_002708_157,-14,42,42,14.5,17.988220297949113,-84.95843048095703,-84.95843048095703,0.1043479442596435,0.1584174633026123,42,42.0,YOLO,1,32,0.0,17.988220297949113,0.0,[],0.1040155887603759,0.0504508018493652,0.0504958629608154,0.0567998886108398,0.0006647109985351
20250724_002707_690,-14,42,42,14.5,17.70049689464105,-85.5333194732666,-85.5333194732666,0.1027746200561523,0.1583447456359863,42,42.0,YOLO,1,32,0.0,17.70049689464105,0.0,[],0.1024701595306396,0.0504627227783203,0.0504834651947021,0.0567429065704345,0.0006484985351562
20250724_002708_422,-13,41,41,13.1,17.998417327266296,-85.15900421142578,-85.15900421142578,0.1014699935913086,0.1020054817199707,41,41.0,YOLO,1,32,0.0,17.998417327266296,0.0,[],0.1011607646942138,0.050471544265747,0.0504565238952636,0.000403881072998,0.0006680488586425
20250724_002708_627,-13,41,41,13.1,18.08259201040269,-85.05112762451172,-85.05112762451172,0.0923869609832763,0.1583631038665771,41,41.0,YOLO,1,32,0.0,18.08259201040269,0.0,[],0.0920255184173584,0.0505032539367675,0.0504639148712158,0.0567414760589599,0.0006477832794189
20250724_002708_879,-13,41,41,13.1,18.237719738650128,-84.9089454650879,-84.9089454650879,0.1034109592437744,0.1019151210784912,41,41.0,YOLO,1,32,0.0,18.237719738650128,0.0,[],0.1030733585357666,0.0504393577575683,0.0504312515258789,0.0003905296325683,0.0006489753723144
20250724_002709_086,-13,41,41,13.1,19.541924107129034,-83.61207885742188,-83.61207885742188,0.1018152236938476,0.158348798751831,41,41.0,YOLO,1,32,0.0,19.541924107129034,0.0,[],0.1014888286590576,0.0504679679870605,0.0504670143127441,0.0567529201507568,0.0006554126739501
20250724_002710_285,-12,40,40,11.6,21.34151585586359,-81.89454498291016,-81.89454498291016,0.1027472019195556,0.1020648479461669,40,40.0,YOLO,1,32,0.0,21.34151585586359,0.0,[],0.1023905277252197,0.0504758358001709,0.0504727363586425,0.0004053115844726,0.0007059574127197
20250724_002709_816,-12,40,40,11.6,21.69508694641433,-81.53736877441406,-81.53736877441406,0.1027886867523193,0.1020524501800537,40,40.0,YOLO,1,32,0.0,21.69508694641433,0.0,[],0.1025006771087646,0.0505094528198242,0.0504524707794189,0.0003969669342041,0.0006885528564453
20250724_002709_554,-12,40,40,11.6,21.6565141790996,-81.58551788330078,-81.58551788330078,0.1022803783416748,0.1583304405212402,40,40.0,YOLO,1,32,0.0,21.6565141790996,0.0,[],0.1019587516784668,0.0504910945892334,0.0504369735717773,0.0567219257354736,0.000673770904541
20250724_002709_348,-12,41,41,13.1,19.51068902397293,-83.62672424316406,-83.62672424316406,0.1020631790161132,0.101994514465332,41,41.0,YOLO,1,32,0.0,19.51068902397293,0.0,[],0.1017770767211914,0.0504622459411621,0.0504720211029052,0.0004112720489501,0.0006430149078369
20250724_002710_962,-11,39,39,10.2,23.06966711635458,-80.1563777923584,-80.1563777923584,0.0994353294372558,0.1583178043365478,39,39.0,YOLO,1,32,0.0,23.06966711635458,0.0,[],0.099095344543457,0.0504548549652099,0.0504560470581054,0.0567371845245361,0.0006623268127441
20250724_002710_753,-11,39,39,10.2,22.56761991567112,-80.6746753692627,-80.6746753692627,0.1061224937438964,0.1021461486816406,39,39.0,YOLO,1,32,0.0,22.56761991567112,0.0,[],0.1057238578796386,0.0505032539367675,0.050455093383789,0.0004141330718994,0.000767707824707
20250724_002711_222,-11,39,39,10.2,23.18832477864688,-80.12277297973633,-80.12277297973633,0.1027355194091796,0.1020162105560302,39,39.0,YOLO,1,32,0.0,23.18832477864688,0.0,[],0.1023938655853271,0.05047607421875,0.0504593849182128,0.0004007816314697,0.0006744861602783
20250724_002710_492,-11,39,39,10.2,22.41984121600261,-80.86148071289062,-80.86148071289062,0.1009109020233154,0.1583814620971679,39,39.0,YOLO,1,32,0.0,22.41984121600261,0.0,[],0.1005654335021972,0.0505332946777343,0.0504422187805175,0.0567262172698974,0.0006732940673828
20250724_002712_162,-10,39,39,10.2,20.491882266574223,-82.49424324035644,-82.49424324035644,0.1043386459350586,0.1022047996520996,39,39.0,YOLO,1,32,0.0,20.491882266574223,0.0,[],0.1039540767669677,0.0505568981170654,0.050513744354248,0.0004100799560546,0.0007185935974121
20250724_002711_692,-10,39,39,10.2,19.818080286051128,-83.19097518920898,-83.19097518920898,0.1048107147216796,0.1025168895721435,39,39.0,YOLO,1,32,0.0,19.818080286051128,0.0,[],0.104443073272705,0.0506231784820556,0.0506086349487304,0.0004401206970214,0.0008351802825927
20250724_002711_428,-10,39,39,10.2,20.21566843268912,-83.04317893981934,-83.04317893981934,0.1025311946868896,0.15889573097229,39,39.0,YOLO,1,32,0.0,20.21566843268912,0.0,[],0.1021773815155029,0.0505275726318359,0.0505266189575195,0.0567526817321777,0.0010797977447509
20250724_002711_901,-10,39,39,10.2,20.44539391423301,-82.7610076904297,-82.7610076904297,0.0998313426971435,0.158557653427124,39,39.0,YOLO,1,32,0.0,20.44539391423301,0.0,[],0.0994403362274169,0.0505499839782714,0.0505096912384033,0.0567572116851806,0.0007338523864746
20250724_002712_841,-9,38,38,8.7,20.80705971188472,-82.40606880187988,-82.40606880187988,0.0986182689666748,0.1584131717681884,38,38.0,YOLO,1,32,0.0,20.80705971188472,0.0,[],0.0983164310455322,0.0504984855651855,0.0504786968231201,0.0567779541015625,0.0006511211395263
20250724_002713_099,-9,38,38,8.7,20.631511184790043,-82.48728942871094,-82.48728942871094,0.1002149581909179,0.1019787788391113,38,38.0,YOLO,1,32,0.0,20.631511184790043,0.0,[],0.0999252796173095,0.0504744052886962,0.0504579544067382,0.0003988742828369,0.0006413459777832
20250724_002712_370,-9,38,38,8.7,21.163245585217226,-82.06597900390625,-82.06597900390625,0.1045939922332763,0.1584527492523193,38,38.0,YOLO,1,32,0.0,21.163245585217226,0.0,[],0.104238748550415,0.0504624843597412,0.0504703521728515,0.0567433834075927,0.0007693767547607
20250724_002712_635,-9,38,38,8.7,21.07608998510227,-82.11352081298828,-82.11352081298828,0.1025924682617187,0.1019318103790283,38,38.0,YOLO,1,32,0.0,21.07608998510227,0.0,[],0.1022326946258544,0.0504374504089355,0.0504519939422607,0.0004031658172607,0.0006330013275146
20250724_002713_563,-8,38,38,8.7,18.86405522617177,-84.35260162353515,-84.35260162353515,0.1031103134155273,0.1019537448883056,38,38.0,YOLO,1,32,0.0,18.86405522617177,0.0,[],0.1027591228485107,0.0504665374755859,0.0504624843597412,0.0003888607025146,0.0006294250488281
20250724_002713_770,-8,37,37,7.3,22.018928216127406,-81.24144096374512,-81.24144096374512,0.1025643348693847,0.1584217548370361,37,37.0,YOLO,1,32,0.0,22.018928216127406,0.0,[],0.1022591590881347,0.050485610961914,0.050462007522583,0.0567977428436279,0.0006690025329589
20250724_002713_303,-8,38,38,8.7,20.1801036249705,-82.99947700500488,-82.99947700500488,0.0997931957244873,0.1584343910217285,38,38.0,YOLO,1,32,0.0,20.1801036249705,0.0,[],0.0994317531585693,0.0504605770111084,0.0504713058471679,0.0567727088928222,0.0007238388061523
20250724_002714_241,-8,38,38,8.7,19.748912943998576,-83.32083129882812,-83.32083129882812,0.1015269756317138,0.1582803726196289,38,38.0,YOLO,1,32,0.0,19.748912943998576,0.0,[],0.1012005805969238,0.0504529476165771,0.0504679679870605,0.0567142963409423,0.0006380081176757
20250724_002714_706,-7,37,37,7.3,18.92405103755742,-84.15795135498047,-84.15795135498047,0.1017394065856933,0.1584255695343017,37,37.0,YOLO,1,32,0.0,18.92405103755742,0.0,[],0.1014103889465332,0.0505037307739257,0.0504217147827148,0.0567970275878906,0.0006954669952392
20250724_002715_173,-7,37,37,7.3,18.13888562843374,-85.1106773376465,-85.1106773376465,0.103553295135498,0.1583926677703857,37,37.0,YOLO,1,32,0.0,18.13888562843374,0.0,[],0.1032464504241943,0.0504670143127441,0.0504608154296875,0.056769847869873,0.0006880760192871
20250724_002714_967,-7,37,37,7.3,18.991266722421443,-84.22115898132324,-84.22115898132324,0.1018507480621337,0.1020119190216064,37,37.0,YOLO,1,32,0.0,18.991266722421443,0.0,[],0.1015119552612304,0.0504617691040039,0.050504446029663,0.0003974437713623,0.0006420612335205
20250724_002714_503,-7,37,37,7.3,18.60020259719132,-84.63665618896485,-84.63665618896485,0.0992004871368408,0.1019964218139648,37,37.0,YOLO,1,32,0.0,18.60020259719132,0.0,[],0.0988948345184326,0.0504698753356933,0.0504913330078125,0.0003859996795654,0.0006434917449951
20250724_002715_644,-6,36,36,5.8,21.43040980813477,-81.81291961669922,-81.81291961669922,0.1025390625,0.1583809852600097,36,36.0,YOLO,1,32,0.0,21.43040980813477,0.0,[],0.1022322177886962,0.0504348278045654,0.050478458404541,0.0567867755889892,0.0006740093231201
20250724_002715_906,-6,36,36,5.8,21.396497773895675,-81.80002861022949,-81.80002861022949,0.1027760505676269,0.1019847393035888,36,36.0,YOLO,1,32,0.0,21.396497773895675,0.0,[],0.1024656295776367,0.0504627227783203,0.050480842590332,0.0003993511199951,0.0006370544433593
20250724_002716_112,-6,36,36,5.8,21.68944305125464,-81.57709770202636,-81.57709770202636,0.1018240451812744,0.1583986282348632,36,36.0,YOLO,1,32,0.0,21.68944305125464,0.0,[],0.1014902591705322,0.0504789352416992,0.0504519939422607,0.0567836761474609,0.0006766319274902
20250724_002715_436,-6,36,36,5.8,18.13668644703029,-85.01121520996094,-85.01121520996094,0.1036503314971923,0.1019794940948486,36,36.0,YOLO,1,32,0.0,18.13668644703029,0.0,[],0.1033051013946533,0.0504622459411621,0.0504589080810546,0.000389814376831,0.0006639957427978
20250724_002716_845,-5,35,35,4.4,20.09185035158957,-83.11572265625,-83.11572265625,0.1044449806213378,0.1019864082336425,35,35.0,YOLO,1,32,0.0,20.09185035158957,0.0,[],0.1041297912597656,0.0504498481750488,0.0504670143127441,0.0003983974456787,0.0006670951843261
20250724_002716_583,-5,35,35,4.4,20.36281414707969,-82.96679496765137,-82.96679496765137,0.1025316715240478,0.1582705974578857,35,35.0,YOLO,1,32,0.0,20.36281414707969,0.0,[],0.1022300720214843,0.0504546165466308,0.0504148006439209,0.0567348003387451,0.000659704208374
20250724_002717_053,-5,36,36,5.8,19.221093160617087,-83.83099365234375,-83.83099365234375,0.1028592586517334,0.1583673954010009,36,36.0,YOLO,1,32,0.0,19.221093160617087,0.0,[],0.1025502681732177,0.0504660606384277,0.0504763126373291,0.0567555427551269,0.0006628036499023
20250724_002716_374,-5,36,36,5.8,21.68093700173688,-81.45679206848145,-81.45679206848145,0.105262279510498,0.1019585132598877,36,36.0,YOLO,1,32,0.0,21.68093700173688,0.0,[],0.1049344539642334,0.0504469871520996,0.0504763126373291,0.0003969669342041,0.0006327629089355
20250724_002717_976,-4,35,35,4.4,17.2523819771866,-85.86482238769531,-85.86482238769531,0.1011748313903808,0.1584064960479736,35,35.0,YOLO,1,32,0.0,17.2523819771866,0.0,[],0.1009137630462646,0.0504448413848876,0.0504884719848632,0.0567867755889892,0.0006804466247558
20250724_002717_522,-4,35,35,4.4,16.97530027467296,-85.92358207702637,-85.92358207702637,0.0886359214782714,0.1583654880523681,35,35.0,YOLO,1,32,0.0,16.97530027467296,0.0,[],0.0883517265319824,0.0504491329193115,0.050471544265747,0.0567460060119628,0.0006916522979736
20250724_002717_316,-4,36,36,5.8,19.365469878592464,-83.89007568359375,-83.89007568359375,0.1021091938018798,0.1020789146423339,36,36.0,YOLO,1,32,0.0,19.365469878592464,0.0,[],0.1017992496490478,0.0504522323608398,0.0505392551422119,0.0004019737243652,0.0006799697875976
20250724_002718_237,-4,34,34,2.9,17.57930852929786,-85.54662322998047,-85.54662322998047,0.1015486717224121,0.1020195484161377,34,34.0,YOLO,1,32,0.0,17.57930852929786,0.0,[],0.1012361049652099,0.0504674911499023,0.0504765510559082,0.0004005432128906,0.0006685256958007
20250724_002718_704,-3,34,34,2.9,19.317438170680347,-83.85579948425293,-83.85579948425293,0.1030013561248779,0.1020102500915527,34,34.0,YOLO,1,32,0.0,19.317438170680347,0.0,[],0.1026785373687744,0.0504746437072753,0.050464391708374,0.0003995895385742,0.0006663799285888
20250724_002718_442,-3,34,34,2.9,19.55752441973638,-83.63788604736328,-83.63788604736328,0.1016225814819336,0.1582944393157959,34,34.0,YOLO,1,32,0.0,19.55752441973638,0.0,[],0.1013126373291015,0.050455093383789,0.0504388809204101,0.0567245483398437,0.0006697177886962
20250724_002719_171,-3,34,34,2.9,17.98603906772533,-85.15900421142578,-85.15900421142578,0.101419448852539,0.1020510196685791,34,34.0,YOLO,1,32,0.0,17.98603906772533,0.0,[],0.1011135578155517,0.0505053997039794,0.0504493713378906,0.0004072189331054,0.0006828308105468
20250724_002718_910,-3,34,34,2.9,19.710875365068063,-83.45639038085938,-83.45639038085938,0.1003563404083252,0.1583144664764404,34,34.0,YOLO,1,32,0.0,19.710875365068063,0.0,[],0.1000492572784423,0.0504448413848876,0.0504486560821533,0.0567359924316406,0.0006778240203857
20250724_002720_107,-2,33,33,1.5,20.69389536351352,-82.50819511413575,-82.50819511413575,0.1002740859985351,0.1019959449768066,33,33.0,YOLO,1,32,0.0,20.69389536351352,0.0,[],0.0999372005462646,0.0504734516143798,0.0504474639892578,0.0003972053527832,0.0006732940673828
20250724_002719_638,-2,33,33,1.5,20.89194279234557,-82.4206356048584,-82.4206356048584,0.1040976047515869,0.1019563674926757,33,33.0,YOLO,1,32,0.0,20.89194279234557,0.0,[],0.1037838459014892,0.0504682064056396,0.0504612922668457,0.0003838539123535,0.0006368160247802
20250724_002719_376,-2,33,33,1.5,21.15275559876757,-82.1314525604248,-82.1314525604248,0.1023147106170654,0.1584045886993408,33,33.0,YOLO,1,32,0.0,21.15275559876757,0.0,[],0.1020500659942627,0.0504615306854248,0.0504829883575439,0.0568177700042724,0.0006365776062011
20250724_002719_846,-2,33,33,1.5,20.773123407583057,-82.42364959716797,-82.42364959716797,0.1017842292785644,0.1583118438720703,33,33.0,YOLO,1,32,0.0,20.773123407583057,0.0,[],0.1014602184295654,0.0504477024078369,0.0504541397094726,0.0567262172698974,0.0006771087646484
20250724_002721_040,-1,33,33,1.5,18.865261536710378,-84.17829856872558,-84.17829856872558,0.1002337932586669,0.1019845008850097,33,33.0,YOLO,1,32,0.0,18.865261536710378,0.0,[],0.099900484085083,0.050466775894165,0.0504767894744873,0.0003862380981445,0.0006501674652099
20250724_002720_311,-1,33,33,1.5,19.324827325310693,-83.74571228027344,-83.74571228027344,0.1008577346801757,0.1584198474884033,33,33.0,YOLO,1,32,0.0,19.324827325310693,0.0,[],0.1005287170410156,0.050490379333496,0.0504984855651855,0.0567460060119628,0.000678539276123
20250724_002720_572,-1,33,33,1.5,17.87856242982751,-85.01121520996094,-85.01121520996094,0.1041851043701171,0.1020045280456543,33,33.0,YOLO,1,32,0.0,17.87856242982751,0.0,[],0.1038644313812255,0.0504586696624755,0.0504679679870605,0.0004034042358398,0.0006682872772216
20250724_002720_780,-1,33,33,1.5,18.67764643873096,-84.60698699951172,-84.60698699951172,0.0996561050415039,0.1583824157714843,33,33.0,YOLO,1,32,0.0,18.67764643873096,0.0,[],0.099330186843872,0.0504822731018066,0.0504806041717529,0.056746482849121,0.0006666183471679
20250724_002722_183,0,32,32,0.0,19.75192451031528,-83.44253349304199,-83.44253349304199,0.1021924018859863,0.158430814743042,32,32.0,YOLO,1,32,0.0,19.75192451031528,0.0,[],0.1018550395965576,0.0504584312438964,0.0504953861236572,0.056781530380249,0.0006880760192871
20250724_002721_507,0,32,32,0.0,18.15318838642594,-84.93076095581054,-84.93076095581054,0.1013493537902832,0.1019783020019531,32,32.0,YOLO,1,32,0.0,18.15318838642594,0.0,[],0.1009905338287353,0.0504400730133056,0.0504660606384277,0.0003914833068847,0.0006754398345947
20250724_002721_244,0,33,33,1.5,19.65353362812224,-83.575146484375,-83.575146484375,0.1034934520721435,0.1583659648895263,33,33.0,YOLO,1,32,0.0,19.65353362812224,0.0,[],0.1031792163848877,0.0504968166351318,0.0504555702209472,0.0567414760589599,0.0006663799285888
20250724_002721_712,0,32,32,0.0,20.05418026072197,-83.08038330078125,-83.08038330078125,0.101550817489624,0.1587193012237548,32,32.0,YOLO,1,32,0.0,20.05418026072197,0.0,[],0.1012375354766845,0.0504965782165527,0.0505027770996093,0.0567429065704345,0.0009689331054687
20250724_002722_915,1,NO_RADIO,31,-1.5,20.116030744953008,-83.08245086669922,-83.08245086669922,0.1025946140289306,0.1020300388336181,31,,CenterFallback,1,32,0.0,,,[],0.1022882461547851,0.0504689216613769,0.0504522323608398,0.0003995895385742,0.0006637573242187
20250724_002722_445,1,31,31,-1.5,19.9648112178499,-83.14083862304688,-83.14083862304688,0.1062078475952148,0.1019654273986816,31,31.0,YOLO,1,32,0.0,19.9648112178499,0.0,[],0.1058635711669921,0.0504579544067382,0.050452709197998,0.0004012584686279,0.000648021697998
20250724_002722_655,1,31,31,-1.5,20.46216969169365,-82.92005577087403,-82.92005577087403,0.0998406410217285,0.1584362983703613,31,31.0,YOLO,1,32,0.0,20.46216969169365,0.0,[],0.0995259284973144,0.0504915714263916,0.0504767894744873,0.0567588806152343,0.0007021427154541
20250724_002723_121,1,31,31,-1.5,21.71646715818813,-81.43952026367188,-81.43952026367188,0.1018452644348144,0.1583766937255859,31,31.0,YOLO,1,32,0.0,21.71646715818813,0.0,[],0.101527452468872,0.0504457950592041,0.0504741668701171,0.0567388534545898,0.0007112026214599
20250724_002723_574,2,30,30,-2.9,21.806986517414742,-81.32748222351074,-81.32748222351074,0.0959079265594482,0.1583855152130127,30,30.0,YOLO,1,32,0.0,21.806986517414742,0.0,[],0.0955700874328613,0.0504555702209472,0.0504555702209472,0.0567705631256103,0.0006964206695556
20250724_002723_383,2,31,31,-1.5,21.585105340819013,-81.5966869354248,-81.5966869354248,0.0875661373138427,0.1019847393035888,31,31.0,YOLO,1,32,0.0,21.585105340819013,0.0,[],0.0872485637664794,0.0504631996154785,0.0504858493804931,0.0003993511199951,0.0006306171417236
20250724_002723_830,2,30,30,-2.9,21.90486640569601,-81.28914642333984,-81.28914642333984,0.0997591018676757,0.1020054817199707,30,30.0,YOLO,1,32,0.0,21.90486640569601,0.0,[],0.0994563102722168,0.0503969192504882,0.0504901409149169,0.0003833770751953,0.0007297992706298
20250724_002724_034,2,31,31,-1.5,16.742330298789753,-86.35967254638672,-86.35967254638672,0.1031196117401123,0.1584546566009521,31,31.0,YOLO,1,32,0.0,16.742330298789753,0.0,[],0.1027545928955078,0.0504848957061767,0.0505292415618896,0.0567653179168701,0.0006682872772216
20250724_002724_974,3,30,30,-2.9,19.6672075582076,-83.5518928527832,-83.5518928527832,0.1019418239593505,0.1583673954010009,30,30.0,YOLO,1,32,0.0,19.6672075582076,0.0,[],0.1016271114349365,0.0504817962646484,0.0504889488220214,0.0567324161529541,0.0006575584411621
20250724_002724_297,3,31,31,-1.5,16.747612055611555,-86.38507194519043,-86.38507194519043,0.1054794788360595,0.1019275188446044,31,31.0,YOLO,1,32,0.0,16.747612055611555,0.0,[],0.105140209197998,0.0504803657531738,0.0504074096679687,0.0003983974456787,0.0006361007690429
20250724_002724_506,3,30,30,-2.9,19.68560030163404,-83.54532623291016,-83.54532623291016,0.1031548976898193,0.1582896709442138,30,30.0,YOLO,1,32,0.0,19.68560030163404,0.0,[],0.1027803421020507,0.0504610538482666,0.0504519939422607,0.0566816329956054,0.0006873607635498
20250724_002724_769,3,30,30,-2.9,19.380818779616035,-83.70249938964844,-83.70249938964844,0.1017284393310546,0.1020195484161377,30,30.0,YOLO,1,32,0.0,19.380818779616035,0.0,[],0.1013755798339843,0.050492525100708,0.050473928451538,0.0003907680511474,0.0006563663482666
20250724_002725_703,4,29,29,-4.4,19.986815618801813,-83.28759727478027,-83.28759727478027,0.102189302444458,0.1020982265472412,29,29.0,YOLO,1,32,0.0,19.986815618801813,0.0,[],0.1018669605255127,0.0504817962646484,0.050459861755371,0.00040864944458,0.000741958618164
20250724_002726_166,4,29,29,-4.4,21.3404544413561,-82.00043182373047,-82.00043182373047,0.1039917469024658,0.1020534038543701,29,29.0,YOLO,1,32,0.0,21.3404544413561,0.0,[],0.1036627292633056,0.0504834651947021,0.050487995147705,0.0004036426544189,0.0006730556488037
20250724_002725_441,4,29,29,-4.4,19.63188960542796,-83.62637214660644,-83.62637214660644,0.1018033027648925,0.1583397388458252,29,29.0,YOLO,1,32,0.0,19.63188960542796,0.0,[],0.1014907360076904,0.0504512786865234,0.0504438877105712,0.0567386150360107,0.0006988048553466
20250724_002725_909,4,29,29,-4.4,21.38041421868856,-81.79995193481446,-81.79995193481446,0.0975770950317382,0.1583921909332275,29,29.0,YOLO,1,32,0.0,21.38041421868856,0.0,[],0.0972180366516113,0.0504910945892334,0.0504727363586425,0.0567212104797363,0.0007009506225585
20250724_002727_106,5,28,28,-5.8,21.51929503337408,-81.8939968109131,-81.8939968109131,0.1046071052551269,0.1019854545593261,28,28.0,YOLO,1,32,0.0,21.51929503337408,0.0,[],0.1042811870574951,0.0504755973815918,0.0504708290100097,0.0003962516784667,0.0006384849548339
20250724_002726_636,5,28,28,-5.8,18.34005929129316,-84.84819107055664,-84.84819107055664,0.1042621135711669,0.1020810604095459,28,28.0,YOLO,1,32,0.0,18.34005929129316,0.0,[],0.1039304733276367,0.0505011081695556,0.0504958629608154,0.0004003047943115,0.0006775856018066
20250724_002726_844,5,28,28,-5.8,21.38800669796701,-81.7692325592041,-81.7692325592041,0.1019065380096435,0.1583533287048339,28,28.0,YOLO,1,32,0.0,21.38800669796701,0.0,[],0.1015536785125732,0.0504391193389892,0.050478458404541,0.056751012802124,0.0006768703460693
20250724_002726_374,5,NO_RADIO,29,-4.4,18.67534190723117,-84.48857879638672,-84.48857879638672,0.1018695831298828,0.1583578586578369,29,,CenterFallback,1,32,0.0,,,[],0.1015386581420898,0.0504589080810546,0.0504376888275146,0.0567247867584228,0.0006866455078125
20250724_002727_574,6,28,28,-5.8,18.545822763220897,-84.68475341796875,-84.68475341796875,0.1019389629364013,0.1019601821899414,28,28.0,YOLO,1,32,0.0,18.545822763220897,0.0,[],0.1016333103179931,0.0504546165466308,0.0504562854766845,0.0003983974456787,0.0006449222564697
20250724_002728_042,6,28,28,-5.8,17.960434711315614,-85.32933807373047,-85.32933807373047,0.1023001670837402,0.1020441055297851,28,28.0,YOLO,1,32,0.0,17.960434711315614,0.0,[],0.1019878387451171,0.050473928451538,0.0504703521728515,0.0003981590270996,0.0006959438323974
20250724_002727_314,6,28,28,-5.8,19.270878668304817,-84.1018081665039,-84.1018081665039,0.0999431610107421,0.1583132743835449,28,28.0,YOLO,1,32,0.0,19.270878668304817,0.0,[],0.0996706485748291,0.0504581928253173,0.0504622459411621,0.0567438602447509,0.0006420612335205
20250724_002727_780,6,28,28,-5.8,17.866573918041553,-85.24674224853516,-85.24674224853516,0.1023581027984619,0.1583924293518066,28,28.0,YOLO,1,32,0.0,17.866573918041553,0.0,[],0.1020424365997314,0.0504634380340576,0.0504417419433593,0.0567803382873535,0.0007007122039794
20250724_002728_248,7,28,28,-5.8,18.073668041777665,-85.08612823486328,-85.08612823486328,0.1038780212402343,0.1583991050720214,28,28.0,YOLO,1,32,0.0,18.073668041777665,0.0,[],0.1035325527191162,0.0504837036132812,0.0504686832427978,0.0567729473114013,0.0006675720214843
20250724_002729_187,7,27,27,-7.3,20.01240928556784,-83.06272659301757,-83.06272659301757,0.1007943153381347,0.1586446762084961,27,27.0,YOLO,1,32,0.0,20.01240928556784,0.0,[],0.1004781723022461,0.0504512786865234,0.0504627227783203,0.0567781925201416,0.000943899154663
20250724_002728_982,7,27,27,-7.3,19.82003357324095,-83.29432907104493,-83.29432907104493,0.1016826629638671,0.1020741462707519,27,27.0,YOLO,1,32,0.0,19.82003357324095,0.0,[],0.1013352870941162,0.0504713058471679,0.0505075454711914,0.0004036426544189,0.0006864070892333
20250724_002728_720,7,27,27,-7.3,20.01366959356604,-83.11540946960449,-83.11540946960449,0.1024150848388671,0.158374547958374,27,27.0,YOLO,1,32,0.0,20.01366959356604,0.0,[],0.10207200050354,0.0504815578460693,0.05047607421875,0.0567495822906494,0.000659704208374
20250724_002729_649,8,27,27,-7.3,17.88062815014203,-85.16836853027344,-85.16836853027344,0.1035621166229248,0.1584956645965576,27,27.0,YOLO,1,32,0.0,17.88062815014203,0.0,[],0.1032488346099853,0.0505127906799316,0.0505390167236328,0.0567655563354492,0.0006709098815917
20250724_002729_449,8,NO_RADIO,27,-7.3,20.19784645972598,-83.00965194702148,-83.00965194702148,0.0965521335601806,0.1020808219909668,27,,CenterFallback,1,32,0.0,,,[],0.0961761474609375,0.0504682064056396,0.0504851341247558,0.0003986358642578,0.0006942749023437
20250724_002730_119,8,27,27,-7.3,17.359103661971247,-85.90013885498047,-85.90013885498047,0.1012825965881347,0.1585259437561035,27,27.0,YOLO,1,32,0.0,17.359103661971247,0.0,[],0.1008908748626709,0.050530195236206,0.0504956245422363,0.0567307472229003,0.0007622241973876
20250724_002729_913,8,26,26,-8.7,17.818473429893913,-85.35932235717773,-85.35932235717773,0.1020371913909912,0.1021533012390136,26,26.0,YOLO,1,32,0.0,17.818473429893913,0.0,[],0.1015429496765136,0.0505092144012451,0.0505290031433105,0.0004165172576904,0.00069260597229
20250724_002730_381,9,26,26,-8.7,17.502021432486984,-85.66886138916016,-85.66886138916016,0.1034832000732421,0.1021530628204345,26,26.0,YOLO,1,32,0.0,17.502021432486984,0.0,[],0.1031301021575927,0.0505666732788085,0.0505084991455078,0.0004243850708007,0.0006465911865234
20250724_002730_588,9,25,25,-10.2,22.39769426078462,-80.87596817016602,-80.87596817016602,0.1011302471160888,0.1586287021636963,25,25.0,YOLO,1,32,0.0,22.39769426078462,0.0,[],0.1007213592529296,0.0504970550537109,0.0504441261291503,0.0567080974578857,0.0009706020355224
20250724_002731_055,9,25,25,-10.2,22.655270192446338,-80.49814987182617,-80.49814987182617,0.0984506607055664,0.1603918075561523,25,25.0,YOLO,1,32,0.0,22.655270192446338,0.0,[],0.0980987548828125,0.0511965751647949,0.0513687133789062,0.0567691326141357,0.001049518585205
20250724_002730_850,9,25,25,-10.2,22.25155103482234,-80.84728317260742,-80.84728317260742,0.101417064666748,0.1020741462707519,25,25.0,YOLO,1,32,0.0,22.25155103482234,0.0,[],0.101032018661499,0.0505261421203613,0.0504746437072753,0.0004103183746337,0.0006558895111083
20250724_002732_257,10,25,25,-10.2,21.29688648605837,-82.0404899597168,-82.0404899597168,0.1019392013549804,0.1020863056182861,25,25.0,YOLO,1,32,0.0,21.29688648605837,0.0,[],0.1016314029693603,0.0505087375640869,0.0504794120788574,0.0004253387451171,0.0006661415100097
20250724_002731_788,10,25,25,-10.2,19.97290808270428,-83.24900703430175,-83.24900703430175,0.1044306755065918,0.1019656658172607,25,25.0,YOLO,1,32,0.0,19.97290808270428,0.0,[],0.1041400432586669,0.0504474639892578,0.0504765510559082,0.0003998279571533,0.0006361007690429
20250724_002731_316,10,25,25,-10.2,22.931102544319344,-80.35500679016113,-80.35500679016113,0.1055452823638916,0.1021568775177002,25,25.0,YOLO,1,32,0.0,22.931102544319344,0.0,[],0.1051857471466064,0.0505688190460205,0.0505149364471435,0.0003998279571533,0.0006678104400634
20250724_002731_996,10,25,25,-10.2,21.09166805222179,-82.03324851989747,-82.03324851989747,0.1011154651641845,0.1582822799682617,25,25.0,YOLO,1,32,0.0,21.09166805222179,0.0,[],0.1008005142211914,0.0504193305969238,0.0504677295684814,0.0567259788513183,0.0006630420684814
20250724_002732_725,11,NO_RADIO,25,-10.2,17.49897090312247,-85.70831184387207,-85.70831184387207,0.1021173000335693,0.1027319431304931,25,,CenterFallback,1,32,0.0,,,[],0.1017365455627441,0.0506625175476074,0.0509157180786132,0.0004084110260009,0.0007059574127197
20250724_002732_463,11,NO_RADIO,25,-10.2,17.48246529536324,-85.6645450592041,-85.6645450592041,0.1010098457336425,0.1587872505187988,25,,CenterFallback,1,32,0.0,,,[],0.1006832122802734,0.0505101680755615,0.05043625831604,0.0567603111267089,0.0010082721710205
20250724_002733_193,11,24,24,-11.6,20.21889924780622,-82.8630802154541,-82.8630802154541,0.1019577980041503,0.102053165435791,24,24.0,YOLO,1,32,0.0,20.21889924780622,0.0,[],0.1016294956207275,0.0504815578460693,0.0504748821258544,0.0004036426544189,0.0006866455078125
20250724_002732_932,11,24,24,-11.6,20.056911058100624,-83.07966003417968,-83.07966003417968,0.101597785949707,0.1583962440490722,24,24.0,YOLO,1,32,0.0,20.056911058100624,0.0,[],0.101264476776123,0.0504415035247802,0.0505037307739257,0.0567438602447509,0.0007007122039794
20250724_002733_870,12,24,24,-11.6,17.988955212083653,-85.08563575744628,-85.08563575744628,0.103215217590332,0.1583154201507568,24,24.0,YOLO,1,32,0.0,17.988955212083653,0.0,[],0.1028757095336914,0.0504639148712158,0.0504395961761474,0.05674409866333,0.0006611347198486
20250724_002733_662,12,24,24,-11.6,18.08430994064389,-85.07627868652344,-85.07627868652344,0.1042079925537109,0.102027416229248,24,24.0,YOLO,1,32,0.0,18.08430994064389,0.0,[],0.1039023399353027,0.0504822731018066,0.050438642501831,0.0004067420959472,0.0006937980651855
20250724_002733_399,12,24,24,-11.6,18.22060752963208,-84.90594482421875,-84.90594482421875,0.1028242111206054,0.1583888530731201,24,24.0,YOLO,1,32,0.0,18.22060752963208,0.0,[],0.1025388240814209,0.0504672527313232,0.0504775047302246,0.0567615032196044,0.0006768703460693
20250724_002734_133,12,NO_RADIO,24,-11.6,17.882886684950734,-85.19473190307617,-85.19473190307617,0.1012623310089111,0.1019864082336425,24,,CenterFallback,1,32,0.0,,,[],0.100914716720581,0.050447940826416,0.0504591464996337,0.0004079341888427,0.0006320476531982
20250724_002734_795,13,23,23,-13.1,19.301816159012617,-83.74547119140625,-83.74547119140625,0.1029243469238281,0.1583838462829589,23,23.0,YOLO,1,32,0.0,19.301816159012617,0.0,[],0.102649450302124,0.0504910945892334,0.0504553318023681,0.0567502975463867,0.000680923461914
20250724_002734_338,13,24,24,-11.6,16.661896780370313,-86.45070190429688,-86.45070190429688,0.0962204933166503,0.1584360599517822,24,24.0,YOLO,1,32,0.0,16.661896780370313,0.0,[],0.095902681350708,0.0504894256591796,0.0504827499389648,0.0567822456359863,0.0006752014160156
20250724_002734_594,13,23,23,-13.1,16.0992504248548,-87.00246849060059,-87.00246849060059,0.09739351272583,0.1019880771636962,23,23.0,YOLO,1,32,0.0,16.0992504248548,0.0,[],0.0970699787139892,0.0504772663116455,0.0504665374755859,0.0003976821899414,0.0006401538848876
20250724_002735_058,13,23,23,-13.1,19.38512035553444,-83.90995330810547,-83.90995330810547,0.1049926280975341,0.1020772457122802,23,23.0,YOLO,1,32,0.0,19.38512035553444,0.0,[],0.1046869754791259,0.0505332946777343,0.0504577159881591,0.0004174709320068,0.0006632804870605
20250724_002735_529,14,22,22,-14.5,17.12090807718883,-86.04129028320312,-86.04129028320312,0.1045966148376464,0.1019721031188964,22,22.0,YOLO,1,32,0.0,17.12090807718883,0.0,[],0.1042737960815429,0.0504615306854248,0.0504467487335205,0.0004167556762695,0.0006415843963623
20250724_002735_267,14,23,23,-13.1,19.875489177234883,-83.35355491638184,-83.35355491638184,0.102285623550415,0.1583244800567627,23,23.0,YOLO,1,32,0.0,19.875489177234883,0.0,[],0.1019427776336669,0.0505037307739257,0.0504405498504638,0.0567152500152587,0.0006580352783203
20250724_002735_999,14,22,22,-14.5,20.47006940758465,-82.6717300415039,-82.6717300415039,0.1005225181579589,0.1019530296325683,22,22.0,YOLO,1,32,0.0,20.47006940758465,0.0,[],0.1001796722412109,0.050433874130249,0.0504488945007324,0.0003995895385742,0.0006651878356933
20250724_002735_737,14,22,22,-14.5,20.38818868388689,-82.70957946777344,-82.70957946777344,0.1019179821014404,0.1583647727966308,22,22.0,YOLO,1,32,0.0,20.38818868388689,0.0,[],0.1015913486480712,0.0504755973815918,0.0504400730133056,0.0567562580108642,0.0006847381591796
20250724_002736_931,15,21,21,-16.0,21.620217366505884,-81.68870315551757,-81.68870315551757,0.0998756885528564,0.1019845008850097,21,21.0,YOLO,1,32,0.0,21.620217366505884,0.0,[],0.0994443893432617,0.050466775894165,0.0504508018493652,0.0004072189331054,0.0006542205810546
20250724_002736_672,15,21,21,-16.0,22.06214096616532,-81.23934631347656,-81.23934631347656,0.0988125801086425,0.1586811542510986,21,21.0,YOLO,1,32,0.0,22.06214096616532,0.0,[],0.0984673500061035,0.0504498481750488,0.0504355430603027,0.0567874908447265,0.0010004043579101
20250724_002736_465,15,21,21,-16.0,21.17570235900413,-82.03495025634766,-82.03495025634766,0.1028153896331787,0.1020174026489257,21,21.0,YOLO,1,32,0.0,21.17570235900413,0.0,[],0.1024649143218994,0.0504834651947021,0.0504529476165771,0.0004253387451171,0.000650405883789
20250724_002737_135,15,22,22,-14.5,19.41465950582203,-83.83837890625,-83.83837890625,0.0992093086242675,0.1582787036895752,22,22.0,YOLO,1,32,0.0,19.41465950582203,0.0,[],0.0988538265228271,0.050466775894165,0.0504052639007568,0.0567219257354736,0.000678539276123
20250724_002737_602,16,21,21,-16.0,20.601532035420604,-82.6248779296875,-82.6248779296875,0.1005916595458984,0.158398151397705,21,21.0,YOLO,1,32,0.0,20.601532035420604,0.0,[],0.1002886295318603,0.050445556640625,0.0504987239837646,0.0567548274993896,0.0006918907165527
20250724_002737_394,16,21,21,-16.0,19.356201114148,-83.80156707763672,-83.80156707763672,0.1043505668640136,0.1019210815429687,21,21.0,YOLO,1,32,0.0,19.356201114148,0.0,[],0.1040785312652587,0.0504355430603027,0.050466775894165,0.0003986358642578,0.0006146430969238
20250724_002738_070,16,21,21,-16.0,20.97284377745231,-82.28262138366699,-82.28262138366699,0.100454568862915,0.1583831310272216,21,21.0,YOLO,1,32,0.0,20.97284377745231,0.0,[],0.1001434326171875,0.0504491329193115,0.050473928451538,0.0567388534545898,0.0007145404815673
20250724_002737_863,16,21,21,-16.0,20.577652300740823,-82.62673950195312,-82.62673950195312,0.1036746501922607,0.101987600326538,21,21.0,YOLO,1,32,0.0,20.577652300740823,0.0,[],0.1033318042755127,0.0504758358001709,0.0504734516143798,0.0003917217254638,0.0006415843963623
20250724_002738_800,17,20,20,-17.4,21.00217150695859,-82.27513847351074,-82.27513847351074,0.103323221206665,0.1019794940948486,20,20.0,YOLO,1,32,0.0,21.00217150695859,0.0,[],0.1029872894287109,0.0504577159881591,0.0504717826843261,0.0003986358642578,0.000645637512207
20250724_002738_331,17,21,21,-16.0,20.89696600172172,-82.25617370605468,-82.25617370605468,0.103379487991333,0.1019916534423828,21,21.0,YOLO,1,32,0.0,20.89696600172172,0.0,[],0.103057861328125,0.0504822731018066,0.0504302978515625,0.0003995895385742,0.0006735324859619
20250724_002739_269,17,20,20,-17.4,21.091974952291167,-82.06540603637696,-82.06540603637696,0.1001796722412109,0.1020689010620117,20,20.0,YOLO,1,32,0.0,21.091974952291167,0.0,[],0.0998916625976562,0.0505285263061523,0.0504746437072753,0.0004005432128906,0.0006589889526367
20250724_002738_537,17,20,20,-17.4,20.873392091646338,-82.31027488708496,-82.31027488708496,0.1028265953063964,0.1584112644195556,20,20.0,YOLO,1,32,0.0,20.873392091646338,0.0,[],0.1024754047393798,0.0504531860351562,0.0504534244537353,0.0568084716796875,0.0006887912750244
20250724_002740_199,18,NO_RADIO,19,-18.9,23.013341083631303,-80.22389221191406,-80.22389221191406,0.1004576683044433,0.1020913124084472,19,,CenterFallback,1,32,0.0,,,[],0.1001393795013427,0.0504839420318603,0.0504822731018066,0.0004103183746337,0.0006773471832275
20250724_002739_937,18,NO_RADIO,19,-18.9,22.899833369534576,-80.3610897064209,-80.3610897064209,0.101597785949707,0.1584188938140869,19,,CenterFallback,1,32,0.0,,,[],0.1012604236602783,0.050478458404541,0.0504605770111084,0.0567388534545898,0.0006887912750244
20250724_002739_473,18,19,19,-18.9,21.437173111415547,-81.78825378417969,-81.78825378417969,0.0997927188873291,0.1582944393157959,19,19.0,YOLO,1,32,0.0,21.437173111415547,0.0,[],0.099494457244873,0.0504596233367919,0.0504364967346191,0.056732177734375,0.000659704208374
20250724_002739_733,18,19,19,-18.9,21.919215258408485,-81.36413688659668,-81.36413688659668,0.100839614868164,0.1020178794860839,19,19.0,YOLO,1,32,0.0,21.919215258408485,0.0,[],0.1005334854125976,0.0504615306854248,0.0504548549652099,0.0003969669342041,0.0006985664367675
20250724_002740_403,19,19,19,-18.9,19.991562921080643,-83.28759727478027,-83.28759727478027,0.1042394638061523,0.1584465503692627,19,19.0,YOLO,1,32,0.0,19.991562921080643,0.0,[],0.1039173603057861,0.0504765510559082,0.0504767894744873,0.056795597076416,0.0006899833679199
20250724_002740_875,19,19,19,-18.9,20.3869617660755,-82.7561092376709,-82.7561092376709,0.1022174358367919,0.1583395004272461,19,19.0,YOLO,1,32,0.0,20.3869617660755,0.0,[],0.101865530014038,0.0504417419433593,0.0505139827728271,0.0567131042480468,0.000664472579956
20250724_002741_137,19,19,19,-18.9,20.60197434615479,-82.56417694091797,-82.56417694091797,0.1041405200958252,0.1019637584686279,19,19.0,YOLO,1,32,0.0,20.60197434615479,0.0,[],0.1038033962249755,0.0504181385040283,0.0505106449127197,0.0004055500030517,0.0006239414215087
20250724_002740_667,19,19,19,-18.9,19.624878016630475,-83.45639038085938,-83.45639038085938,0.1036374568939209,0.1021404266357421,19,19.0,YOLO,1,32,0.0,19.624878016630475,0.0,[],0.1033241748809814,0.0505127906799316,0.0505480766296386,0.0003941059112548,0.0006794929504394
20250724_002742_064,20,18,18,-20.3,21.72181010652801,-81.58149108886718,-81.58149108886718,0.1019618511199951,0.1019413471221923,18,18.0,YOLO,1,32,0.0,21.72181010652801,0.0,[],0.1015999317169189,0.0504601001739501,0.0504488945007324,0.0003843307495117,0.0006427764892578
20250724_002741_345,20,18,18,-20.3,22.166479043454245,-81.17940330505371,-81.17940330505371,0.1060016155242919,0.1583533287048339,18,18.0,YOLO,1,32,0.0,22.166479043454245,0.0,[],0.1056964397430419,0.0504767894744873,0.0504417419433593,0.0567483901977539,0.0006783008575439
20250724_002741_611,20,18,18,-20.3,21.83274019449442,-81.47770729064942,-81.47770729064942,0.0906662940979003,0.1020355224609375,18,18.0,YOLO,1,32,0.0,21.83274019449442,0.0,[],0.0902872085571289,0.0505018234252929,0.0504860877990722,0.0004050731658935,0.0006372928619384
20250724_002741_805,20,18,18,-20.3,21.303443427169256,-81.83889808654786,-81.83889808654786,0.0995304584503173,0.1582813262939453,18,18.0,YOLO,1,32,0.0,21.303443427169256,0.0,[],0.0991928577423095,0.0504543781280517,0.0504555702209472,0.0567209720611572,0.0006425380706787
20250724_002743_203,21,17,17,-21.8,22.11621163288636,-81.11172103881836,-81.11172103881836,0.1030566692352294,0.1583726406097412,17,17.0,YOLO,1,32,0.0,22.11621163288636,0.0,[],0.1027188301086425,0.0504689216613769,0.0504820346832275,0.0567500591278076,0.0006654262542724
20250724_002742_531,21,17,17,-21.8,21.099389703518145,-82.06540603637696,-82.06540603637696,0.1023519039154052,0.1019027233123779,17,17.0,YOLO,1,32,0.0,21.099389703518145,0.0,[],0.1020162105560302,0.0504279136657714,0.0504400730133056,0.0004000663757324,0.000629186630249
20250724_002742_737,21,17,17,-21.8,22.03567539177665,-81.24035949707032,-81.24035949707032,0.0992536544799804,0.1583442687988281,17,17.0,YOLO,1,32,0.0,22.03567539177665,0.0,[],0.0989301204681396,0.0504894256591796,0.0504436492919921,0.0567333698272705,0.0006718635559082
20250724_002742_270,21,18,18,-20.3,22.067303332979733,-81.13817596435547,-81.13817596435547,0.1009275913238525,0.1584446430206298,18,18.0,YOLO,1,32,0.0,22.067303332979733,0.0,[],0.1005866527557373,0.0504987239837646,0.0504586696624755,0.0567183494567871,0.0007622241973876
20250724_002743_672,22,17,17,-21.8,19.27480673838386,-83.99394989013672,-83.99394989013672,0.1006300449371337,0.1583561897277832,17,17.0,YOLO,1,32,0.0,19.27480673838386,0.0,[],0.1003015041351318,0.0504708290100097,0.050478458404541,0.0567328929901123,0.0006678104400634
20250724_002743_933,22,16,16,-23.2,19.443741147066845,-83.74547119140625,-83.74547119140625,0.1010274887084961,0.1020421981811523,16,16.0,YOLO,1,32,0.0,19.443741147066845,0.0,[],0.1007134914398193,0.0504591464996337,0.0504989624023437,0.0004088878631591,0.0006694793701171
20250724_002744_138,22,17,17,-21.8,20.00792172391137,-83.02484893798828,-83.02484893798828,0.1025190353393554,0.1587989330291748,17,17.0,YOLO,1,32,0.0,20.00792172391137,0.0,[],0.1021962165832519,0.05047607421875,0.0505049228668212,0.0567693710327148,0.0010406970977783
20250724_002743_466,22,17,17,-21.8,22.057825401549977,-81.19231643676758,-81.19231643676758,0.1027028560638427,0.1020517349243164,17,17.0,YOLO,1,32,0.0,22.057825401549977,0.0,[],0.102313756942749,0.0504345893859863,0.0504963397979736,0.0004119873046875,0.0007033348083496
20250724_002745_073,23,16,16,-23.2,21.485699972467344,-81.69659957885742,-81.69659957885742,0.1037602424621582,0.1583294868469238,16,16.0,YOLO,1,32,0.0,21.485699972467344,0.0,[],0.1034049987792968,0.0504658222198486,0.0504298210144043,0.0567629337310791,0.0006639957427978
20250724_002744_401,23,16,16,-23.2,20.13059159152685,-83.16567726135254,-83.16567726135254,0.1023776531219482,0.1020190715789794,16,16.0,YOLO,1,32,0.0,20.13059159152685,0.0,[],0.1020185947418212,0.050513744354248,0.0504467487335205,0.0003993511199951,0.0006539821624755
20250724_002744_607,23,16,16,-23.2,19.325892038533425,-83.95794830322265,-83.95794830322265,0.1010518074035644,0.158384084701538,16,16.0,YOLO,1,32,0.0,19.325892038533425,0.0,[],0.1007347106933593,0.0504388809204101,0.0504438877105712,0.0568141937255859,0.0006783008575439
20250724_002744_868,23,16,16,-23.2,19.557933362011056,-83.63788604736328,-83.63788604736328,0.101539134979248,0.1019675731658935,16,16.0,YOLO,1,32,0.0,19.557933362011056,0.0,[],0.1012341976165771,0.0504913330078125,0.0504515171051025,0.000394582748413,0.0006251335144042
20250724_002745_545,24,15,15,-24.7,21.349272094848345,-81.83858757019043,-81.83858757019043,0.1019480228424072,0.1583113670349121,15,15.0,YOLO,1,32,0.0,21.349272094848345,0.0,[],0.1016573905944824,0.0504353046417236,0.0504677295684814,0.0567348003387451,0.0006678104400634
20250724_002745_807,24,15,15,-24.7,21.40071684815041,-81.83120193481446,-81.83120193481446,0.1021206378936767,0.1019504070281982,15,15.0,YOLO,1,32,0.0,21.40071684815041,0.0,[],0.1017653942108154,0.0504653453826904,0.0504281520843505,0.0003974437713623,0.0006535053253173
20250724_002746_273,24,15,15,-24.7,22.65923045657283,-80.53353385925293,-80.53353385925293,0.1018311977386474,0.1020705699920654,15,15.0,YOLO,1,32,0.0,22.65923045657283,0.0,[],0.1014795303344726,0.0504834651947021,0.0504848957061767,0.0004031658172607,0.0006930828094482
20250724_002745_337,24,16,16,-23.2,21.47785138119036,-81.77129364013672,-81.77129364013672,0.1042795181274414,0.1019239425659179,16,16.0,YOLO,1,32,0.0,21.47785138119036,0.0,[],0.1039657592773437,0.0504243373870849,0.0504498481750488,0.0003981590270996,0.0006468296051025
20250724_002746_479,25,14,14,-26.1,22.92371841762965,-80.29055938720703,-80.29055938720703,0.10103440284729,0.1583402156829834,14,14.0,YOLO,1,32,0.0,22.92371841762965,0.0,[],0.100696325302124,0.0504510402679443,0.0504875183105468,0.0567271709442138,0.0006675720214843
20250724_002747_207,25,14,14,-26.1,23.504211631475545,-79.74224853515625,-79.74224853515625,0.1027824878692627,0.1019339561462402,14,14.0,YOLO,1,32,0.0,23.504211631475545,0.0,[],0.1024484634399414,0.0504510402679443,0.0504307746887207,0.0004022121429443,0.0006449222564697
20250724_002746_740,25,14,14,-26.1,23.157296352042053,-80.11900329589844,-80.11900329589844,0.1031820774078369,0.1020958423614502,14,14.0,YOLO,1,32,0.0,23.157296352042053,0.0,[],0.1028530597686767,0.0504875183105468,0.0504674911499023,0.0004191398620605,0.000716209411621
20250724_002746_947,25,14,14,-26.1,23.517510012186,-79.76148986816406,-79.76148986816406,0.1003735065460205,0.1583683490753173,14,14.0,YOLO,1,32,0.0,23.517510012186,0.0,[],0.1000182628631591,0.0504472255706787,0.0504655838012695,0.0567641258239746,0.0006844997406005
20250724_002748_140,26,14,14,-26.1,20.663658344722062,-82.48728942871094,-82.48728942871094,0.0990827083587646,0.1019952297210693,14,14.0,YOLO,1,32,0.0,20.663658344722062,0.0,[],0.0987343788146972,0.0504798889160156,0.0504581928253173,0.0003783702850341,0.0006728172302246
20250724_002747_673,26,13,13,-27.6,20.47871348524393,-82.60442352294922,-82.60442352294922,0.1026282310485839,0.1019732952117919,13,13.0,YOLO,1,32,0.0,20.47871348524393,0.0,[],0.1023046970367431,0.050478458404541,0.0504763126373291,0.0003774166107177,0.0006351470947265
20250724_002747_413,26,14,14,-26.1,20.76782634757241,-82.55379524230958,-82.55379524230958,0.1001033782958984,0.1583313941955566,14,14.0,YOLO,1,32,0.0,20.76782634757241,0.0,[],0.0997571945190429,0.0504448413848876,0.0504741668701171,0.0567479133605957,0.0006577968597412
20250724_002747_880,26,14,14,-26.1,20.61671405415686,-82.43495903015136,-82.43495903015136,0.1007533073425293,0.158358097076416,14,14.0,YOLO,1,32,0.0,20.61671405415686,0.0,[],0.1004414558410644,0.0504522323608398,0.0504553318023681,0.0567889213562011,0.0006546974182128
20250724_002748_603,27,13,13,-27.6,21.04509438971415,-82.0647533416748,-82.0647533416748,0.101433515548706,0.1019902229309082,13,13.0,YOLO,1,32,0.0,21.04509438971415,0.0,[],0.1011135578155517,0.0504524707794189,0.0504608154296875,0.0003986358642578,0.0006723403930664
20250724_002748_808,27,13,13,-27.6,21.09442363816683,-82.1453628540039,-82.1453628540039,0.1031408309936523,0.1583433151245117,13,13.0,YOLO,1,32,0.0,21.09442363816683,0.0,[],0.1028110980987548,0.0504870414733886,0.0504765510559082,0.0566968917846679,0.000676155090332
20250724_002749_071,27,13,13,-27.6,21.209807787753604,-82.04146575927734,-82.04146575927734,0.1020889282226562,0.1019515991210937,13,13.0,YOLO,1,32,0.0,21.209807787753604,0.0,[],0.1017436981201171,0.0504281520843505,0.0504703521728515,0.0003981590270996,0.0006494522094726
20250724_002748_343,27,13,13,-27.6,21.23232916473177,-81.93768539428712,-81.93768539428712,0.1002542972564697,0.1583187580108642,13,13.0,YOLO,1,32,0.0,21.23232916473177,0.0,[],0.099921703338623,0.0504078865051269,0.0504398345947265,0.0567665100097656,0.0006995201110839
20250724_002750_212,28,NO_RADIO,13,-27.6,20.10080317660143,-83.16483650207519,-83.16483650207519,0.1006102561950683,0.158466100692749,13,,CenterFallback,1,32,0.0,,,[],0.1002516746520996,0.0505151748657226,0.0504765510559082,0.0567288398742675,0.0006911754608154
20250724_002749_277,28,13,13,-27.6,20.37244892385488,-82.91267967224121,-82.91267967224121,0.1014926433563232,0.158329963684082,13,13.0,YOLO,1,32,0.0,20.37244892385488,0.0,[],0.1011626720428466,0.0504653453826904,0.050447940826416,0.0567240715026855,0.0006849765777587
20250724_002749_741,28,13,13,-27.6,19.5991780203704,-83.61266326904297,-83.61266326904297,0.1027688980102539,0.1585185527801513,13,13.0,YOLO,1,32,0.0,19.5991780203704,0.0,[],0.1024484634399414,0.0504446029663085,0.0505032539367675,0.0567779541015625,0.0007824897766113
20250724_002750_004,28,13,13,-27.6,20.06486938831688,-83.12589225769044,-83.12589225769044,0.103489875793457,0.1022770404815673,13,13.0,YOLO,1,32,0.0,20.06486938831688,0.0,[],0.1031193733215332,0.0505096912384033,0.0504519939422607,0.00046968460083,0.0008397102355957
20250724_002750_938,29,11,11,-30.5,23.15007690461684,-80.08880500793457,-80.08880500793457,0.1047625541687011,0.1019289493560791,11,11.0,YOLO,1,32,0.0,23.15007690461684,0.0,[],0.1044189929962158,0.0504627227783203,0.050403356552124,0.0003969669342041,0.0006599426269531
20250724_002751_146,29,11,11,-30.5,23.47632902602133,-79.84244689941406,-79.84244689941406,0.1027383804321289,0.1583502292633056,11,11.0,YOLO,1,32,0.0,23.47632902602133,0.0,[],0.1024019718170166,0.0504519939422607,0.050478458404541,0.0567767620086669,0.0006380081176757
20250724_002750_473,29,11,11,-30.5,19.66371612046824,-83.56321907043457,-83.56321907043457,0.1000733375549316,0.1020014286041259,11,11.0,YOLO,1,32,0.0,19.66371612046824,0.0,[],0.0997536182403564,0.0504608154296875,0.0504810810089111,0.000403881072998,0.0006482601165771
20250724_002750_676,29,11,11,-30.5,22.697305863647983,-80.58274917602539,-80.58274917602539,0.1018352508544921,0.1584072113037109,11,11.0,YOLO,1,32,0.0,22.697305863647983,0.0,[],0.1015312671661377,0.050502061843872,0.0504713058471679,0.0567586421966552,0.0006682872772216
20250724_002751_878,30,11,11,-30.5,20.70752505116372,-82.52146339416504,-82.52146339416504,0.105198860168457,0.1020278930664062,11,11.0,YOLO,1,32,0.0,20.70752505116372,0.0,[],0.104708194732666,0.0504744052886962,0.0504136085510253,0.0003936290740966,0.0007405281066894
20250724_002752_087,30,11,11,-30.5,21.15690663016332,-82.12771224975586,-82.12771224975586,0.1028704643249511,0.1583611965179443,11,11.0,YOLO,1,32,0.0,21.15690663016332,0.0,[],0.1025390625,0.0504868030548095,0.0504906177520751,0.0567131042480468,0.000664472579956
20250724_002751_614,30,11,11,-30.5,20.583261926203747,-82.776611328125,-82.776611328125,0.1030414104461669,0.1585676670074463,11,11.0,YOLO,1,32,0.0,20.583261926203747,0.0,[],0.1027512550354003,0.0504448413848876,0.0504167079925537,0.0567374229431152,0.0009613037109375
20250724_002751_409,30,11,11,-30.5,23.58480858931138,-79.64821510314941,-79.64821510314941,0.1013259887695312,0.1019501686096191,11,11.0,YOLO,1,32,0.0,23.58480858931138,0.0,[],0.101039171218872,0.0504567623138427,0.0504627227783203,0.0003929138183593,0.0006332397460937
20250724_002752_817,31,10,10,-31.9,22.574802873309338,-80.74501113891601,-80.74501113891601,0.1029052734375,0.1021680831909179,10,10.0,YOLO,1,32,0.0,22.574802873309338,0.0,[],0.1026039123535156,0.0505309104919433,0.0504863262176513,0.000399112701416,0.0007455348968505
20250724_002752_350,31,10,10,-31.9,21.08429657016579,-82.27513847351074,-82.27513847351074,0.1025214195251464,0.1020758152008056,10,10.0,YOLO,1,32,0.0,21.08429657016579,0.0,[],0.1021742820739746,0.0505383014678955,0.0504698753356933,0.0003890991210937,0.0006711483001708
20250724_002753_285,31,11,11,-30.5,22.13487258605059,-81.07327423095703,-81.07327423095703,0.1020808219909668,0.102025032043457,11,11.0,YOLO,1,32,0.0,22.13487258605059,0.0,[],0.1017646789550781,0.0504565238952636,0.050445556640625,0.0004026889801025,0.0007135868072509
20250724_002753_024,31,10,10,-31.9,21.89380662996652,-81.3001937866211,-81.3001937866211,0.1008687019348144,0.1582882404327392,10,10.0,YOLO,1,32,0.0,21.89380662996652,0.0,[],0.1005692481994628,0.0504486560821533,0.0504195690155029,0.0567398071289062,0.0006747245788574
20250724_002754_220,32,10,10,-31.9,21.681513871379465,-81.49110870361328,-81.49110870361328,0.1014206409454345,0.102130651473999,10,10.0,YOLO,1,32,0.0,21.681513871379465,0.0,[],0.1010665893554687,0.0505502223968505,0.0504992008209228,0.0003998279571533,0.0006756782531738
20250724_002753_490,32,9,9,-33.4,23.60142343215085,-79.68949699401855,-79.68949699401855,0.1022732257843017,0.1583011150360107,9,9.0,YOLO,1,32,0.0,23.60142343215085,0.0,[],0.1019740104675293,0.0504317283630371,0.0504202842712402,0.0567297935485839,0.0007126331329345
20250724_002753_957,32,10,10,-31.9,21.708938940835708,-81.48515663146972,-81.48515663146972,0.1026077270507812,0.1583864688873291,10,10.0,YOLO,1,32,0.0,21.708938940835708,0.0,[],0.1023025512695312,0.0504422187805175,0.0504953861236572,0.0567684173583984,0.0006725788116455
20250724_002753_753,32,9,9,-33.4,23.562924605860857,-79.61723823547364,-79.61723823547364,0.1012434959411621,0.1020338535308837,9,9.0,YOLO,1,32,0.0,23.562924605860857,0.0,[],0.1008882522583007,0.0504844188690185,0.0505144596099853,0.0003917217254638,0.0006375312805175
20250724_002754_881,33,9,9,-33.4,22.45626751645426,-80.73420715332031,-80.73420715332031,0.1030170917510986,0.1589353084564209,9,9.0,YOLO,1,32,0.0,22.45626751645426,0.0,[],0.1018643379211425,0.0505025386810302,0.0506999492645263,0.0567328929901123,0.0009913444519042
20250724_002754_674,33,9,9,-33.4,22.17356433306809,-81.02149696350098,-81.02149696350098,0.1016457080841064,0.1023781299591064,9,9.0,YOLO,1,32,0.0,22.17356433306809,0.0,[],0.1012933254241943,0.0505096912384033,0.0505247116088867,0.0004115104675292,0.0009255409240722
20250724_002755_145,33,9,9,-33.4,22.6493568908074,-80.68115997314453,-80.68115997314453,0.102593183517456,0.1019415855407714,9,9.0,YOLO,1,32,0.0,22.6493568908074,0.0,[],0.102243423461914,0.050441026687622,0.0504422187805175,0.0004045963287353,0.0006473064422607
20250724_002754_425,33,9,9,-33.4,22.028995056381547,-81.19834899902344,-81.19834899902344,0.0884234905242919,0.1586086750030517,9,9.0,YOLO,1,32,0.0,22.028995056381547,0.0,[],0.0881071090698242,0.050525426864624,0.0505592823028564,0.056777000427246,0.0007398128509521
20250724_002755_614,34,8,8,-34.8,21.160197188185062,-82.09360313415527,-82.09360313415527,0.0999712944030761,0.1020302772521972,8,8.0,YOLO,1,32,0.0,21.160197188185062,0.0,[],0.0996582508087158,0.0504558086395263,0.0504477024078369,0.00040864944458,0.0007119178771972
20250724_002756_078,34,8,8,-34.8,22.375352691498065,-80.98365020751953,-80.98365020751953,0.1025140285491943,0.1019787788391113,8,8.0,YOLO,1,32,0.0,22.375352691498065,0.0,[],0.1021666526794433,0.0504364967346191,0.0504589080810546,0.0004160404205322,0.0006611347198486
20250724_002755_818,34,8,8,-34.8,22.26906210029088,-81.02149696350098,-81.02149696350098,0.1008381843566894,0.1583268642425537,8,8.0,YOLO,1,32,0.0,22.26906210029088,0.0,[],0.1005117893218994,0.0504610538482666,0.0504724979400634,0.0567145347595214,0.0006721019744873
20250724_002755_351,34,8,8,-34.8,21.43223714875893,-81.8206558227539,-81.8206558227539,0.1030807495117187,0.1584124565124511,8,8.0,YOLO,1,32,0.0,21.43223714875893,0.0,[],0.1027648448944091,0.0504076480865478,0.0504975318908691,0.0568079948425293,0.0006933212280273
20250724_002756_751,35,7,7,-36.3,23.729799746038765,-79.46225852966309,-79.46225852966309,0.1016192436218261,0.1583874225616455,7,7.0,YOLO,1,32,0.0,23.729799746038765,0.0,[],0.1012716293334961,0.050483226776123,0.0504686832427978,0.0567286014556884,0.0007007122039794
20250724_002756_285,35,8,8,-34.8,21.8728168530275,-81.44086875915528,-81.44086875915528,0.1014883518218994,0.1583871841430664,8,8.0,YOLO,1,32,0.0,21.8728168530275,0.0,[],0.1011621952056884,0.0504868030548095,0.0504469871520996,0.0567617416381835,0.0006849765777587
20250724_002757_013,35,8,8,-34.8,23.80757570866997,-79.4409351348877,-79.4409351348877,0.1016123294830322,0.1020269393920898,8,8.0,YOLO,1,32,0.0,23.80757570866997,0.0,[],0.1012783050537109,0.0504465103149414,0.0505120754241943,0.0003986358642578,0.0006637573242187
20250724_002757_218,35,8,8,-34.8,20.384473689786688,-82.90084228515624,-82.90084228515624,0.1028296947479248,0.1583764553070068,8,8.0,YOLO,1,32,0.0,20.384473689786688,0.0,[],0.1025073528289794,0.0504670143127441,0.0504689216613769,0.0567460060119628,0.0006875991821289
20250724_002757_683,36,7,7,-36.3,22.57651896506508,-80.49723854064942,-80.49723854064942,0.1023595333099365,0.1583905220031738,7,7.0,YOLO,1,32,0.0,22.57651896506508,0.0,[],0.1020543575286865,0.0504992008209228,0.0504701137542724,0.0567450523376464,0.0006704330444335
20250724_002757_945,36,7,7,-36.3,22.54313403510062,-80.78058166503907,-80.78058166503907,0.1039607524871826,0.1020619869232177,7,7.0,YOLO,1,32,0.0,22.54313403510062,0.0,[],0.1036443710327148,0.0504872798919677,0.05049729347229,0.0004003047943115,0.0006711483001708
20250724_002758_153,36,7,7,-36.3,22.33676867987947,-80.9471435546875,-80.9471435546875,0.0964443683624267,0.1583576202392578,7,7.0,YOLO,1,32,0.0,22.33676867987947,0.0,[],0.0960798263549804,0.0505080223083496,0.0504570007324218,0.0567312240600585,0.0006535053253173
20250724_002757_481,36,7,7,-36.3,19.414426791277634,-83.79180145263672,-83.79180145263672,0.0982956886291503,0.1020455360412597,7,7.0,YOLO,1,32,0.0,19.414426791277634,0.0,[],0.0980029106140136,0.0504853725433349,0.0504641532897949,0.0004055500030517,0.0006847381591796
20250724_002758_409,37,6,6,-37.7,22.01890124882173,-81.29916572570801,-81.29916572570801,0.0997641086578369,0.1019384860992431,6,6.0,YOLO,1,32,0.0,22.01890124882173,0.0,[],0.0994322299957275,0.050450325012207,0.050452709197998,0.0003938674926757,0.0006361007690429
20250724_002759_081,37,6,6,-37.7,22.93298276757949,-80.34182815551758,-80.34182815551758,0.1009666919708252,0.1583194732666015,6,6.0,YOLO,1,32,0.0,22.93298276757949,0.0,[],0.1006207466125488,0.0504601001739501,0.0504508018493652,0.0567338466644287,0.0006678104400634
20250724_002758_612,37,6,6,-37.7,22.951719318126763,-80.27214431762695,-80.27214431762695,0.1028411388397216,0.1583011150360107,6,6.0,YOLO,1,32,0.0,22.951719318126763,0.0,[],0.1025443077087402,0.0504496097564697,0.0504381656646728,0.0567286014556884,0.0006787776947021
20250724_002758_875,37,6,6,-37.7,22.87176361885706,-80.31600189208984,-80.31600189208984,0.1020948886871337,0.1019556522369384,6,6.0,YOLO,1,32,0.0,22.87176361885706,0.0,[],0.1017825603485107,0.0504469871520996,0.050445556640625,0.0004043579101562,0.0006532669067382
20250724_002759_342,38,5,5,-39.2,22.86542824217679,-80.44540710449219,-80.44540710449219,0.1025612354278564,0.1019318103790283,5,5.0,YOLO,1,32,0.0,22.86542824217679,0.0,[],0.1022431850433349,0.0504422187805175,0.0504252910614013,0.0003941059112548,0.0006651878356933
20250724_002759_809,38,5,5,-39.2,22.48887596629441,-80.69022712707519,-80.69022712707519,0.1016533374786377,0.1020758152008056,5,5.0,YOLO,1,32,0.0,22.48887596629441,0.0,[],0.101280927658081,0.0504937171936035,0.0504994392395019,0.0004217624664306,0.0006542205810546
20250724_002759_548,38,5,5,-39.2,22.36406921420873,-80.8010482788086,-80.8010482788086,0.1003198623657226,0.158811330795288,5,5.0,YOLO,1,32,0.0,22.36406921420873,0.0,[],0.0999772548675537,0.0505118370056152,0.0504846572875976,0.0568203926086425,0.0009856224060058
20250724_002800_014,38,5,5,-39.2,22.761567330079657,-80.45286560058594,-80.45286560058594,0.1020829677581787,0.1583867073059082,5,5.0,YOLO,1,32,0.0,22.761567330079657,0.0,[],0.101747989654541,0.0504846572875976,0.0504393577575683,0.0567753314971923,0.0006811618804931
20250724_002800_483,39,5,5,-39.2,20.785757103468285,-82.42382698059082,-82.42382698059082,0.0994269847869873,0.1584322452545166,5,5.0,YOLO,1,32,0.0,20.785757103468285,0.0,[],0.0991113185882568,0.0505099296569824,0.0504968166351318,0.0567419528961181,0.0006766319274902
20250724_002801_210,39,5,5,-39.2,20.986820568559565,-82.16007347106934,-82.16007347106934,0.1007757186889648,0.1021246910095214,5,5.0,YOLO,1,32,0.0,20.986820568559565,0.0,[],0.1004254817962646,0.05049729347229,0.0505149364471435,0.0004057884216308,0.0006999969482421
20250724_002800_949,39,5,5,-39.2,20.975674906300185,-82.23380584716797,-82.23380584716797,0.1006999015808105,0.1583654880523681,5,5.0,YOLO,1,32,0.0,20.975674906300185,0.0,[],0.1003551483154296,0.0504631996154785,0.0504565238952636,0.0567719936370849,0.000666856765747
20250724_002800_743,39,5,5,-39.2,20.892030818048298,-82.41014671325684,-82.41014671325684,0.1024718284606933,0.1020634174346923,5,5.0,YOLO,1,32,0.0,20.892030818048298,0.0,[],0.1021311283111572,0.0504775047302246,0.0504941940307617,0.0004031658172607,0.0006823539733886
20250724_002801_415,40,4,4,-40.6,20.969741264196543,-82.34945793151856,-82.34945793151856,0.1012032032012939,0.1583929061889648,4,4.0,YOLO,1,32,0.0,20.969741264196543,0.0,[],0.1008307933807373,0.050471544265747,0.0504868030548095,0.0567271709442138,0.0006999969482421
20250724_002801_676,40,4,4,-40.6,20.945319073738887,-82.27582550048828,-82.27582550048828,0.1016533374786377,0.1021125316619873,4,4.0,YOLO,1,32,0.0,20.945319073738887,0.0,[],0.1013174057006836,0.0504984855651855,0.0504984855651855,0.0004186630249023,0.0006911754608154
20250724_002802_143,40,4,4,-40.6,21.3274341645657,-81.87677764892578,-81.87677764892578,0.1030275821685791,0.1021122932434082,4,4.0,YOLO,1,32,0.0,21.3274341645657,0.0,[],0.1026926040649414,0.0504887104034423,0.0504934787750244,0.0004153251647949,0.0007083415985107
20250724_002801_881,40,4,4,-40.6,21.357863903693755,-81.78617553710937,-81.78617553710937,0.1013965606689453,0.1584362983703613,4,4.0,YOLO,1,32,0.0,21.357863903693755,0.0,[],0.1010386943817138,0.0504851341247558,0.050490379333496,0.056774616241455,0.0006794929504394
