Boresight,snr_thresh_db,Rx Beam Index (YOLO Predicted),Initial SNR (dB),Offset Error
-63,11.16,54,7.13993788915289,6.0
-60,11.16,53,8.017072600604465,8.0
-58,11.16,1,6.908646427044715,61.0
-58,11.16,1,7.584530857060699,61.0
-58,11.16,1,7.502966057557444,61.0
-58,11.16,53,11.288015516734802,0.0
-58,11.16,53,7.622406071139352,45.0
-57,11.16,1,7.620442876042347,16.0
-56,11.16,53,7.1127461799001,40.0
-56,11.16,50,6.866891933650322,40.0
-56,11.16,49,6.714522223376406,40.0
-56,11.16,49,15.008431237694085,0.0
-55,11.16,49,6.711983950814812,36.0
-55,11.16,49,6.8691840927435805,33.0
-55,11.16,49,7.067569697401552,31.0
-55,11.16,49,6.866511064767394,28.0
-55,11.16,49,6.866224211147568,30.0
-55,11.16,49,6.866659382552712,29.0
-55,11.16,49,6.866052370129481,30.0
-55,11.16,49,6.864777398901808,29.0
-55,11.16,49,7.109621533577496,28.0
-55,11.16,49,7.109197816221723,27.0
-55,11.16,49,6.880791759621488,30.0
-54,11.16,49,6.859231044718044,29.0
-54,11.16,49,6.859005925829138,29.0
-52,11.16,1,7.0573705412709415,30.0
-51,11.16,48,6.829404011214848,29.0
-51,11.16,47,19.559579159885715,0.0
-49,11.16,1,6.6714580193304585,30.0
-49,11.16,47,13.199309442560349,0.0
-47,11.16,1,7.059572900424072,33.0
-47,11.16,1,16.623095555171247,0.0
-47,11.16,47,7.037225256411006,21.0
-47,11.16,47,7.492279302901167,20.0
-45,11.16,1,7.490292334272581,34.0
-45,11.16,47,12.220121012442547,0.0
-45,11.16,47,7.019873805801694,16.0
-45,11.16,46,7.476834743908682,15.0
-45,11.16,46,20.750174544515914,0.0
-45,11.16,45,9.577556809437011,13.0
-45,11.16,45,9.63690371443603,15.0
-44,11.16,44,8.005677276064574,13.0
-44,11.16,44,8.442442080272016,14.0
-44,11.16,43,7.340701925518132,14.0
-44,11.16,43,6.966991233346903,13.0
-44,11.16,44,8.152199286585315,11.0
-44,11.16,42,8.541151720587905,12.0
-44,11.16,42,14.291111596024493,0.0
-44,11.16,42,7.469664938255946,2.0
-44,11.16,42,13.944879252185544,0.0
-43,11.16,42,7.631294779736891,2.0
-43,11.16,42,11.754113371470352,0.0
-43,11.16,42,7.829114350672995,5.0
-43,11.16,42,11.93970273970372,0.0
-42,11.16,42,7.82567036007336,7.0
-42,11.16,42,14.371492048001713,0.0
-41,11.16,42,8.410827181569829,8.0
-41,11.16,42,11.543649445851171,0.0
-41,11.16,42,9.053226346671096,8.0
-41,11.16,42,11.676580252418432,0.0
-40,11.16,42,9.057636236526164,6.0
-40,11.16,42,11.282279733677612,0.0
-39,11.16,42,9.591858358527944,6.0
-39,11.16,41,6.735228266976648,6.0
-38,11.16,40,6.934305303003427,6.0
-37,11.16,40,6.9323889290176055,6.0
-37,11.16,38,7.43219459800406,8.0
-36,11.16,38,6.971482075283859,7.0
-35,11.16,37,6.921016752078515,6.0
-34,11.16,37,6.740932478826537,5.0
-34,11.16,36,7.338545868171892,6.0
-32,11.16,1,6.718889556156938,39.0
-31,11.16,1,6.71586762871236,35.0
-30,11.16,36,6.920552502177671,12.0
-30,11.16,36,21.26660901657168,0.0
-28,11.16,1,6.71907919822857,31.0
-28,11.16,32,7.954753261376823,14.0
-28,11.16,32,20.41737830031101,0.0
-28,11.16,32,7.422235044112469,14.0
-28,11.16,32,20.63773684335891,0.0
-28,11.16,32,6.9639692159717015,15.0
-28,11.16,32,7.289405739239555,16.0
-27,11.16,32,6.7159897848438845,13.0
-27,11.16,32,6.715769405491315,11.0
-27,11.16,32,6.716072141355937,11.0
-27,11.16,32,6.716048131114974,12.0
-27,11.16,31,8.1027581323726,2.0
-27,11.16,31,12.846605591151274,0.0
-26,11.16,31,7.588212552010688,3.0
-26,11.16,31,15.407465063903246,0.0
-26,11.16,31,8.09723948147112,8.0
-26,11.16,31,7.9569111741335234,4.0
-26,11.16,31,12.381164050848284,0.0
-26,11.16,31,8.243286504284171,3.0
-25,11.16,31,11.301029050117108,0.0
-25,11.16,30,7.276824897587488,6.0
-25,11.16,30,11.28255200634652,0.0
-24,11.16,30,7.449901477393894,7.0
-24,11.16,30,11.096885049713464,8.0
-23,11.16,30,7.656518639845871,6.0
-23,11.16,30,11.293333266343067,0.0
-22,11.16,29,8.54019593239444,7.0
-22,11.16,29,7.576743572024711,7.0
-22,11.16,29,12.711281087333816,0.0
-21,11.16,29,7.786247522534396,6.0
-21,11.16,29,14.081855684161155,0.0
-21,11.16,29,8.259829605312817,5.0
-20,11.16,29,11.049866065981774,5.0
-20,11.16,29,8.467766492785103,4.0
-20,11.16,28,11.268662804374898,0.0
-19,11.16,28,7.564980273660808,6.0
-19,11.16,28,6.9337778000731305,5.0
-19,11.16,28,12.508249490103267,0.0
-18,11.16,27,6.931953367500753,7.0
-18,11.16,27,16.159528026732403,0.0
-17,11.16,27,6.928378040228807,7.0
-17,11.16,26,17.867232106516695,0.0
-17,11.16,26,7.251665522207759,7.0
-17,11.16,26,12.39373226799276,0.0
-16,11.16,25,7.2508488144944465,7.0
-16,11.16,25,11.807488824112212,0.0
-15,11.16,25,7.426181179146113,7.0
-15,11.16,25,15.285620853771618,0.0
-15,11.16,25,8.246013401443832,6.0
-15,11.16,25,11.20256826945574,0.0
-14,11.16,25,8.209953850196882,6.0
-14,11.16,24,14.20259933801094,0.0
-14,11.16,24,7.248893639595309,7.0
-13,11.16,23,6.674254370847962,8.0
-12,11.16,22,6.674284905984237,7.0
-11,11.16,21,7.378752601981859,7.0
-11,11.16,22,6.672652149666462,6.0
-10,11.16,22,7.3776852112503235,5.0
-10,11.16,21,13.773114863864492,0.0
-9,11.16,20,7.290326317738419,6.0
-9,11.16,20,7.546839860038375,5.0
-8,11.16,19,8.020166686993534,5.0
-7,11.16,63,6.460151337958337,-24.0
-7,11.16,63,13.620257911191873,0.0
-6,11.16,63,6.668598601159005,-24.0
-5,11.16,63,8.018396784225686,-25.0
-5,11.16,18,12.8872907649434,0.0
-4,11.16,18,6.666972160933341,13.0
-3,11.16,17,6.865736324123816,13.0
-2,11.16,17,6.667592186357453,12.0
-1,11.16,17,7.239482562971872,9.0
0,11.16,16,6.66686502111007,9.0
1,11.16,16,6.865899523806334,8.0
1,11.16,15,8.016316689398963,7.0
2,11.16,15,8.053739854882267,6.0
2,11.16,15,7.744807857440449,3.0
2,11.16,14,7.622346221919543,1.0
3,11.16,14,8.951306130313753,0.0
3,11.16,14,13.266585357768292,0.0
4,11.16,63,6.661325661916237,-31.0
5,11.16,63,6.505309725514266,-31.0
6,11.16,12,8.050009807362898,10.0
6,11.16,12,8.01251550976653,10.0
7,11.16,12,7.740047631817703,9.0
7,11.16,12,12.484073553883462,0.0
8,11.16,12,7.896069580767801,9.0
8,11.16,12,14.763069554409768,0.0
9,11.16,12,8.007885366974477,8.0
9,11.16,12,12.636966440639997,0.0
9,11.16,12,7.7349898253990546,7.0
9,11.16,1,11.509918529185684,0.0
10,11.16,1,7.6129180414749555,11.0
10,11.16,11,12.479032035956196,0.0
10,11.16,11,6.854174359069006,2.0
11,11.16,9,6.8587125187592335,4.0
11,11.16,9,7.359773888578744,3.0
11,11.16,9,12.012790595269308,0.0
12,11.16,9,7.612012947617927,4.0
12,11.16,9,7.401731931911968,4.0
13,11.16,9,7.357944756165352,3.0
13,11.16,8,12.980166667401264,0.0
13,11.16,8,6.651689937562793,3.0
13,11.16,8,11.031211151057178,5.0
14,11.16,8,6.652562531655462,4.0
14,11.16,8,14.180282801069538,0.0
14,11.16,7,6.652232004383265,5.0
14,11.16,8,14.66611080200073,0.0
15,11.16,8,6.65263853039869,3.0
15,11.16,7,13.029979170092377,0.0
15,11.16,7,7.401619543694878,4.0
15,11.16,7,11.845477057060409,0.0
16,11.16,7,7.6113396749505,4.0
16,11.16,7,15.081931889168317,0.0
16,11.16,7,8.003319140066111,4.0
16,11.16,7,15.029672546523445,0.0
16,11.16,7,8.221468924452097,4.0
17,11.16,6,15.95459572630824,0.0
17,11.16,6,6.851239778435655,5.0
17,11.16,6,12.011028882820456,0.0
17,11.16,6,7.224801726159043,4.0
18,11.16,6,12.010604933026684,0.0
18,11.16,6,7.400209330087605,3.0
18,11.16,6,13.420161131415057,0.0
18,11.16,6,7.609308642884258,3.0
19,11.16,5,7.886383655364185,4.0
19,11.16,5,6.898104598243975,4.0
19,11.16,5,14.813922312509618,0.0
20,11.16,5,7.525490237170985,3.0
20,11.16,5,15.427945792327035,0.0
20,11.16,5,7.8852269095245475,3.0
20,11.16,5,14.74114723172434,0.0
20,11.16,4,7.523569452106329,4.0
20,11.16,4,13.805608435165084,0.0
21,11.16,4,8.32035747081072,2.0
21,11.16,4,11.516007208409604,0.0
21,11.16,4,8.213062889099916,3.0
21,11.16,4,11.64639089299402,0.0
22,11.16,4,8.317870269391648,3.0
22,11.16,4,8.210756673589671,3.0
22,11.16,4,14.52361270089881,0.0
22,11.16,4,8.315865965362576,3.0
22,11.16,4,13.53668141566142,0.0
23,11.16,4,8.41792051495112,2.0
23,11.16,4,11.999416463322037,0.0
23,11.16,4,8.209282355764287,2.0
23,11.16,3,11.998979695295148,0.0
23,11.16,3,8.026931050200645,3.0
23,11.16,3,11.693205980957645,0.0
24,11.16,3,8.207964826362172,3.0
24,11.16,3,14.453136570400034,0.0
24,11.16,3,8.31253074105102,3.0
24,11.16,3,13.24258165612784,0.0
25,11.16,3,8.48231138180445,3.0
25,11.16,3,15.94539118763565,0.0
25,11.16,3,8.925853869204161,2.0
25,11.16,3,11.639796003576862,0.0
25,11.16,3,8.73113695877143,3.0
25,11.16,3,14.612548019299922,0.0
26,11.16,3,8.413263871807999,2.0
26,11.16,3,14.500020587203522,0.0
26,11.16,3,9.618781910787206,1.0
26,11.16,2,10.724124205413348,3.0
26,11.16,2,13.20840165085758,0.0
26,11.16,2,9.070869824294718,2.0
27,11.16,2,11.504587511634298,0.0
27,11.16,2,9.642870572819646,1.0
27,11.16,2,9.305479182100186,1.0
27,11.16,2,11.570338572024284,0.0
27,11.16,2,9.184712854371044,1.0
27,11.16,2,11.768463858087983,0.0
27,11.16,2,9.378668945243604,2.0
28,11.16,2,9.195032816366124,0.0
28,11.16,2,12.347413518208896,0.0
28,11.16,2,10.008641324670776,1.0
28,11.16,2,10.389838183012074,1.0
28,11.16,2,11.485966119120022,0.0
28,11.16,1,7.710041028588932,2.0
28,11.16,1,11.567966412569632,0.0
29,11.16,1,7.505782879645906,2.0
29,11.16,1,14.324945708057143,0.0
29,11.16,1,7.877152189344358,1.0
29,11.16,1,7.505140343863317,1.0
29,11.16,1,7.724372398321293,1.0
29,11.16,1,7.708466607018011,2.0
29,11.16,1,13.199801764798394,0.0
30,11.16,1,7.599136231643342,1.0
30,11.16,1,9.077046366254052,1.0
30,11.16,1,9.292523507407608,1.0
30,11.16,1,8.700383155645213,1.0
30,11.16,1,8.472412943984835,1.0
31,11.16,1,8.472355087187694,1.0
31,11.16,1,11.565150142438227,0.0
31,11.16,1,11.57128584494292,0.0
32,11.16,1,13.78443327325401,0.0
33,11.16,1,13.09351388527304,0.0
33,11.16,1,15.150876608753263,0.0
33,11.16,1,15.761994987905451,0.0
33,11.16,1,14.933340271975853,0.0
33,11.16,1,14.949697105676094,0.0
33,11.16,1,14.728247101962369,0.0
33,11.16,1,14.716118347336192,0.0
33,11.16,1,14.727905498815945,0.0
33,11.16,1,14.636084314831136,0.0
33,11.16,1,14.723874272327947,0.0
33,11.16,1,14.510575991326249,0.0
33,11.16,1,15.401274172448169,0.0
34,11.16,1,17.78035130472341,0.0
34,11.16,1,17.956866058775375,0.0
34,11.16,1,17.636877310841058,0.0
34,11.16,1,17.43536583098995,0.0
34,11.16,1,17.326829352435055,0.0
34,11.16,1,17.433887052508084,0.0
34,11.16,1,17.117322207739335,0.0
34,11.16,1,17.71352288150308,0.0
34,11.16,1,17.631760550192993,0.0
34,11.16,1,16.859429941275494,0.0
34,11.16,1,17.434059045150477,0.0
34,11.16,1,17.264251167918857,0.0
35,11.16,1,18.839351043529973,0.0
35,11.16,1,18.793600790527265,0.0
35,11.16,1,18.876435793550243,0.0
35,11.16,1,19.158877980933298,0.0
35,11.16,1,18.768112167241668,0.0
35,11.16,1,18.53389261322816,0.0
35,11.16,1,18.091048814617054,0.0
35,11.16,1,18.08755263941154,0.0
35,11.16,1,18.429509254150677,0.0
35,11.16,1,18.81610499002852,0.0
35,11.16,1,19.02647250017233,0.0
35,11.16,1,18.87744354823728,0.0
36,11.16,1,18.662267533289764,0.0
36,11.16,1,19.741594599211997,0.0
36,11.16,1,19.92109569810393,0.0
36,11.16,1,19.663599956791785,0.0
36,11.16,1,19.83175169277837,0.0
36,11.16,1,19.79792047477161,0.0
36,11.16,1,19.651706934635243,0.0
36,11.16,1,19.790383045770994,0.0
36,11.16,1,19.72151463950246,0.0
36,11.16,1,19.601253926029717,0.0
36,11.16,1,19.496710099452912,0.0
36,11.16,1,19.581265730529974,0.0
36,11.16,1,19.4309121667511,0.0
36,11.16,1,19.34796598554924,0.0
36,11.16,1,19.322558227906228,0.0
37,11.16,1,19.32500735446257,0.0
37,11.16,1,20.108240998963595,0.0
37,11.16,1,20.439235911635198,0.0
37,11.16,1,20.44696329998408,0.0
37,11.16,1,20.299075000177183,0.0
37,11.16,1,20.44600381649693,0.0
37,11.16,1,20.52099640861219,0.0
37,11.16,1,20.31651595129124,0.0
37,11.16,1,20.17684182943495,0.0
37,11.16,1,20.351121356571326,0.0
37,11.16,1,20.7419648646472,0.0
37,11.16,1,20.677274682937764,0.0
37,11.16,1,20.1771153749292,0.0
37,11.16,1,20.26607132541625,0.0
37,11.16,1,20.512544704827636,0.0
37,11.16,1,20.53669675636627,0.0
38,11.16,1,20.86343792100781,0.0
38,11.16,1,20.796196280308777,0.0
38,11.16,1,20.60271666202405,0.0
38,11.16,1,20.672951242604128,0.0
38,11.16,1,20.955102325126404,0.0
38,11.16,1,20.70479977295129,0.0
38,11.16,1,20.764024330048077,0.0
38,11.16,1,20.704615877192936,0.0
38,11.16,1,20.59362226421787,0.0
38,11.16,1,20.636222796336952,0.0
38,11.16,1,20.860856083757128,0.0
38,11.16,1,21.09700721801332,0.0
38,11.16,1,21.130786801041097,0.0
43,11.16,63,6.607957882896727,-56.0
43,11.16,63,11.48435343454254,0.0
45,11.16,63,6.612233197928759,-54.0
48,11.16,63,6.615584601586463,-50.0
50,11.16,63,6.61966058407144,-46.0
50,11.16,63,12.553384456157502,0.0
52,11.16,63,6.623316117473848,-42.0
54,11.16,63,6.626696159434147,-33.0
57,11.16,63,6.631248203718698,-40.0
64,11.16,1,7.344845913826703,21.0
67,11.16,11,6.489591725326505,0.0
71,11.16,9,6.655359077571831,17.0
-59,10.23,36,7.060089466327653,27.0
-57,10.23,51,6.680656310242398,11.0
-57,10.23,51,12.851320026633928,0.0
-55,10.23,51,6.615115479274891,4.0
-54,10.23,51,6.848261424885521,3.0
-54,10.23,51,10.553143090717311,0.0
-53,10.23,49,7.037133495999981,7.0
-51,10.23,47,6.812281292676062,8.0
-51,10.23,47,13.86552731951977,0.0
-50,10.23,47,6.796265715358132,6.0
-50,10.23,47,11.035327349123762,0.0
-50,10.23,47,6.989433792801421,2.0
-49,10.23,47,10.43993114519128,0.0
-49,10.23,46,7.538099283395027,3.0
-49,10.23,46,10.74944795764064,0.0
-47,10.23,45,8.166902757185952,5.0
-47,10.23,45,11.155116505711833,0.0
-46,10.23,45,8.449555055665385,5.0
-45,10.23,44,7.509092618843496,8.0
-43,10.23,42,7.309681551909961,9.0
-42,10.23,42,11.580351892965751,0.0
-41,10.23,40,8.298289107730724,9.0
-39,10.23,40,6.917916238810761,7.0
-38,10.23,40,6.720908307985084,6.0
-38,10.23,40,13.70350011558429,0.0
-37,10.23,40,6.9625004719717225,5.0
-33,10.23,1,7.943257889459588,40.0
-33,10.23,1,10.356669325814025,0.0
-33,10.23,38,6.72753330868116,-1.0
-32,10.23,36,7.939106402211607,2.0
-31,10.23,35,6.696304807436931,4.0
-31,10.23,35,12.824511747142196,0.0
-30,10.23,35,7.308276008984137,3.0
-29,10.23,32,7.933777623681166,7.0
-29,10.23,32,13.749390689019537,0.0
-28,10.23,32,7.296106127158538,5.0
-28,10.23,32,10.387108197805262,0.0
-27,10.23,32,6.870716605787777,5.0
-27,10.23,32,10.49405230983372,0.0
-26,10.23,32,6.468262491972112,5.0
-26,10.23,31,10.899019941183028,0.0
-25,10.23,32,6.671487858401292,4.0
-25,10.23,31,10.254359518785122,0.0
-24,10.23,31,8.345125026040662,6.0
-24,10.23,30,10.970652337179445,0.0
-23,10.23,30,8.236214313401945,5.0
-20,10.23,27,6.458119827670444,8.0
-19,10.23,26,6.867521358855228,8.0
-17,10.23,25,6.666112677600623,6.0
-16,10.23,25,7.24257648151638,3.0
-16,10.23,25,7.380585504583266,3.0
-16,10.23,25,10.38745106278398,0.0
-15,10.23,25,7.419846552074887,4.0
-15,10.23,23,10.256158684371144,0.0
-13,10.23,23,7.250357308249988,8.0
-13,10.23,23,15.979705730750284,0.0
-12,10.23,22,6.871650882350494,6.0
-12,10.23,22,10.388530990014344,0.0
-11,10.23,21,6.673006349548146,8.0
-10,10.23,21,13.247343694404265,0.0
-9,10.23,20,6.923420353666515,7.0
-8,10.23,20,7.558731250858685,3.0
-8,10.23,19,10.49738174368521,0.0
-7,10.23,19,7.3843161253685,4.0
-7,10.23,19,11.254373774750375,0.0
-6,10.23,19,7.380190210813694,5.0
-6,10.23,18,11.35648415038429,0.0
-5,10.23,18,7.24460113575492,6.0
-5,10.23,18,11.274336933539104,0.0
-4,10.23,17,6.668545045637956,7.0
-3,10.23,17,6.67182837679151,6.0
-2,10.23,17,12.4981578525491,0.0
-1,10.23,16,6.673854548143311,6.0
0,10.23,15,6.875901236054915,5.0
1,10.23,15,7.911641681599221,5.0
1,10.23,61,13.278613296154331,0.0
2,10.23,14,7.379550676966303,5.0
3,10.23,14,8.74510703892804,4.0
3,10.23,14,12.653175659665152,0.0
4,10.23,14,8.990462877090238,4.0
4,10.23,13,11.028943772839668,0.0
5,10.23,12,7.6272885638469745,6.0
5,10.23,12,11.35121769968984,0.0
6,10.23,12,8.01590196927043,5.0
6,10.23,12,10.315241470426855,0.0
7,10.23,1,7.28296909061082,16.0
7,10.23,11,12.212503489200074,0.0
8,10.23,11,6.66271632703932,5.0
9,10.23,11,14.885491201995734,0.0
9,10.23,10,7.73894264739917,5.0
10,10.23,10,7.616627023372672,4.0
11,10.23,9,6.906696987702645,3.0
12,10.23,9,7.36428073775636,4.0
13,10.23,8,6.90465995462921,2.0
13,10.23,8,6.656239516483581,3.0
15,10.23,7,6.906522387419216,2.0
15,10.23,6,11.788584670691732,0.0
16,10.23,6,7.231321542400835,5.0
16,10.23,6,15.23223690544492,0.0
17,10.23,6,6.858987902200198,4.0
17,10.23,5,11.518104611291491,0.0
18,10.23,5,6.662183327745595,4.0
18,10.23,5,6.861581431959721,4.0
19,10.23,5,12.656719777212544,0.0
19,10.23,5,7.235472821955128,3.0
20,10.23,5,6.908432642912487,2.0
21,10.23,4,7.363086407479784,2.0
21,10.23,4,8.045076122998907,2.0
22,10.23,3,8.329089585844969,3.0
22,10.23,3,12.980091664205348,0.0
23,10.23,3,8.220411930937587,2.0
24,10.23,2,8.493693984939085,3.0
25,10.23,2,8.935546395338562,2.0
25,10.23,3,11.242043695646728,0.0
26,10.23,2,8.688470513527989,3.0
26,10.23,2,8.963189005489127,2.0
26,10.23,2,10.357838504544844,0.0
29,10.23,47,7.215534880972285,-29.0
30,10.23,2,14.198713485712162,0.0
30,10.23,2,14.060590055491872,0.0
30,10.23,2,13.38142189488066,0.0
30,10.23,2,12.831019605482169,0.0
30,10.23,2,12.579182678265326,0.0
31,10.23,1,15.526093581873766,0.0
31,10.23,1,10.946160459659396,0.0
31,10.23,1,10.357553052236966,0.0
32,10.23,1,10.463779752921852,0.0
32,10.23,1,13.79073857098618,0.0
32,10.23,1,13.79899454395401,0.0
32,10.23,1,13.06120926388786,0.0
32,10.23,1,12.966770435326197,0.0
33,10.23,1,12.966626676142482,0.0
33,10.23,1,15.700829807989509,0.0
33,10.23,1,15.725997230246335,0.0
33,10.23,1,15.07671920526812,0.0
33,10.23,1,15.096336166886148,0.0
33,10.23,1,15.022687275731071,0.0
34,10.23,1,15.783511319308417,0.0
34,10.23,1,17.513797962126333,0.0
34,10.23,1,17.62030392864432,0.0
34,10.23,1,17.20229108443,0.0
34,10.23,1,17.115685892907138,0.0
34,10.23,1,16.840759800765426,0.0
34,10.23,1,16.913728496578912,0.0
35,10.23,1,17.18849149336296,0.0
35,10.23,1,18.25305775900709,0.0
35,10.23,1,18.340919639225305,0.0
35,10.23,1,18.48239552911255,0.0
35,10.23,1,18.224606585361315,0.0
35,10.23,1,18.33390330721045,0.0
35,10.23,1,19.08499646246375,0.0
36,10.23,1,19.89518193327298,0.0
36,10.23,1,19.01165588344973,0.0
36,10.23,1,19.227985385995908,0.0
44,10.23,63,6.8776364229893545,-58.0
44,10.23,63,10.937863399321742,0.0
48,10.23,63,7.207457321002522,-56.0
48,10.23,1,14.868842958954929,0.0
49,10.23,1,13.422272058140877,0.0
49,10.23,1,13.47497967058426,0.0
70,10.23,10,6.633072293669358,60.0
-57,10.21,9,6.864763641357413,53.0
-54,10.21,1,7.0671798057924775,5.0
-47,10.21,1,7.556404016866807,22.0
-46,10.21,53,7.55737088151794,26.0
-46,10.21,49,7.761828255526396,26.0
-44,10.21,48,7.363417492948002,26.0
-44,10.21,48,7.490185119520277,26.0
-43,10.21,47,7.485393360199538,26.0
-43,10.21,43,6.971167252828678,26.0
-43,10.21,43,6.615285794623887,26.0
-42,10.21,43,6.614164458171331,26.0
-42,10.21,43,6.509032373157751,23.0
-41,10.21,41,6.778216316374113,25.0
-40,10.21,41,6.629261321017793,25.0
-39,10.21,41,6.633036423273836,25.0
-38,10.21,40,7.040643576596665,25.0
-37,10.21,39,7.363668943078267,25.0
-37,10.21,39,6.983223343398549,0.0
-37,10.21,39,10.74753469498549,0.0
-36,10.21,39,8.01464059741076,20.0
-35,10.21,38,7.849012484111597,19.0
-35,10.21,38,17.004982331568044,0.0
-34,10.21,38,7.338788182288468,16.0
-34,10.21,37,6.611693303921996,15.0
-32,10.21,36,7.3382768078045615,14.0
-32,10.21,36,7.009626128486332,13.0
-31,10.21,35,7.332377480290518,12.0
-31,10.21,35,7.46338803933601,10.0
-30,10.21,35,12.9355001446919,0.0
-30,10.21,34,7.987960619513473,11.0
-30,10.21,34,15.366467615019062,0.0
-24,10.21,1,7.499919376818752,29.0
-24,10.21,1,10.99225619911661,0.0
-23,10.21,34,7.491311700676903,10.0
-18,10.21,1,6.940701572408898,27.0
-18,10.21,33,15.757812688295443,0.0
-17,10.21,33,8.505016035430444,9.0
-17,10.21,32,9.932020762573842,9.0
-17,10.21,32,10.097551559483191,9.0
-16,10.21,32,10.47656927073372,0.0
-16,10.21,31,10.610586027489248,0.0
-16,10.21,31,6.7372355601686,9.0
-15,10.21,31,6.962986469735256,7.0
-15,10.21,31,6.714127430556317,8.0
-12,10.21,23,7.336861901064523,2.0
-11,10.21,22,7.412180557110105,4.0
-9,10.21,22,7.785223870563556,3.0
-9,10.21,22,11.096252941570611,0.0
-8,10.21,21,7.270999695203486,1.0
-8,10.21,21,10.452336944455794,0.0
-6,10.21,21,8.36746313189623,2.0
-5,10.21,20,8.258979901553218,3.0
-4,10.21,20,11.237271068913133,0.0
-2,10.21,19,6.694401254297816,5.0
-2,10.21,19,14.490785950348652,0.0
0,10.21,18,6.537217919641819,5.0
0,10.21,17,14.763355296078387,0.0
1,10.21,18,6.942525699666177,4.0
3,10.21,16,8.539377661682835,4.0
5,10.21,16,8.074865653272084,2.0
6,10.21,16,8.071283239669526,2.0
6,10.21,15,15.371775246604985,0.0
7,10.21,15,7.916208717126722,2.0
7,10.21,14,12.35989804096866,0.0
9,10.21,13,6.927897778875234,4.0
9,10.21,12,12.60414414299956,0.0
11,10.21,12,8.022750080419414,3.0
11,10.21,12,12.802398993926689,0.0
13,10.21,1,7.416913584992983,12.0
15,10.21,1,7.244544418991524,10.0
15,10.21,11,12.664546405058204,0.0
16,10.21,10,7.243355124341434,3.0
17,10.21,9,6.6693604460974,-1.0
17,10.21,9,8.957931715833297,3.0
18,10.21,9,9.21943362300722,3.0
18,10.21,8,6.865414089450496,3.0
18,10.21,8,7.4136573743658545,3.0
19,10.21,7,8.19755940574629,3.0
19,10.21,7,8.509165984240639,3.0
20,10.21,6,7.900240610550782,3.0
21,10.21,5,7.742022234988681,2.0
21,10.21,5,12.204930953614507,0.0
22,10.21,5,8.044262172581995,1.0
22,10.21,5,14.725118971620418,0.0
23,10.21,4,8.500231157636193,1.0
23,10.21,4,11.983899491618956,0.0
24,10.21,5,8.328082515470655,1.0
25,10.21,4,8.724647078360547,1.0
26,10.21,4,8.335293932122951,0.0
26,10.21,4,11.778798046768529,0.0
27,10.21,3,9.631638634045345,1.0
27,10.21,3,12.778920171788997,0.0
27,10.21,3,10.2282286342068,0.0
28,10.21,3,10.20531563495301,0.0
28,10.21,3,12.3039237926385,0.0
28,10.21,2,9.93410617120476,0.0
29,10.21,2,10.354517310436634,0.0
29,10.21,2,11.721613141167197,0.0
29,10.21,2,11.768861901251285,0.0
29,10.21,2,11.322996290581557,0.0
30,10.21,1,9.621400096898952,1.0
31,10.21,1,10.792986190511712,0.0
32,10.21,1,13.010998772267683,0.0
32,10.21,1,13.372520462904887,0.0
32,10.21,1,12.5032173881807,0.0
35,10.21,1,18.750871983518067,0.0
36,10.21,1,19.612216787679458,0.0
36,10.21,1,19.48571376429156,0.0
37,10.21,1,20.220006083272267,0.0
37,10.21,1,20.093660720721488,0.0
38,10.21,1,20.083708012484,0.0
38,10.21,1,20.586730798586984,0.0
38,10.21,1,20.616540555210577,0.0
38,10.21,1,20.7143865399413,0.0
39,10.21,1,20.810597398302303,0.0
39,10.21,1,21.20410186302541,0.0
39,10.21,1,21.202956746579005,0.0
39,10.21,1,20.915016176491463,0.0
40,10.21,1,20.960706987783556,0.0
40,10.21,1,20.77005263627477,0.0
40,10.21,1,20.768931678991866,0.0
40,10.21,1,20.842745632850523,0.0
41,10.21,1,21.00396926757844,0.0
-43,10.09,1,7.686818291337559,52.0
-41,10.09,53,15.960351012291769,0.0
-40,10.09,52,17.018469509730863,0.0
-39,10.09,52,14.905880224384532,0.0
-35,10.09,42,19.74170959625292,0.0
-35,10.09,42,8.965316808002981,10.0
-32,10.09,40,7.9528989310614975,10.0
-31,10.09,40,7.178078894578974,10.0
-30,10.09,39,7.210220489339221,10.0
-28,10.09,38,9.43420983309099,10.0
-25,10.09,36,7.529962272173577,10.0
-24,10.09,35,7.431000368049098,6.0
-23,10.09,35,7.515785907348061,6.0
-21,10.09,33,7.175184687428569,7.0
-11,10.09,1,6.3968121342181945,25.0
-11,10.09,32,14.803371194871474,0.0
-10,10.09,32,13.054871863145124,0.0
-10,10.09,32,15.344958864439915,0.0
-9,10.09,31,13.402045340939011,0.0
-9,10.09,31,15.181452742683362,0.0
-8,10.09,30,12.591616726166706,0.0
-8,10.09,30,12.991142836751663,0.0
-7,10.09,30,15.25496984898271,0.0
-5,10.09,21,20.38651775581127,0.0
-2,10.09,21,6.81108829101666,3.0
1,10.09,20,7.139365272806998,3.0
4,10.09,20,8.131072088007386,2.0
4,10.09,19,15.386191643159291,0.0
6,10.09,19,8.58937657411343,1.0
6,10.09,18,15.120762605353876,0.0
8,10.09,18,7.121681271410651,1.0
9,10.09,18,12.119250114778978,0.0
9,10.09,17,12.09264606410062,0.0
10,10.09,17,13.706742604072886,0.0
10,10.09,16,13.768987741446352,0.0
12,10.09,15,8.857881252867003,1.0
12,10.09,13,15.851679447405374,0.0
13,10.09,14,10.507831007941393,0.0
13,10.09,12,10.506761777975385,0.0
26,10.09,59,7.244760417179691,-40.0
27,10.09,11,10.931828029700668,0.0
27,10.09,11,21.822469460577157,0.0
28,10.09,10,21.97621069419536,0.0
28,10.09,10,22.11284735958993,0.0
29,10.09,9,22.25206105468247,0.0
29,10.09,9,21.59993774871782,0.0
30,10.09,9,21.52864353299894,0.0
30,10.09,9,21.437754665645077,0.0
31,10.09,8,21.59625109273925,0.0
31,10.09,8,21.77159141962531,0.0
32,10.09,8,21.744058127991806,0.0
32,10.09,8,21.232300715007668,0.0
33,10.09,2,18.710855473498327,0.0
34,10.09,2,18.719725570552995,0.0
44,10.09,1,19.144183530175454,0.0
45,10.09,1,18.21221446116462,0.0
46,10.09,1,17.165572068918195,0.0
46,10.09,1,17.265612744256558,0.0
47,10.09,1,15.6826452210221,0.0
69,10.09,1,9.319845117376303,0.0
86,10.09,1,6.556580735124612,25.0
-53,10.28,63,7.354418694637758,0.0
-48,10.28,53,19.952824293070226,0.0
-47,10.28,52,10.71580810198114,0.0
-22,10.28,1,6.892597439215095,38.0
-6,10.28,49,6.396900176445442,-19.0
6,10.28,47,7.228980011649014,-8.0
38,10.28,46,7.735445548496372,-38.0
73,10.28,45,8.373409327475514,-8.0
-63,15.02,45,6.829560089111325,16.0
-61,15.02,43,6.798175483623439,-1.0
-59,15.02,28,6.7894660632680655,35.0
-57,15.02,28,10.319626830734464,34.0
-55,15.02,27,7.819591861150258,36.0
-55,15.02,17,15.576052457381778,0.0
-53,15.02,17,7.42580057423541,27.0
-53,15.02,16,17.18440615152076,0.0
-50,15.02,11,7.261335640971211,34.0
-48,15.02,10,6.925041387217078,29.0
-46,15.02,1,6.852793447309438,35.0
-46,15.02,49,6.8354617493534136,23.0
-46,15.02,49,19.598274817573497,0.0
-46,15.02,45,7.381801231348774,20.0
-45,15.02,45,19.511584457725192,0.0
-45,15.02,45,9.615788120866045,16.0
-45,15.02,45,9.067087614457009,18.0
-45,15.02,45,9.37588806982066,17.0
-45,15.02,45,9.375495700989546,19.0
-45,15.02,45,9.49532614400897,17.0
-45,15.02,45,9.43308760540441,16.0
-45,15.02,45,9.074986555157013,14.0
-45,15.02,45,9.478801438610716,13.0
-45,15.02,45,9.47805471539344,15.0
-44,15.02,45,9.175010310406222,14.0
-44,15.02,45,9.367244440896629,15.0
-44,15.02,45,9.60304166272438,15.0
-44,15.02,44,7.9603662458815165,15.0
-43,15.02,44,7.995793652436589,15.0
-43,15.02,44,20.95229674306709,0.0
-43,15.02,44,7.841790805578555,13.0
-43,15.02,44,8.141967211276992,12.0
-43,15.02,44,7.682495191435024,12.0
-42,15.02,43,6.597770314426938,12.0
-41,15.02,43,7.303253966134363,12.0
-41,15.02,43,6.5980335130947765,12.0
-41,15.02,43,6.599722883695335,11.0
-41,15.02,42,18.191641457193512,0.0
-41,15.02,43,6.599891570118018,1.0
-41,15.02,43,15.659936432843068,0.0
-41,15.02,43,6.597846211600228,2.0
-41,15.02,43,15.417620993899192,0.0
-40,15.02,43,6.795873436124623,4.0
-40,15.02,43,17.199057881053292,0.0
-39,15.02,42,9.145327505404056,7.0
-39,15.02,43,18.441920877439344,0.0
-39,15.02,42,9.576191006034293,8.0
-39,15.02,42,15.171272521992565,0.0
-38,15.02,42,9.599713580764645,7.0
-38,15.02,42,15.257096926517503,0.0
-37,15.02,42,9.03451691222007,7.0
-37,15.02,42,16.907369483835808,0.0
-37,15.02,42,9.243902484468109,5.0
-37,15.02,42,15.07578692918942,0.0
-36,15.02,42,9.016376390413214,5.0
-36,15.02,41,16.94223105283332,0.0
-36,15.02,41,6.575447043875599,6.0
-36,15.02,41,16.648166686474525,0.0
-35,15.02,41,6.432474699354032,6.0
-35,15.02,41,6.81900094395246,6.0
-35,15.02,40,15.450060963514758,0.0
-34,15.02,39,8.242170389423606,8.0
-33,15.02,39,8.132869261051809,6.0
-31,15.02,1,8.094515031637314,43.0
-31,15.02,38,6.5630558717797385,1.0
-29,15.02,1,6.561734629503718,37.0
-29,15.02,38,16.71713551026417,0.0
-29,15.02,35,7.907300473454626,10.0
-29,15.02,35,7.943769838198207,11.0
-29,15.02,35,7.636034059885759,12.0
-28,15.02,33,7.938622516159228,12.0
-26,15.02,1,7.300013997096968,28.0
-26,15.02,1,15.16469955488752,0.0
-24,15.02,1,7.645496391544952,27.0
-24,15.02,1,18.645554128840644,0.0
-23,15.02,1,7.165609274688876,27.0
-23,15.02,1,16.968580216203577,0.0
-23,15.02,33,7.419486375219066,12.0
-21,15.02,1,6.543709837998208,27.0
-20,15.02,1,6.743370706346255,24.0
-20,15.02,33,15.931426098735614,0.0
-19,15.02,1,6.56421800306309,24.0
-19,15.02,1,17.88513745277902,0.0
-17,15.02,1,6.793155659677808,22.0
-17,15.02,30,6.54603092875135,13.0
-17,15.02,30,20.25509207658196,0.0
-17,15.02,30,8.219560976689834,12.0
-17,15.02,28,6.793022476118637,13.0
-16,15.02,28,6.744776764231233,13.0
-16,15.02,28,6.545064703968421,12.0
-16,15.02,27,7.420558062899602,10.0
-16,15.02,27,7.293442729270666,11.0
-16,15.02,26,7.254511278959029,1.0
-16,15.02,25,18.536038236378843,0.0
-16,15.02,26,7.253151588289484,3.0
-16,15.02,26,18.918603081644942,0.0
-15,15.02,26,7.620084595434037,3.0
-15,15.02,26,15.75020231001652,0.0
-15,15.02,26,7.299811565984285,5.0
-15,15.02,26,15.935915644151322,0.0
-14,15.02,26,7.633058265779397,6.0
-14,15.02,25,16.647590530118435,0.0
-13,15.02,25,8.381494318156939,8.0
-13,15.02,25,15.599631551598762,0.0
-13,15.02,25,8.577852597335067,7.0
-13,15.02,25,15.264527634708005,0.0
-12,15.02,25,8.381276333073359,7.0
-12,15.02,25,17.468538947217922,0.0
-11,15.02,25,8.210421913042453,6.0
-11,15.02,25,19.19838734961792,0.0
-11,15.02,24,7.409577210248827,6.0
-11,15.02,25,16.09985567899244,0.0
-10,15.02,24,7.281660013918781,5.0
-10,15.02,24,15.930474373392444,0.0
-10,15.02,24,7.23808305784145,5.0
-10,15.02,23,15.692592589793463,0.0
-9,15.02,23,6.729879963871255,6.0
-8,15.02,22,6.775316275974433,8.0
-8,15.02,22,7.763493052154374,6.0
-8,15.02,22,17.372051458541364,0.0
-7,15.02,22,7.760299530385083,5.0
-7,15.02,22,7.272780606792153,5.0
-7,15.02,21,15.74366236947428,0.0
-6,15.02,21,8.563431448946545,5.0
-6,15.02,21,16.52197448822278,0.0
-6,15.02,21,7.872258250096848,5.0
-6,15.02,21,15.855654049583848,0.0
-5,15.02,20,7.909684396007265,6.0
-5,15.02,21,18.09244153643561,0.0
-5,15.02,20,7.601577388115899,6.0
-5,15.02,20,15.356743888793034,0.0
-4,15.02,20,7.872346514273204,6.0
-4,15.02,19,16.535990160549915,0.0
-3,15.02,19,6.52124579833,7.0
-3,15.02,19,19.50609832819204,0.0
-3,15.02,19,6.769919628755943,5.0
-3,15.02,19,15.9073968050633,0.0
-2,15.02,18,6.521127628770401,5.0
-2,15.02,19,15.206566726312571,0.0
-2,15.02,19,6.720224901554019,5.0
-2,15.02,18,15.185640119171026,0.0
-1,15.02,18,6.720045253201562,6.0
-1,15.02,18,16.71940813232142,0.0
-1,15.02,18,6.719586478850388,6.0
-1,15.02,18,15.998689225636852,0.0
0,15.02,18,7.137331703710203,5.0
0,15.02,17,15.797780567123226,0.0
0,15.02,17,6.71838935995244,6.0
0,15.02,17,15.656858503837668,0.0
1,15.02,17,6.718051056551218,5.0
1,15.02,16,15.65491216833395,0.0
2,15.02,16,7.222577993071212,6.0
2,15.02,16,18.87935597080275,0.0
2,15.02,16,7.088626776298014,5.0
2,15.02,16,15.281807304229602,0.0
3,15.02,16,7.140435657626995,5.0
3,15.02,16,17.77915570055481,0.0
3,15.02,16,7.470715682620195,5.0
3,15.02,15,17.592779833807526,0.0
4,15.02,15,7.215935061425526,6.0
4,15.02,15,19.427922755251476,0.0
4,15.02,15,6.7079464937262685,6.0
4,15.02,15,19.011470673952985,0.0
5,15.02,15,7.25643556289215,5.0
5,15.02,14,7.25428773085639,6.0
6,15.02,14,7.58396950623839,4.0
6,15.02,13,16.046133522969427,0.0
7,15.02,63,6.503999030780946,-36.0
7,15.02,13,18.36895363491816,0.0
8,15.02,13,7.255754216444458,6.0
9,15.02,63,6.504701280573229,-37.0
11,15.02,63,6.242672043696459,-34.0
11,15.02,63,16.54326262178941,0.0
11,15.02,12,6.75593519036947,13.0
12,15.02,12,8.549099755653259,11.0
12,15.02,12,15.512693363139974,0.0
13,15.02,12,8.352711650495763,11.0
13,15.02,11,7.3837414488723425,11.0
14,15.02,11,7.080664492306937,5.0
14,15.02,10,15.64509017628815,0.0
15,15.02,9,7.12518234271289,7.0
15,15.02,9,16.211868432112382,0.0
15,15.02,9,7.895533581295623,5.0
15,15.02,9,7.603173533900389,6.0
15,15.02,9,8.07693894781039,5.0
15,15.02,9,7.587427681612553,5.0
16,15.02,8,6.506892609135406,1.0
16,15.02,8,18.219891781195727,0.0
16,15.02,8,7.124916195815274,3.0
16,15.02,7,18.18135265031076,0.0
16,15.02,7,7.894057975454416,4.0
16,15.02,7,18.49984151628944,0.0
17,15.02,7,8.548055084490912,4.0
17,15.02,7,16.834013692060708,0.0
17,15.02,7,8.181396161761839,4.0
17,15.02,7,15.840810939549357,0.0
18,15.02,7,8.18179091857786,5.0
18,15.02,7,18.58201599119849,0.0
18,15.02,7,8.579900997319854,4.0
19,15.02,7,8.547850562240882,2.0
19,15.02,7,15.644523415122904,0.0
19,15.02,7,8.181012519146265,5.0
20,15.02,6,8.57715738212373,3.0
20,15.02,6,8.545416687046625,3.0
20,15.02,7,16.41617278813976,0.0
20,15.02,7,7.751779067428089,2.0
20,15.02,6,17.48594428209303,0.0
21,15.02,6,8.543855160211791,3.0
21,15.02,6,17.11876454531148,0.0
21,15.02,6,8.573826856964743,3.0
22,15.02,6,8.81937547954118,3.0
22,15.02,6,18.56988312974326,0.0
22,15.02,5,8.3449553885403,4.0
22,15.02,5,18.64713545612381,0.0
22,15.02,5,8.593329512796544,4.0
23,15.02,5,17.636789007498407,0.0
23,15.02,5,8.275277338208454,2.0
23,15.02,5,15.562268014928392,0.0
23,15.02,5,8.786465932731218,2.0
23,15.02,5,15.188253021196118,0.0
23,15.02,5,8.340860445799763,2.0
24,15.02,5,15.500600526231622,0.0
24,15.02,5,8.170283618183362,2.0
24,15.02,4,16.84851442930963,0.0
24,15.02,4,8.33900163517248,3.0
24,15.02,4,17.565098803160254,0.0
25,15.02,4,8.167670576617425,3.0
25,15.02,5,18.640709350947542,0.0
25,15.02,4,8.336566343791802,2.0
25,15.02,4,15.793957870772942,0.0
25,15.02,4,8.165477593718748,2.0
26,15.02,4,8.335386351532179,2.0
26,15.02,4,10.052854738913638,2.0
26,15.02,4,17.093290792869,0.0
26,15.02,4,8.896938535410897,2.0
26,15.02,4,17.197403590123173,0.0
27,15.02,4,9.355065127616015,2.0
27,15.02,3,19.34140510870193,0.0
27,15.02,3,10.637019208001846,2.0
27,15.02,3,16.223342022020375,0.0
27,15.02,3,10.636340758149032,2.0
28,15.02,3,10.712727026493596,2.0
28,15.02,3,17.31001570291096,0.0
28,15.02,3,12.14531464218436,2.0
28,15.02,3,11.798868340858206,2.0
28,15.02,3,17.806921157414507,0.0
28,15.02,3,11.784033319514336,1.0
29,15.02,3,13.07634820752004,1.0
29,15.02,3,13.086995996330216,0.0
29,15.02,3,15.316849491978031,0.0
29,15.02,2,10.842147253940423,2.0
29,15.02,2,16.84769834511731,0.0
30,15.02,2,11.165469880445414,2.0
30,15.02,2,18.18190127265817,0.0
30,15.02,2,13.458739502267491,1.0
30,15.02,2,13.849975979404904,1.0
30,15.02,2,12.66101904647786,1.0
30,15.02,2,15.757303687922844,0.0
31,15.02,2,15.672767605009668,0.0
31,15.02,2,15.672733368456448,0.0
31,15.02,2,14.538438286804308,1.0
31,15.02,2,14.56980467586726,1.0
32,15.02,1,16.8574294205811,0.0
32,15.02,1,12.49644551635187,2.0
32,15.02,1,17.981813208052017,0.0
32,15.02,1,12.756036529722536,1.0
33,15.02,1,15.139131947194272,0.0
33,15.02,1,15.047422770598558,0.0
33,15.02,1,15.03321896129748,0.0
33,15.02,1,15.48557292294268,0.0
33,15.02,1,14.48750432778256,1.0
33,15.02,1,14.567126001340938,1.0
33,15.02,1,14.677917755338768,1.0
33,15.02,1,18.063952486229795,0.0
34,15.02,1,17.005673992687306,0.0
34,15.02,1,17.1217644691869,0.0
34,15.02,1,16.548208735449748,0.0
34,15.02,1,16.364498818245522,0.0
34,15.02,1,17.497963618009038,0.0
34,15.02,1,17.576079254284792,0.0
34,15.02,1,16.83877221653779,0.0
35,15.02,1,18.565807239564837,0.0
35,15.02,1,18.4633955111436,0.0
35,15.02,1,18.494218278929424,0.0
35,15.02,1,18.42060572869497,0.0
36,15.02,1,19.661198113367945,0.0
36,15.02,1,19.272984922220004,0.0
36,15.02,1,19.84676889080828,0.0
37,15.02,1,20.228726094633217,0.0
37,15.02,1,20.373329397281893,0.0
37,15.02,1,20.305343539713363,0.0
37,15.02,1,20.29137291466398,0.0
37,15.02,1,20.096495067933787,0.0
37,15.02,1,20.2273646509492,0.0
37,15.02,1,19.639095564022625,0.0
37,15.02,1,19.61178658809851,0.0
37,15.02,1,19.45243738369558,0.0
37,15.02,1,20.08425028718904,0.0
37,15.02,1,19.8451131230467,0.0
37,15.02,1,19.728817365024284,0.0
37,15.02,1,19.902832660752622,0.0
38,15.02,1,20.29732355532076,0.0
38,15.02,1,20.47450666902371,0.0
38,15.02,1,20.27162547790617,0.0
38,15.02,1,20.543570843268952,0.0
38,15.02,1,20.692654002026927,0.0
38,15.02,1,20.38894955737011,0.0
39,15.02,1,20.354996299704624,0.0
39,15.02,1,20.761400491432497,0.0
39,15.02,1,20.935738735457136,0.0
39,15.02,1,20.68434842008421,0.0
39,15.02,1,20.904585497961648,0.0
39,15.02,1,20.79670303441371,0.0
39,15.02,1,20.86393933786545,0.0
39,15.02,1,20.842737371235746,0.0
40,15.02,1,20.879651756719127,0.0
40,15.02,1,20.93357439620641,0.0
40,15.02,1,20.93438374385317,0.0
40,15.02,1,20.71189946527177,0.0
40,15.02,1,20.96208916520233,0.0
40,15.02,1,20.94795290133723,0.0
40,15.02,1,20.73724926529233,0.0
40,15.02,1,20.498885179972987,0.0
40,15.02,1,21.09479324457645,0.0
40,15.02,1,20.82522764399833,0.0
40,15.02,1,20.69010886734887,0.0
40,15.02,1,20.690295323092684,0.0
40,15.02,1,20.7075239014399,0.0
40,15.02,1,20.550727990273543,0.0
40,15.02,1,20.921947778990827,0.0
40,15.02,1,20.91527978298485,0.0
41,15.02,1,20.712090543589355,0.0
41,15.02,1,20.803975322255667,0.0
41,15.02,1,20.74054465831341,0.0
41,15.02,1,20.73449260387308,0.0
41,15.02,1,20.30953663058257,0.0
41,15.02,1,20.367973401225868,0.0
41,15.02,1,20.773338810720418,0.0
41,15.02,1,20.79733815808672,0.0
41,15.02,1,20.60322195536617,0.0
41,15.02,1,20.70916809821497,0.0
41,15.02,1,20.4695898003403,0.0
41,15.02,1,20.53175533977304,0.0
41,15.02,1,20.687307067486955,0.0
41,15.02,1,20.642348408241503,0.0
42,15.02,1,19.89423370261629,0.0
42,15.02,1,19.95604231567259,0.0
42,15.02,1,20.22039263261605,0.0
42,15.02,1,20.07627292429005,0.0
42,15.02,1,20.034651308958782,0.0
42,15.02,1,20.220186602794143,0.0
42,15.02,1,20.151783469377197,0.0
42,15.02,1,20.28934301920984,0.0
47,15.02,1,15.97683275574562,0.0
48,15.02,1,15.932749953162896,0.0
50,15.02,1,14.830788148568177,0.0
52,15.02,1,12.214442939130748,0.0
54,15.02,1,7.034915343168876,0.0
56,15.02,1,7.703086442073555,1.0
58,15.02,1,6.719308675112401,2.0
61,15.02,1,7.862844484865974,1.0
63,15.02,1,7.356680631376236,0.0
65,15.02,1,7.192971672377723,1.0
67,15.02,1,7.066084918636776,31.0
69,15.02,1,7.204293316642961,18.0
72,15.02,1,6.349569850376668,14.0
-60,14.83,23,6.88067878445699,40.0
-55,14.83,55,7.243802667422841,8.0
-54,14.83,56,8.196894167420993,6.0
-54,14.83,55,16.327817805989014,0.0
-53,14.83,55,7.338422271210675,3.0
-49,14.83,1,7.440139685485619,55.0
-48,14.83,1,16.4116343502276,0.0
-44,14.83,1,7.22853469654784,42.0
-44,14.83,50,15.101158223970458,0.0
-44,14.83,50,7.275322075074172,15.0
-44,14.83,50,7.403469034165312,15.0
-43,14.83,50,7.48352484346016,15.0
-43,14.83,50,17.761453104166876,0.0
-43,14.83,47,7.758317932174521,14.0
-41,14.83,43,6.249287509256206,15.0
-40,14.83,43,6.715612374611112,17.0
-40,14.83,43,6.510569892325947,13.0
-40,14.83,43,6.759688831809314,14.0
-40,14.83,43,6.35408144847959,11.0
-40,14.83,43,6.511749726673216,12.0
-40,14.83,43,7.088287068099774,12.0
-39,14.83,43,6.710480487479245,12.0
-39,14.83,42,6.361796000637938,12.0
-38,14.83,42,9.366978349083894,13.0
-38,14.83,42,9.172146125103012,13.0
-38,14.83,42,9.168194122750007,12.0
-37,14.83,42,20.997608557431093,0.0
-37,14.83,41,6.749873512605703,11.0
-37,14.83,41,6.749088945521606,10.0
-37,14.83,41,6.701066723472266,10.0
-37,14.83,41,6.75045866274516,10.0
-37,14.83,41,6.70203070955364,10.0
-36,14.83,41,7.076976344704491,10.0
-36,14.83,41,6.7036068577823045,9.0
-35,14.83,40,7.857079607589284,1.0
-35,14.83,40,18.265621938972245,0.0
-34,14.83,40,7.743133437411075,2.0
-34,14.83,40,17.196222562382715,0.0
-34,14.83,40,8.17610366880902,3.0
-33,14.83,39,8.171924746866566,4.0
-32,14.83,39,8.168251538186155,4.0
-31,14.83,39,8.333949675973258,4.0
-30,14.83,39,8.26617467571279,4.0
-30,14.83,38,17.050060830880227,0.0
-29,14.83,39,8.913481973820254,4.0
-29,14.83,38,16.551096529985244,0.0
-28,14.83,38,8.311372798947488,5.0
-28,14.83,38,17.89196681607484,0.0
-27,14.83,37,8.772552597362235,5.0
-27,14.83,37,17.0618387858497,0.0
-26,14.83,37,8.9955486854886,4.0
-26,14.83,37,14.8920686564566,0.0
-25,14.83,36,7.317607883022276,5.0
-25,14.83,36,16.905723555464775,0.0
-24,14.83,36,8.269393586893372,4.0
-23,14.83,34,8.708463217617279,5.0
-22,14.83,34,6.660605865420877,5.0
-19,14.83,1,6.9847553391530965,35.0
-19,14.83,1,14.971259532723508,0.0
-18,14.83,31,6.664531274399394,2.0
-18,14.83,31,17.554138211830576,0.0
-17,14.83,31,6.98892981069217,1.0
-17,14.83,30,17.016474978705446,0.0
-16,14.83,28,6.415196512928119,4.0
-16,14.83,28,18.117233463804794,0.0
-15,14.83,28,6.662509369202169,3.0
-14,14.83,27,7.159880844994589,3.0
-13,14.83,27,7.365141811780006,3.0
-12,14.83,26,6.6544699964393885,7.0
-11,14.83,26,6.406906976172905,5.0
-11,14.83,26,15.5443274076288,0.0
-10,14.83,26,7.112477095041953,4.0
-9,14.83,26,8.078838360932693,3.0
-9,14.83,25,14.961696093331156,0.0
-8,14.83,25,6.651134225689134,4.0
-8,14.83,24,17.109762581591156,0.0
-7,14.83,24,7.359227716773248,5.0
-7,14.83,23,19.855769840071503,0.0
-6,14.83,23,6.596770374121689,5.0
-6,14.83,23,18.988366590212596,0.0
-5,14.83,22,6.969459934626116,5.0
-4,14.83,22,7.1440433392276645,4.0
-4,14.83,21,17.56716643155667,0.0
-3,14.83,21,7.268412741653208,5.0
-3,14.83,21,18.828045887250937,0.0
-2,14.83,21,7.008486786774768,4.0
-2,14.83,20,17.77636719323334,0.0
-1,14.83,20,6.589333498300945,5.0
-1,14.83,19,19.32021635400852,0.0
0,14.83,19,6.590235094743406,5.0
1,14.83,18,6.968053439063013,4.0
3,14.83,16,7.142600200253796,5.0
4,14.83,15,7.139397950438379,5.0
6,14.83,14,7.098219208834408,5.0
6,14.83,14,7.008622013970609,4.0
6,14.83,13,16.466479094140894,0.0
7,14.83,13,7.348934649126079,4.0
7,14.83,13,16.964650136427252,0.0
8,14.83,13,7.094254283243174,4.0
8,14.83,13,18.50406608140217,0.0
9,14.83,13,7.092350125354486,3.0
9,14.83,63,16.359452727554157,0.0
12,14.83,63,6.634091481919938,-39.0
15,14.83,63,7.138340740918451,-40.0
18,14.83,63,8.465490596598784,-37.0
18,14.83,13,18.37609210726822,0.0
18,14.83,12,18.613854337362994,0.0
19,14.83,1,9.404058001084609,11.0
19,14.83,12,15.480811910493088,0.0
19,14.83,1,15.48034997445616,0.0
21,14.83,11,8.711434561963927,10.0
21,14.83,11,18.893090384877183,0.0
21,14.83,10,18.70240132331732,0.0
21,14.83,10,16.680210889897452,0.0
21,14.83,9,16.71325483560176,0.0
21,14.83,7,7.484042189944603,1.0
22,14.83,6,8.428520007690778,2.0
22,14.83,6,18.2306426046282,0.0
23,14.83,6,8.060255316139433,1.0
23,14.83,6,15.928054232701813,0.0
23,14.83,6,8.794312279969603,1.0
23,14.83,5,15.932937175116365,0.0
24,14.83,5,8.231289053335502,3.0
24,14.83,5,16.92284282940612,0.0
25,14.83,5,8.479120456435751,2.0
25,14.83,5,15.687877668115064,0.0
25,14.83,5,9.761232661882133,2.0
25,14.83,5,15.519776729558444,0.0
26,14.83,4,8.226672429224422,3.0
26,14.83,5,18.02423181109134,0.0
27,14.83,5,11.191025440242626,1.0
27,14.83,4,11.235712844507432,1.0
28,14.83,4,10.790567457440758,1.0
28,14.83,4,13.56899315360117,0.0
28,14.83,3,11.70684624000343,1.0
29,14.83,3,14.936995937603314,0.0
29,14.83,3,13.446296523636136,1.0
29,14.83,3,15.149170803647763,0.0
30,14.83,3,12.94699365090102,1.0
30,14.83,3,17.821357585205334,0.0
31,14.83,2,15.281246450451874,0.0
32,14.83,1,16.639693995291722,0.0
33,14.83,1,14.627795299006609,0.0
33,14.83,1,14.97877860186209,0.0
34,14.83,1,16.38437533843083,0.0
35,14.83,1,18.14790374890812,0.0
35,14.83,1,18.012614557773134,0.0
35,14.83,1,17.88579532598382,0.0
36,14.83,1,18.74467299657253,0.0
36,14.83,1,18.778134582499888,0.0
37,14.83,1,18.77557561827697,0.0
37,14.83,1,19.962170839192,0.0
37,14.83,1,20.093961710021915,0.0
37,14.83,1,19.547118305508093,0.0
37,14.83,1,19.819017600637597,0.0
37,14.83,1,20.04924957123808,0.0
38,14.83,1,20.457829037709672,0.0
38,14.83,1,20.359484438226616,0.0
38,14.83,1,20.591596689363485,0.0
39,14.83,1,20.489514484511687,0.0
39,14.83,1,20.48733514861364,0.0
39,14.83,1,20.505944410298756,0.0
39,14.83,1,20.423711390285973,0.0
39,14.83,1,20.42612816149183,0.0
39,14.83,1,20.702928502092533,0.0
39,14.83,1,20.74462628161092,0.0
40,14.83,1,20.60768017827283,0.0
40,14.83,1,20.515339334272653,0.0
40,14.83,1,20.742327729208085,0.0
40,14.83,1,20.652235297875848,0.0
40,14.83,1,20.36993432963276,0.0
40,14.83,1,20.33343899160377,0.0
40,14.83,1,20.66817218116266,0.0
40,14.83,1,20.504953225208663,0.0
41,14.83,1,20.44677029718932,0.0
41,14.83,1,20.3995472065849,0.0
41,14.83,1,20.287295970439843,0.0
41,14.83,1,20.48870906894787,0.0
41,14.83,1,20.51266619019023,0.0
41,14.83,1,20.375720651734937,0.0
41,14.83,1,20.16870443212157,0.0
41,14.83,1,20.2371131367953,0.0
42,14.83,1,19.65281926522645,0.0
42,14.83,1,19.66509783783393,0.0
42,14.83,1,20.062493100612254,0.0
42,14.83,1,20.06586421125164,0.0
42,14.83,1,19.939428011698126,0.0
42,14.83,1,19.74742010957061,0.0
42,14.83,1,19.83189200515814,0.0
43,14.83,1,19.092383122692297,0.0
43,14.83,1,19.37203103055198,0.0
43,14.83,1,19.535517759870277,0.0
43,14.83,1,19.42463894039733,0.0
43,14.83,1,19.54129318144101,0.0
53,14.83,1,13.335057590995504,0.0
57,14.83,1,8.717474817577013,0.0
62,14.83,1,7.257540209319998,2.0
66,14.83,1,7.09948182343588,1.0
71,14.83,1,6.979382333708912,17.0
-53,14.9,57,7.425662002330483,5.0
-50,14.9,56,9.062407105329498,3.0
-48,14.9,52,7.371200953828449,3.0
-47,14.9,51,8.448674616769921,3.0
-43,14.9,50,7.316443270573927,2.0
-41,14.9,48,7.909616752887615,4.0
-40,14.9,47,8.380621348451584,3.0
-33,14.9,1,7.476682907682687,44.0
-31,14.9,46,14.418191614143666,8.0
-31,14.9,46,14.51019243576259,8.0
-30,14.9,46,16.886867567740254,0.0
-30,14.9,44,16.955115355587736,0.0
-30,14.9,44,10.892076267104985,7.0
-29,14.9,44,11.12541750440947,7.0
-29,14.9,39,9.381377062795764,8.0
-29,14.9,39,9.269550219514144,8.0
-28,14.9,39,10.236672331764057,9.0
-27,14.9,39,9.529412895391571,9.0
-27,14.9,39,22.047769784702737,0.0
-25,14.9,63,10.486220794870562,-12.0
-24,14.9,37,7.763919824482087,1.0
-22,14.9,36,9.7955732765691,2.0
-22,14.9,36,18.9484687707357,0.0
-21,14.9,36,10.73949010843107,1.0
-21,14.9,36,16.289634235236036,0.0
-20,14.9,36,10.65246861082312,2.0
-20,14.9,36,16.195263799234894,0.0
-18,14.9,35,8.280698648422387,3.0
-18,14.9,35,17.708385078008817,0.0
-13,14.9,1,6.736309160187659,34.0
-12,14.9,1,18.353402296631717,0.0
-11,14.9,31,6.743689278651615,4.0
-10,14.9,29,12.78366958473427,4.0
-9,14.9,29,9.745682515529182,4.0
-9,14.9,26,9.036245517598502,0.0
-8,14.9,25,15.169863505283956,0.0
-7,14.9,25,6.725874664710574,2.0
-7,14.9,25,19.28672524989736,0.0
-6,14.9,25,7.176833870203126,1.0
-6,14.9,24,19.221725286150303,0.0
-4,14.9,24,8.041408256975359,4.0
-4,14.9,24,19.566045215780772,0.0
-3,14.9,23,7.176379660705152,4.0
-1,14.9,23,7.703662955336881,2.0
-1,14.9,23,16.70939555508636,0.0
1,14.9,21,10.769015592050309,2.0
2,14.9,22,8.777715571573026,1.0
3,14.9,20,9.707984467089872,2.0
4,14.9,20,8.290994815428704,1.0
4,14.9,19,15.29581877663847,0.0
5,14.9,18,8.848333505173542,3.0
6,14.9,17,17.878733537027514,0.0
7,14.9,17,7.30857222070928,2.0
8,14.9,18,7.137139731539634,1.0
8,14.9,17,18.583885337835724,0.0
9,14.9,17,7.777722304778223,1.0
9,14.9,16,16.670021081474502,0.0
10,14.9,16,7.990383007558634,1.0
10,14.9,16,15.105771481899607,0.0
11,14.9,15,8.831912371614735,3.0
12,14.9,15,16.20202615974489,0.0
13,14.9,14,9.794179041787132,2.0
14,14.9,13,10.50775171761515,1.0
20,14.9,63,7.984899046003875,-44.0
21,14.9,12,17.471383967409594,0.0
21,14.9,12,19.706585982425125,0.0
21,14.9,12,19.544979437295737,0.0
21,14.9,12,18.9948976374601,0.0
22,14.9,11,19.052819529632004,0.0
22,14.9,11,20.512532712796784,0.0
22,14.9,11,20.391395391071143,0.0
22,14.9,10,19.01979755710468,0.0
23,14.9,10,18.924697898571296,0.0
23,14.9,10,19.98180024912898,0.0
23,14.9,10,19.907799905699505,0.0
23,14.9,9,15.753329761945963,0.0
24,14.9,7,15.856981880254466,0.0
25,14.9,6,12.231496399626252,1.0
26,14.9,6,11.222068327250994,1.0
26,14.9,6,17.796130689674555,0.0
27,14.9,6,13.90612430653853,1.0
27,14.9,6,19.224033075399845,0.0
27,14.9,6,16.150731633202057,0.0
27,14.9,6,16.909011946512493,0.0
28,14.9,5,15.515814796392815,0.0
28,14.9,5,15.554530950093492,0.0
28,14.9,5,15.47144777216991,0.0
28,14.9,5,15.43935406715704,0.0
29,14.9,5,17.54788932098721,0.0
29,14.9,5,17.64818496986622,0.0
29,14.9,5,17.29229607786371,0.0
30,14.9,4,18.64804982356108,0.0
30,14.9,4,18.9119258390446,0.0
30,14.9,4,17.6732183865807,0.0
31,14.9,4,19.661909795421774,0.0
31,14.9,3,19.807430456600017,0.0
31,14.9,3,17.476866894435545,0.0
31,14.9,3,17.492604350740308,0.0
32,14.9,4,20.561412755184648,0.0
33,14.9,3,20.9739871241717,0.0
33,14.9,3,19.502099603020294,0.0
34,14.9,3,20.759889434668736,0.0
34,14.9,2,19.61018267281804,0.0
35,14.9,2,19.408154681007417,0.0
35,14.9,2,20.615904721986112,0.0
35,14.9,2,20.21988674260524,0.0
36,14.9,2,20.280889364940062,0.0
36,14.9,2,20.97718828000721,0.0
38,14.9,1,21.24669840333307,0.0
38,14.9,1,20.73822563451344,0.0
39,14.9,1,20.908091618989715,0.0
40,14.9,1,20.9296089934728,0.0
41,14.9,1,20.611421181998068,0.0
42,14.9,1,20.206319525194232,0.0
42,14.9,1,20.14715983736899,0.0
43,14.9,1,20.377632662219625,0.0
43,14.9,1,20.361498683860688,0.0
43,14.9,1,19.415413334137284,0.0
43,14.9,1,19.640927895275496,0.0
44,14.9,1,19.63131161850181,0.0
44,14.9,1,19.3015111587367,0.0
44,14.9,1,18.93497561955502,0.0
44,14.9,1,18.917268567251,0.0
45,14.9,1,18.41908467346329,0.0
45,14.9,1,17.594232692669124,0.0
45,14.9,1,18.26522717068451,0.0
45,14.9,1,18.394599861387704,0.0
46,14.9,1,17.070172035646067,0.0
46,14.9,1,16.742403332300498,0.0
46,14.9,1,16.7942826736529,0.0
46,14.9,1,16.94952347773365,0.0
47,14.9,1,16.030895571602912,0.0
58,14.9,1,11.378316641953944,0.0
-39,14.67,1,7.48673517787573,51.0
-38,14.67,1,15.200736906039864,0.0
-28,14.67,1,7.697292682778851,18.0
-19,14.67,51,14.40828965461762,-17.0
-17,14.67,43,20.36367529912819,0.0
-16,14.67,42,20.21816084100193,0.0
-15,14.67,35,20.7892215701974,0.0
-15,14.67,35,14.260821019502345,7.0
-13,14.67,33,9.778102523229704,7.0
-12,14.67,33,12.04720591070378,7.0
-11,14.67,32,10.3989820889569,7.0
-10,14.67,29,10.056325736430637,1.0
-9,14.67,28,16.36706987056806,0.0
-7,14.67,28,7.901534592368947,2.0
-7,14.67,28,19.610687837095,0.0
-6,14.67,28,12.473552499439704,3.0
-4,14.67,25,17.663313154234004,0.0
-3,14.67,25,7.516560100008789,3.0
-2,14.67,24,9.62601000813362,3.0
-1,14.67,24,18.58736548775188,0.0
3,14.67,20,7.863949583361602,2.0
4,14.67,20,17.58465691628456,0.0
5,14.67,20,9.832114950688108,1.0
6,14.67,19,17.391026685012932,0.0
8,14.67,18,12.603425748769894,1.0
10,14.67,17,14.573596245671824,1.0
10,14.67,17,13.914853023916336,1.0
11,14.67,16,13.549897126450858,1.0
12,14.67,16,14.973271851389,0.0
12,14.67,16,16.204570785881444,0.0
14,14.67,15,11.92513457985197,1.0
14,14.67,14,20.05071699065041,0.0
15,14.67,14,16.29223351544502,0.0
15,14.67,13,16.313757012848626,0.0
16,14.67,13,14.652718733553256,0.0
17,14.67,13,15.754771106993928,0.0
17,14.67,12,17.234115556792176,0.0
18,14.67,12,12.876979656693052,0.0
19,14.67,11,13.072958286998798,0.0
19,14.67,11,15.365318343498132,0.0
20,14.67,10,15.412455974955776,0.0
20,14.67,10,15.353174480973491,0.0
21,14.67,9,16.896740859599504,0.0
23,14.67,9,14.212872932985391,-1.0
23,14.67,8,16.057942139591418,0.0
24,14.67,8,16.226766404900516,0.0
24,14.67,8,17.443993175802433,0.0
25,14.67,8,17.723130399056245,0.0
25,14.67,8,18.86651976775086,0.0
26,14.67,7,18.806683723403975,0.0
26,14.67,7,18.258508823407222,0.0
27,14.67,7,18.25682367871825,0.0
27,14.67,6,16.101851901296897,0.0
28,14.67,6,16.452442147028563,0.0
28,14.67,6,17.47197376617261,0.0
29,14.67,6,17.94275836731225,0.0
30,14.67,5,17.74522581905417,0.0
30,14.67,5,18.859561666089363,0.0
31,14.67,5,19.702423210708503,0.0
31,14.67,5,20.11350050210413,0.0
32,14.67,4,19.92888896759034,0.0
32,14.67,4,20.44817374575177,0.0
33,14.67,4,20.6677150210308,0.0
34,14.67,4,21.61250222382561,0.0
34,14.67,4,21.65167279715672,0.0
35,14.67,3,20.90627051039975,0.0
35,14.67,3,21.059281199242832,0.0
36,14.67,3,21.40279655091979,0.0
36,14.67,3,21.50577916174637,0.0
37,14.67,2,21.16998196914145,0.0
37,14.67,2,21.4004686992086,0.0
38,14.67,2,21.24780209421101,0.0
39,14.67,2,21.137936299679325,0.0
39,14.67,2,21.165715325242616,0.0
40,14.67,2,20.53146611716268,0.0
40,14.67,1,20.545612543240125,0.0
41,14.67,1,20.93687084060467,0.0
41,14.67,1,20.73135769866053,0.0
42,14.67,1,20.30606047256805,0.0
45,14.67,1,18.09300474740617,0.0
46,14.67,1,17.07311654472568,0.0
46,14.67,1,16.900192598190245,0.0
47,14.67,1,16.112579209355573,0.0
48,14.67,1,15.869349356248392,0.0
65,14.67,1,14.63474614163637,0.0
82,14.67,1,7.1931424642059625,8.0
-37,15.02,1,6.97511653239053,49.0
-35,15.02,1,7.623694806756504,49.0
-9,15.02,41,6.785835253468463,-23.0
13,15.02,40,13.090722136667369,-38.0
47,15.02,39,7.059673347578311,-46.0
83,15.02,37,6.721984845097552,-24.0
-63,19.08,36,7.016714323723789,24.0
-61,19.08,1,6.864471668788895,41.0
-59,19.08,32,8.122672771654251,31.0
-57,19.08,22,6.830620069235209,41.0
-54,19.08,10,12.880122900217202,53.0
-52,19.08,56,7.228274670744781,7.0
-50,19.08,49,7.206392334230173,13.0
-49,19.08,49,7.06234311384668,13.0
-49,19.08,49,6.685616667851292,13.0
-49,19.08,49,20.19242656179304,0.0
-49,19.08,49,6.731258399535761,4.0
-49,19.08,49,19.59669870596464,0.0
-48,19.08,49,6.473506498135521,4.0
-48,19.08,49,19.365303724341047,0.0
-48,19.08,49,7.171926889381581,6.0
-48,19.08,49,19.130102178844027,0.0
-47,19.08,49,7.029674679650583,6.0
-47,19.08,49,19.66860566824577,0.0
-46,19.08,49,7.164771564513558,8.0
-46,19.08,48,20.61758935465282,0.0
-46,19.08,48,7.3207297128083155,8.0
-46,19.08,48,19.10256221173485,0.0
-45,19.08,48,7.187056612241719,7.0
-45,19.08,48,19.846385813576845,0.0
-44,19.08,48,7.182993938437235,7.0
-44,19.08,48,20.73327865353076,0.0
-44,19.08,48,7.177685814602853,6.0
-44,19.08,48,19.638592068105,0.0
-43,19.08,47,7.37915837377426,7.0
-43,19.08,47,7.766402264562288,7.0
-41,19.08,1,7.974514465106722,50.0
-40,19.08,46,7.789796409438395,8.0
-40,19.08,46,19.15315915985028,0.0
-40,19.08,45,6.973782348496442,1.0
-40,19.08,45,8.718806371658417,1.0
-40,19.08,45,19.51113381140088,0.0
-40,19.08,45,8.745575504603465,1.0
-39,19.08,45,8.487241355085786,2.0
-39,19.08,44,20.20259439574568,0.0
-39,19.08,44,6.963195917287905,3.0
-38,19.08,43,6.585187956557235,4.0
-38,19.08,43,20.092085403036208,0.0
-38,19.08,43,6.956413039044165,9.0
-37,19.08,43,6.959282024591104,8.0
-37,19.08,43,20.60109214709813,0.0
-36,19.08,43,6.949479154788563,7.0
-36,19.08,43,19.748791478647604,0.0
-36,19.08,43,7.077438656604784,6.0
-36,19.08,42,19.79807987716626,0.0
-35,19.08,42,8.817589253004996,6.0
-34,19.08,41,9.109665011246108,5.0
-34,19.08,41,7.065187869361367,5.0
-33,19.08,40,8.034556625500144,6.0
-33,19.08,40,20.687102308012584,0.0
-33,19.08,40,7.590447354045764,7.0
-32,19.08,40,20.865244114046163,0.0
-32,19.08,40,7.442760101945936,6.0
-32,19.08,40,19.54650903622029,0.0
-31,19.08,40,7.69311474951138,6.0
-31,19.08,40,21.034617569878705,0.0
-31,19.08,40,7.048306352350011,6.0
-31,19.08,40,20.716132076779232,0.0
-30,19.08,39,8.183526495753085,5.0
-30,19.08,39,19.05199418521363,6.0
-29,19.08,39,8.742134872046265,5.0
-29,19.08,63,7.075968065404169,-12.0
-29,19.08,63,21.35712401848079,0.0
-28,19.08,37,8.363426245312525,8.0
-27,19.08,35,9.118802106904935,8.0
-26,19.08,35,7.99026178884111,7.0
-26,19.08,36,19.2127104291187,0.0
-26,19.08,36,7.393213063657782,6.0
-25,19.08,34,7.548457968832949,7.0
-23,19.08,1,7.013926151868176,39.0
-21,19.08,1,6.883305322123206,34.0
-21,19.08,1,20.39743230671378,0.0
-20,19.08,1,6.514518618756682,30.0
-19,19.08,30,6.322118531014752,13.0
-19,19.08,30,21.55525091496223,0.0
-19,19.08,29,8.363579642736795,13.0
-19,19.08,29,8.640808609853877,14.0
-18,19.08,29,8.643960413024772,15.0
-18,19.08,28,6.321516663789325,0.0
-18,19.08,28,19.137241627665887,0.0
-18,19.08,29,8.611541070402694,11.0
-18,19.08,29,8.670718263128492,1.0
-18,19.08,29,19.649777299419725,0.0
-17,19.08,29,8.638749975794497,4.0
-17,19.08,29,20.653076203407224,0.0
-17,19.08,29,8.16327991621614,5.0
-17,19.08,29,20.84529994437814,0.0
-16,19.08,29,8.162559077868963,5.0
-16,19.08,29,19.047537047986825,7.0
-15,19.08,29,7.88568689872173,5.0
-15,19.08,28,20.56384772100955,0.0
-15,19.08,28,7.063552892063569,7.0
-15,19.08,28,20.1335127932778,0.0
-14,19.08,28,6.510201440260403,6.0
-14,19.08,28,21.39513496476853,0.0
-14,19.08,28,6.310509148374791,6.0
-14,19.08,27,21.02098852708724,0.0
-13,19.08,27,6.881812755901166,6.0
-13,19.08,27,19.920830184608175,0.0
-12,19.08,27,6.9242075246103525,5.0
-12,19.08,26,20.328045128108545,0.0
-12,19.08,26,6.305505776052328,6.0
-12,19.08,26,20.20765169645378,0.0
-11,19.08,26,6.5042881616458175,7.0
-10,19.08,25,6.878269211629203,6.0
-9,19.08,23,7.541226789377106,7.0
-8,19.08,23,7.010631427140666,6.0
-7,19.08,22,7.6548659355386945,5.0
-7,19.08,22,19.694337530490003,0.0
-7,19.08,22,7.261430223159948,5.0
-7,19.08,22,19.61940808117666,0.0
-6,19.08,21,7.975832643106671,5.0
-6,19.08,21,19.038915820105657,6.0
-5,19.08,21,8.143842753232079,5.0
-5,19.08,21,20.75510924690633,0.0
-5,19.08,21,7.683494295797672,6.0
-5,19.08,21,19.945583598575126,0.0
-4,19.08,21,7.5311160611781105,5.0
-4,19.08,21,20.416351926392,0.0
-4,19.08,21,7.042909882175252,5.0
-4,19.08,21,19.875793802969863,0.0
-3,19.08,20,7.2508317424452,6.0
-2,19.08,20,6.996310751402362,6.0
-2,19.08,20,6.490668440763358,5.0
-1,19.08,19,6.539340591118275,5.0
-1,19.08,19,6.539544692390109,5.0
-1,19.08,19,19.226230179481192,0.0
0,19.08,19,6.491568116411088,5.0
0,19.08,18,6.9105065840313245,6.0
1,19.08,18,7.041187361314002,4.0
1,19.08,18,20.441149404590647,0.0
1,19.08,17,7.040402589583664,5.0
1,19.08,17,20.413643939092594,0.0
2,19.08,17,6.995474925988049,4.0
2,19.08,17,19.191395561264457,0.0
3,19.08,1,6.9958119154216405,21.0
3,19.08,16,7.167759746518527,4.0
3,19.08,16,20.120760617314104,0.0
4,19.08,16,7.039273908395813,4.0
4,19.08,15,6.489592009588733,4.0
4,19.08,15,19.55367138118659,0.0
5,19.08,15,6.90777458036176,5.0
5,19.08,15,21.9692439811852,0.0
5,19.08,14,6.992760848673413,5.0
6,19.08,14,8.329102559702932,4.0
6,19.08,14,6.901592394477461,4.0
6,19.08,14,19.386107836550977,0.0
7,19.08,14,7.158469949883795,6.0
7,19.08,63,20.80849205216363,0.0
8,19.08,63,6.481146658783572,-38.0
8,19.08,13,20.912735130035728,0.0
10,19.08,63,6.901745170719522,-38.0
11,19.08,63,6.99188629888377,-35.0
13,19.08,63,7.035757275573928,-32.0
13,19.08,13,7.963088542453065,17.0
15,19.08,63,7.962523715369315,-31.0
16,19.08,12,7.049316974585935,15.0
16,19.08,12,7.962993134865172,14.0
16,19.08,1,19.1426181298706,0.0
17,19.08,12,8.607762029172719,13.0
18,19.08,11,9.849309134404166,10.0
18,19.08,10,10.003895965676191,10.0
19,19.08,10,8.60603590403231,5.0
19,19.08,9,21.84936751947221,0.0
19,19.08,9,9.663703314867362,5.0
19,19.08,9,9.54444742569973,4.0
19,19.08,9,9.663364131135737,7.0
19,19.08,8,7.960481461707261,6.0
19,19.08,8,7.960005743288605,6.0
19,19.08,8,7.959540464282043,6.0
19,19.08,8,7.853943533248639,5.0
19,19.08,8,7.634437376559589,5.0
20,19.08,7,7.958541052662014,2.0
20,19.08,7,7.958121516934312,2.0
20,19.08,6,20.5101796952884,0.0
20,19.08,6,8.323719328501198,3.0
20,19.08,6,20.084923028425607,0.0
21,19.08,6,8.353350726019414,4.0
21,19.08,6,20.65877901277553,0.0
21,19.08,6,8.320722752425965,3.0
21,19.08,6,19.0936161227898,0.0
22,19.08,6,8.598801613131855,4.0
22,19.08,6,19.96371513364946,0.0
22,19.08,6,8.598866288076152,4.0
22,19.08,6,19.179559065667974,0.0
23,19.08,6,7.953413623889205,3.0
23,19.08,6,20.31599684775081,0.0
23,19.08,6,8.318707941998554,3.0
23,19.08,6,19.824788918766387,0.0
23,19.08,6,8.317909113660875,3.0
23,19.08,6,19.192598836979244,0.0
24,19.08,6,8.56438711122513,3.0
24,19.08,5,19.82256781921461,0.0
24,19.08,6,8.683024049289116,3.0
24,19.08,5,20.671467133710223,0.0
25,19.08,5,8.622844819913453,4.0
25,19.08,5,21.263208448826475,0.0
25,19.08,5,9.257472917057854,4.0
26,19.08,5,8.620975744919917,4.0
26,19.08,5,11.215583194103232,1.0
26,19.08,5,19.820700309875264,0.0
26,19.08,5,11.321600847118418,2.0
26,19.08,5,19.900479718360643,0.0
26,19.08,5,11.214826729944392,2.0
26,19.08,4,19.322522512493503,0.0
27,19.08,4,9.01590175072559,3.0
27,19.08,4,20.40910915275191,0.0
27,19.08,4,10.516032960400509,3.0
27,19.08,4,20.34560466963136,0.0
28,19.08,4,10.812125071975103,3.0
28,19.08,4,13.90227991485645,2.0
28,19.08,4,13.456495632237718,2.0
28,19.08,4,19.970860259466946,0.0
29,19.08,4,13.050905239508822,2.0
29,19.08,4,16.173287908260164,2.0
29,19.08,3,21.27292152539988,0.0
29,19.08,4,15.458494128442284,2.0
29,19.08,3,20.810199215376457,0.0
30,19.08,3,13.36467888209961,3.0
30,19.08,3,21.812617893209374,0.0
30,19.08,3,15.96250716502078,0.0
30,19.08,3,15.204048796568642,2.0
30,19.08,3,16.17068411309235,2.0
31,19.08,3,17.402226616498126,1.0
31,19.08,3,17.499271419351487,1.0
31,19.08,3,17.59017145711026,1.0
31,19.08,3,17.47933043293193,1.0
31,19.08,3,17.71975587419925,1.0
32,19.08,2,16.90570971899919,1.0
32,19.08,2,15.914213453680446,1.0
32,19.08,2,20.095319416687445,0.0
32,19.08,2,16.51420718504356,1.0
33,19.08,2,16.865317332986947,1.0
33,19.08,2,20.943436604525203,0.0
33,19.08,2,17.9300100792655,1.0
33,19.08,2,19.57603218741409,0.0
33,19.08,2,18.172264916863867,1.0
33,19.08,2,19.57577061569384,0.0
34,19.08,2,17.953035023745798,0.0
34,19.08,2,19.62406552100892,0.0
34,19.08,1,19.518329412978048,0.0
34,19.08,1,16.2587795635541,1.0
34,19.08,1,17.069456012344745,1.0
35,19.08,1,16.73605960116062,2.0
35,19.08,1,20.96160209360977,0.0
35,19.08,1,17.901047438295578,1.0
35,19.08,1,17.83813173046181,2.0
35,19.08,1,20.909570743556728,0.0
35,19.08,1,18.021540684018063,2.0
35,19.08,1,17.928282057907097,1.0
36,19.08,1,20.076652835281777,0.0
36,19.08,1,19.423522633130247,0.0
36,19.08,1,19.48756274029081,0.0
36,19.08,1,19.462460984040504,0.0
36,19.08,1,19.530608985327547,0.0
36,19.08,1,19.581870224132587,0.0
36,19.08,1,19.373291710930232,0.0
36,19.08,1,19.30512795972828,0.0
37,19.08,1,19.978747551532702,0.0
37,19.08,1,19.55400566181345,0.0
38,19.08,1,20.47816002520574,0.0
38,19.08,1,20.52083207688997,0.0
39,19.08,1,20.428048137033485,0.0
39,19.08,1,20.55281088237379,0.0
39,19.08,1,20.43659441300896,0.0
39,19.08,1,20.64544027755673,0.0
39,19.08,1,20.39829112258502,0.0
39,19.08,1,20.36926383361828,0.0
39,19.08,1,20.871589075445044,0.0
39,19.08,1,20.80401615231486,0.0
39,19.08,1,20.592550916621025,0.0
39,19.08,1,20.72725868051124,0.0
39,19.08,1,20.668583630574403,0.0
39,19.08,1,20.67877852953237,0.0
40,19.08,1,20.39596409463452,0.0
40,19.08,1,20.637552269715187,0.0
40,19.08,1,20.758146447562424,0.0
40,19.08,1,20.802258100843854,0.0
40,19.08,1,20.71213876057378,0.0
40,19.08,1,20.63156843229437,0.0
40,19.08,1,20.424852790966767,0.0
40,19.08,1,20.62435342246709,0.0
40,19.08,1,20.46414623336273,0.0
40,19.08,1,20.540344142275472,0.0
40,19.08,1,20.424755818907517,0.0
40,19.08,1,20.72952420275745,0.0
40,19.08,1,20.549921656986783,0.0
40,19.08,1,20.473412250746165,0.0
40,19.08,1,20.800237879457285,0.0
40,19.08,1,20.798221570269572,0.0
41,19.08,1,20.47303638032875,0.0
41,19.08,1,20.411363234625583,0.0
41,19.08,1,20.71934260552399,0.0
41,19.08,1,20.64561900730672,0.0
41,19.08,1,20.42875642836323,0.0
41,19.08,1,20.306145064683815,0.0
41,19.08,1,20.49187236321454,0.0
41,19.08,1,20.27954817634486,0.0
41,19.08,1,20.695557754658893,0.0
41,19.08,1,20.711368800744225,0.0
41,19.08,1,20.39482239777793,0.0
41,19.08,1,20.371699127940147,0.0
41,19.08,1,20.642983169408623,0.0
41,19.08,1,20.77092127258757,0.0
41,19.08,1,20.38468531535979,0.0
42,19.08,1,20.321943746366586,0.0
42,19.08,1,19.974021118778797,0.0
42,19.08,1,19.84833073967843,0.0
42,19.08,1,19.93635387613949,0.0
42,19.08,1,20.048373245128477,0.0
42,19.08,1,20.42302683927352,0.0
42,19.08,1,20.394725309862565,0.0
42,19.08,1,20.484979788863495,0.0
42,19.08,1,20.07348577608414,0.0
42,19.08,1,20.33528396201099,0.0
42,19.08,1,20.1327990842383,0.0
42,19.08,1,20.35791823679436,0.0
42,19.08,1,20.33371535046166,0.0
42,19.08,1,20.422736159707213,0.0
43,19.08,1,20.333993349317097,0.0
43,19.08,1,20.25654214524772,0.0
43,19.08,1,19.711631265792377,0.0
43,19.08,1,19.62890688168933,0.0
43,19.08,1,19.123764222548655,0.0
43,19.08,1,19.417652508063696,0.0
43,19.08,1,19.17673198980073,0.0
43,19.08,1,19.37152421800361,0.0
43,19.08,1,19.35711909918648,0.0
43,19.08,1,19.212619671794684,0.0
43,19.08,1,19.32916674901868,0.0
43,19.08,1,19.423462020514734,0.0
43,19.08,1,19.503684692631,0.0
43,19.08,1,19.79950310371825,0.0
44,19.08,1,19.100650702572693,0.0
51,19.08,1,15.24803448094309,0.0
53,19.08,1,10.333011654330916,0.0
55,19.08,1,8.294426512222827,0.0
67,19.08,1,6.959052219170232,61.0
-61,18.82,10,6.975123373443836,32.0
-55,18.82,55,7.398150323394432,8.0
-50,18.82,54,7.34887731341523,9.0
-45,18.82,1,7.362427990756217,57.0
-45,18.82,49,6.829337874125628,57.0
-45,18.82,49,19.56341441988684,0.0
-44,18.82,49,7.813163314009444,38.0
-44,18.82,49,8.24951985820482,-1.0
-44,18.82,49,8.14092588856991,30.0
-40,18.82,1,6.819997872465549,24.0
-40,18.82,1,20.12801908236804,0.0
-36,18.82,1,7.803526204022916,26.0
-35,18.82,46,7.308575272120834,-7.0
-35,18.82,46,7.898719511466794,-7.0
-31,18.82,1,8.831575060469717,31.0
-31,18.82,43,19.35360341158011,0.0
-30,18.82,43,8.977170072128473,-4.0
-30,18.82,43,8.604574231669645,9.0
-30,18.82,43,8.572821903044982,-1.0
-29,18.82,43,8.813742599792576,7.0
-29,18.82,41,7.759495464951613,5.0
-29,18.82,40,7.4828658598915325,2.0
-28,18.82,40,7.905510437235165,3.0
-28,18.82,40,19.903939835792954,0.0
-27,18.82,40,8.085612560625066,1.0
-27,18.82,39,21.028464378665788,0.0
-25,18.82,35,7.893645389601417,7.0
-24,18.82,34,7.247256376178086,6.0
-22,18.82,34,6.496578047677005,6.0
-22,18.82,35,21.38804289927006,0.0
-22,18.82,35,8.061739765971254,3.0
-21,18.82,34,7.192317426104637,5.0
-20,18.82,34,8.053717535925145,4.0
-20,18.82,34,21.24653301889356,0.0
-19,18.82,34,8.157159293841374,3.0
-19,18.82,1,19.68957829110363,0.0
-16,18.82,1,6.728036138622869,33.0
-16,18.82,32,19.210426625115616,0.0
-16,18.82,32,10.238655373145534,1.0
-15,18.82,31,6.725471260726692,2.0
-15,18.82,31,7.181064732752489,1.0
-14,18.82,30,20.71984826257315,0.0
-14,18.82,30,8.318040182924278,3.0
-14,18.82,30,21.55381591870035,0.0
-13,18.82,30,8.792640027246165,2.0
-13,18.82,29,19.58456216899593,0.0
-12,18.82,29,9.216126175822636,2.0
-9,18.82,24,7.166929276054304,8.0
-7,18.82,23,7.334402490981461,8.0
-6,18.82,23,6.706317024027641,5.0
-6,18.82,23,19.374542820538565,0.0
-5,18.82,24,7.804292394733352,5.0
-5,18.82,23,22.21980970403004,0.0
-5,18.82,24,8.524837804155851,3.0
-4,18.82,22,20.54342810943716,0.0
-4,18.82,22,7.838661345939101,4.0
-4,18.82,22,20.046191310315137,0.0
-3,18.82,22,9.002076617972037,4.0
-3,18.82,22,21.40993739108653,0.0
-2,18.82,22,8.859693805489513,4.0
-2,18.82,22,20.99608961283744,0.0
0,18.82,19,9.19544576548465,6.0
1,18.82,19,7.0710467840531805,5.0
1,18.82,19,20.71065382842768,0.0
2,18.82,19,7.403978896931363,4.0
3,18.82,18,8.117479844800073,4.0
3,18.82,17,20.434948470920855,0.0
4,18.82,17,7.059677242734267,4.0
4,18.82,17,19.570115558769476,0.0
5,18.82,17,7.317767777961777,4.0
6,18.82,16,8.124761183574904,5.0
6,18.82,16,21.726305508516617,0.0
6,18.82,16,8.756975039595943,4.0
8,18.82,15,8.84206239781605,4.0
11,18.82,61,6.631900949638904,-40.0
11,18.82,14,20.403933189949186,0.0
12,18.82,14,8.10910504903893,5.0
12,18.82,14,19.62038464501072,0.0
13,18.82,13,7.008376704222656,5.0
13,18.82,13,19.6976629541752,0.0
14,18.82,13,7.966848651971134,4.0
14,18.82,13,20.32901238268795,0.0
15,18.82,12,7.309118528214128,5.0
15,18.82,12,21.137776032408297,0.0
16,18.82,12,7.180131111337488,5.0
16,18.82,12,19.04226594579372,0.0
16,18.82,12,8.869023350389256,1.0
16,18.82,10,19.574731913949392,0.0
17,18.82,10,7.307543313327315,2.0
18,18.82,10,7.179609291330024,2.0
18,18.82,9,18.967718795204437,0.0
18,18.82,9,9.687377719232115,4.0
19,18.82,9,21.64458033977074,0.0
19,18.82,9,9.987013883809569,3.0
19,18.82,8,18.96415211452478,0.0
20,18.82,8,8.744436066472957,4.0
21,18.82,8,11.109622840762183,2.0
22,18.82,7,7.17186455283823,2.0
23,18.82,7,8.460688792685673,2.0
23,18.82,7,19.630517581193654,0.0
23,18.82,7,9.62768579413077,2.0
23,18.82,6,19.33448279052949,0.0
24,18.82,6,9.696205729213888,3.0
24,18.82,6,20.757400100996747,0.0
25,18.82,6,9.084522157728143,2.0
25,18.82,6,18.91491339154433,0.0
25,18.82,6,11.095765338451445,2.0
26,18.82,5,18.628171733767346,2.0
27,18.82,5,11.722233517244277,2.0
27,18.82,5,13.778669162049283,1.0
27,18.82,5,19.137530226201804,0.0
27,18.82,5,12.427090116680375,1.0
28,18.82,5,19.05791233019316,0.0
28,18.82,5,16.200323281613052,1.0
28,18.82,5,19.982881884589915,0.0
29,18.82,5,15.091608192899855,2.0
29,18.82,4,16.24722486520983,1.0
30,18.82,4,18.731220699561675,2.0
30,18.82,4,18.482806932029614,1.0
31,18.82,3,15.232397176521616,1.0
31,18.82,4,19.241258883395812,0.0
31,18.82,4,19.1459971663335,0.0
31,18.82,4,19.295380022216776,0.0
31,18.82,3,19.02670978844037,0.0
32,18.82,3,17.221703786272997,1.0
32,18.82,3,20.545125031594324,0.0
32,18.82,3,18.700516108864605,0.0
32,18.82,3,18.898684198250532,0.0
33,18.82,2,16.927496022856744,1.0
33,18.82,2,18.22757864171342,1.0
34,18.82,2,18.19918895947366,1.0
34,18.82,2,20.63093361636152,0.0
34,18.82,2,19.72489500355509,0.0
34,18.82,2,19.291184902299605,0.0
34,18.82,2,19.048709650176235,0.0
34,18.82,2,19.382257333034843,0.0
35,18.82,1,20.448897734903756,0.0
35,18.82,2,20.55234033941264,0.0
36,18.82,1,19.66545124335828,0.0
36,18.82,1,19.815710106261136,0.0
36,18.82,1,19.57001247733029,0.0
37,18.82,1,19.981409476707327,0.0
37,18.82,1,19.98121368516732,0.0
37,18.82,1,20.275662740602613,0.0
42,18.82,45,8.458377294327448,-43.0
46,18.82,45,7.46997622377242,-40.0
52,18.82,1,6.598185412399033,0.0
56,18.82,1,9.274880915230328,0.0
70,18.82,1,6.989613275996632,18.0
74,18.82,1,7.179942732280921,30.0
-57,19.21,1,7.286089401245135,62.0
-45,19.21,1,7.181632949958939,57.0
-45,19.21,54,20.142136812588703,0.0
-45,19.21,54,11.284296499596152,28.0
-44,19.21,53,8.093950376221727,28.0
-37,19.21,1,7.039068864244911,24.0
-34,19.21,48,7.364528909223409,-8.0
-32,19.21,48,14.003507655073705,-10.0
-32,19.21,48,20.62326855092301,0.0
-30,19.21,47,15.614527722362482,-9.0
-30,19.21,47,19.34320038281774,0.0
-29,19.21,47,19.46469847359394,0.0
-29,19.21,47,20.189834185372906,0.0
-28,19.21,42,21.305556172321857,0.0
-27,19.21,41,9.169685371078929,2.0
-25,19.21,39,10.949671683094635,5.0
-24,19.21,39,19.881029326149942,0.0
-22,19.21,38,9.715132337179242,6.0
-22,19.21,38,20.997954597025867,0.0
-21,19.21,38,9.334202350355213,3.0
-19,19.21,37,13.043488687940084,2.0
-18,19.21,37,14.98327946133071,1.0
-12,19.21,1,6.988722644604749,33.0
-11,19.21,32,11.839196888224222,5.0
-10,19.21,31,12.113342554996294,5.0
-9,19.21,30,12.671314978136934,6.0
-9,19.21,29,10.003768102189085,6.0
-8,19.21,29,9.65849893494476,6.0
-8,19.21,29,10.506853691959549,6.0
-8,19.21,29,10.52719423439322,7.0
-7,19.21,26,10.436784733619646,7.0
-5,19.21,24,7.950162945394155,8.0
-5,19.21,24,8.348544470846477,8.0
-4,19.21,23,6.982520955511092,0.0
-3,19.21,22,8.59531308148118,2.0
-2,19.21,22,21.166113306317012,0.0
-1,19.21,22,9.254098686098288,0.0
-1,19.21,22,19.30476882576599,0.0
0,19.21,22,9.274873668625588,2.0
3,19.21,19,8.29666930052825,2.0
4,19.21,19,8.570421150922073,3.0
5,19.21,18,21.043876463948,0.0
6,19.21,18,8.571293213418514,3.0
8,19.21,17,7.12363064080688,3.0
8,19.21,17,19.847845260752592,0.0
10,19.21,17,7.630430326565715,3.0
11,19.21,16,9.887820626236476,2.0
11,19.21,16,20.08983487755785,0.0
12,19.21,16,12.700583323309488,2.0
12,19.21,15,20.8084819908688,0.0
13,19.21,15,12.051176384455829,2.0
14,19.21,14,19.852069831884023,0.0
15,19.21,14,13.410889715245986,2.0
15,19.21,14,21.247440517984813,0.0
16,19.21,14,15.21424416247099,1.0
16,19.21,13,21.84542292463408,0.0
17,19.21,13,14.094994232723366,1.0
17,19.21,13,19.32144511557709,0.0
18,19.21,12,10.599259785398502,2.0
18,19.21,1,20.36649973656273,0.0
20,19.21,1,9.068641026852532,12.0
21,19.21,11,20.4826148781805,0.0
21,19.21,11,18.64743651789746,1.0
22,19.21,11,17.605038987814027,0.0
22,19.21,10,20.43338670795381,0.0
24,19.21,8,17.298028582960043,1.0
24,19.21,8,20.90712392728507,0.0
26,19.21,7,16.090718731119665,2.0
26,19.21,7,18.55975310927387,1.0
27,19.21,6,14.144767823348502,0.0
27,19.21,6,19.771823845091205,0.0
28,19.21,6,18.006755489825977,1.0
28,19.21,6,20.776333580738864,0.0
29,19.21,6,19.24871449365621,0.0
29,19.21,6,19.24955011885818,0.0
30,19.21,5,17.698899095271827,1.0
30,19.21,5,20.50245975807043,0.0
31,19.21,5,19.006790039365185,-1.0
31,19.21,5,20.154066034559364,0.0
31,19.21,5,20.186294073426268,0.0
31,19.21,4,19.716605785246514,0.0
32,19.21,4,19.79669639985296,0.0
32,19.21,4,20.15612294159679,0.0
32,19.21,4,20.154965865959568,0.0
32,19.21,4,20.11326647597943,0.0
33,19.21,4,20.408663110208323,0.0
33,19.21,4,21.1286522276244,0.0
33,19.21,4,21.151453103715184,0.0
34,19.21,3,19.747174703958464,0.0
34,19.21,3,20.436314154480783,0.0
35,19.21,3,20.787240774274707,0.0
35,19.21,3,21.210018620327105,0.0
35,19.21,2,20.12742569711631,0.0
35,19.21,3,20.019719848131658,0.0
36,19.21,3,21.348660642382413,0.0
36,19.21,3,21.6142131662908,0.0
36,19.21,2,20.565818208406316,0.0
36,19.21,2,20.58783368452309,0.0
37,19.21,2,20.97648381561889,0.0
37,19.21,2,21.07760691158832,0.0
37,19.21,2,20.868243142145857,0.0
37,19.21,2,20.654558032231577,0.0
40,19.21,1,20.72303790406333,0.0
43,19.21,1,19.5028470768234,0.0
52,19.21,1,18.85791528485701,0.0
62,19.21,1,8.639345713762808,0.0
70,19.21,1,6.474570930974764,0.0
79,19.21,1,6.538151749915656,15.0
-48,19.14,1,7.023907470703122,61.0
-48,19.14,1,20.497915918195872,0.0
-36,19.14,1,7.24076469832201,21.0
-35,19.14,1,19.782492355592893,0.0
-23,19.14,1,7.391919519489747,22.0
-23,19.14,1,20.28751532574715,0.0
-11,19.14,32,6.605502339601287,-9.0
-5,19.14,32,18.956137503973807,-10.0
1,19.14,31,18.91377139314534,-10.0
1,19.14,31,19.767770801656937,0.0
9,19.14,30,18.606891906981048,-11.0
14,19.14,30,8.691080307573372,-8.0
22,19.14,29,6.962027676361984,-13.0
31,19.14,29,8.355644411844665,-16.0
49,19.14,28,6.856903059545687,-22.0
66,19.14,24,6.9538608640651205,-17.0
84,19.14,16,6.875143429445899,-6.0
