Timestamp,Boresight,Jetson Detection,Rx Beam Index,Rx Beam Angle,SNR (dB),Max Power (dBm),YOLO Time (s),Beam Sweep Time (s)
20250723_141601_558,-40,NO_RADIO,60,40.6,16.784764121319085,-86.04517517089843,0.1652412414550781,0.1021585464477539
20250723_141601_827,-40,59,59,39.2,17.88715663660483,-84.85580444335938,0.2450053691864013,0.1584498882293701
20250723_141602_232,-40,59,59,39.2,18.073180378084945,-84.89446487426758,0.259852647781372,0.1019370555877685
20250723_141602_595,-40,59,59,39.2,18.119153637678053,-84.78474426269531,0.2323622703552246,0.1583478450775146
20250723_141602_987,-40,59,59,39.2,17.887546544102847,-84.96305084228516,0.2334873676300048,0.1020810604095459
20250723_141603_324,-40,59,59,39.2,18.177827284647165,-84.63710021972656,0.234586477279663,0.1587989330291748
20250723_141603_718,-39,59,59,39.2,18.14120197167321,-84.67578125,0.2322125434875488,0.1020853519439697
20250723_141604_054,-39,58,58,37.7,18.74696526742441,-84.18990325927734,0.2338497638702392,0.1584832668304443
20250723_141604_448,-39,NO_RADIO,58,37.7,18.6734689195451,-84.1500015258789,0.1586403846740722,0.1021549701690673
20250723_141604_710,-39,58,58,37.7,18.42161198973082,-84.47386169433594,0.2390713691711425,0.1582996845245361
20250723_141605_109,-39,58,58,37.7,18.453479084101488,-84.35260162353515,0.2337219715118408,0.1019859313964843
20250723_141605_446,-38,58,58,37.7,17.623096359596104,-85.3840560913086,0.2358875274658203,0.1585276126861572
20250723_141605_841,-38,58,58,37.7,17.159841863933593,-85.63517761230469,0.2344143390655517,0.1021714210510253
20250723_141606_179,-38,58,58,37.7,16.934560885732225,-85.90013885498047,0.2318618297576904,0.1582677364349365
20250723_141606_571,-38,NO_RADIO,58,37.7,16.930462400351075,-85.8947925567627,0.1569900512695312,0.1019864082336425
20250723_141606_831,-38,NO_RADIO,58,37.7,17.27786149641892,-85.57594299316406,0.1616232395172119,0.1583888530731201
20250723_141607_152,-38,58,58,37.7,17.101624756606938,-85.71038818359375,0.2455401420593261,0.1019980907440185
20250723_141607_501,-37,58,58,37.7,15.54982112155733,-87.29941329956054,0.2302968502044677,0.1583602428436279
20250723_141607_891,-37,58,58,37.7,15.427047207459822,-87.42198333740234,0.231691837310791,0.102036714553833
20250723_141608_226,-37,57,57,36.3,16.43292783256959,-86.39882469177246,0.230558156967163,0.1583080291748047
20250723_141608_616,-37,57,57,36.3,16.57116329681341,-86.36407470703125,0.2306149005889892,0.1019825935363769
20250723_141608_950,-37,57,57,36.3,16.50793741380143,-86.35726318359376,0.2306005954742431,0.1583166122436523
20250723_141609_340,-37,57,57,36.3,16.39819840315411,-86.43789482116699,0.2302258014678955,0.1019530296325683
20250723_141609_674,-36,NO_RADIO,57,36.3,15.048017157810309,-87.91625213623047,0.1588802337646484,0.1582920551300048
20250723_141609_992,-36,56,56,34.8,14.828557654547607,-87.72511291503906,0.2373955249786377,0.1019783020019531
20250723_141610_333,-36,56,56,34.8,18.198393231880203,-84.62659988403321,0.2325556278228759,0.1583452224731445
20250723_141610_725,-36,56,56,34.8,18.49283568930616,-84.41168327331543,0.2296431064605713,0.1020112037658691
20250723_141611_058,-36,56,56,34.8,18.315786364281635,-84.45152282714844,0.2320702075958252,0.1583561897277832
20250723_141611_450,-35,56,56,34.8,18.319193970222077,-84.46404190063477,0.2302772998809814,0.1019742488861084
20250723_141611_783,-35,56,56,34.8,17.09432547383895,-85.76479110717774,0.2309293746948242,0.1589677333831787
20250723_141612_175,-35,56,56,34.8,17.003220127146946,-85.86482238769531,0.2640492916107178,0.1020081043243408
20250723_141612_542,-35,56,56,34.8,17.302272026659566,-85.53040390014648,0.2317290306091308,0.158379316329956
20250723_141612_933,-35,55,55,33.4,17.34985029497966,-85.54662322998047,0.2312254905700683,0.1019840240478515
20250723_141613_268,-35,55,55,33.4,19.07747377963261,-83.7336654663086,0.230104923248291,0.1583342552185058
20250723_141613_658,-34,55,55,33.4,19.14176385036923,-83.73306465148926,0.2319827079772949,0.1019434928894043
20250723_141613_993,-34,56,56,34.8,15.392628336599016,-87.30570983886719,0.2299466133117675,0.1583819389343261
20250723_141614_383,-34,55,55,33.4,15.068692128933437,-87.83971939086913,0.2302350997924804,0.101931095123291
20250723_141614_716,-34,55,55,33.4,17.750733502445797,-85.19456405639649,0.2306301593780517,0.1583764553070068
20250723_141615_106,-34,55,55,33.4,17.878147990759317,-85.11579132080078,0.2323420047760009,0.1019704341888427
20250723_141615_442,-33,55,55,33.4,16.22412099421959,-86.60311660766601,0.2292051315307617,0.1583900451660156
20250723_141615_831,-33,55,55,33.4,16.376082927989586,-86.50750732421875,0.2307755947113037,0.101980447769165
20250723_141616_165,-33,55,55,33.4,16.397707365766422,-86.40371589660644,0.2305459976196289,0.1582942008972168
20250723_141616_555,-33,54,54,31.9,16.42995599414367,-86.24234771728516,0.2324652671813964,0.1019763946533203
20250723_141616_891,-33,54,54,31.9,17.488645808752835,-85.3840560913086,0.2314400672912597,0.1583421230316162
20250723_141617_282,-33,54,54,31.9,17.478574500635474,-85.32933807373047,0.2606685161590576,0.1020691394805908
20250723_141617_646,-32,54,54,31.9,15.308441903219888,-87.46069030761718,0.2316815853118896,0.158374547958374
20250723_141618_037,-32,54,54,31.9,15.299499457938223,-87.52472686767578,0.2342913150787353,0.1019549369812011
20250723_141618_375,-32,54,54,31.9,15.332081235397853,-87.48345031738282,0.2352793216705322,0.1583547592163086
20250723_141618_770,-32,53,53,30.5,15.24649504413864,-87.46182250976562,0.2305917739868164,0.1019935607910156
20250723_141619_103,-32,53,53,30.5,18.274261154808272,-84.65491485595703,0.2302219867706298,0.1582944393157959
20250723_141619_493,-31,53,53,30.5,18.392948394458813,-84.51370811462402,0.2290008068084716,0.1019794940948486
20250723_141619_826,-31,53,53,30.5,16.690222668655537,-85.99243927001953,0.2286267280578613,0.1582922935485839
20250723_141620_214,-31,53,53,30.5,16.692118637598924,-86.19120025634766,0.2295289039611816,0.1019232273101806
20250723_141620_546,-31,53,53,30.5,16.373629801528736,-86.36407470703125,0.2318980693817138,0.1584100723266601
20250723_141620_938,-31,53,53,30.5,16.510880994133828,-86.19056549072266,0.2312510013580322,0.1019778251647949
20250723_141621_273,-31,53,53,30.5,16.724307968435596,-86.01883888244629,0.232180118560791,0.1583137512207031
20250723_141621_664,-30,53,53,30.5,16.685315685426986,-86.04537963867188,0.2293539047241211,0.1019511222839355
20250723_141621_997,-30,53,53,30.5,14.500817906194754,-88.12278747558594,0.2311015129089355,0.1584448814392089
20250723_141622_388,-30,52,52,29.0,14.2866059887387,-88.33963775634766,0.2335302829742431,0.1019952297210693
20250723_141622_725,-30,52,52,29.0,18.35136174838261,-84.49717712402344,0.2306752204895019,0.1584360599517822
20250723_141623_115,-30,52,52,29.0,18.18908319664465,-84.59450836181641,0.2314362525939941,0.1020474433898925
20250723_141623_450,-29,52,52,29.0,17.797001887319695,-85.1113338470459,0.2295742034912109,0.1583409309387207
20250723_141623_839,-29,52,52,29.0,17.49631929018139,-85.48856353759766,0.2324957847595214,0.1019654273986816
20250723_141624_175,-29,52,52,29.0,16.45681544370015,-86.24234771728516,0.2322089672088623,0.1586549282073974
20250723_141624_567,-29,51,51,27.6,16.669038417318333,-86.25458221435547,0.2306511402130127,0.102062702178955
20250723_141624_901,-29,51,51,27.6,19.063775850355924,-83.74221878051758,0.2296998500823974,0.1583092212677002
20250723_141625_291,-29,51,51,27.6,19.044149996369583,-83.74547119140625,0.2300302982330322,0.101959228515625
20250723_141625_624,-28,51,51,27.6,18.109773991461964,-84.89602851867676,0.2302265167236328,0.1583068370819091
20250723_141626_014,-28,51,51,27.6,18.14378155730688,-84.6271873474121,0.2325823307037353,0.101926565170288
20250723_141626_349,-28,51,51,27.6,17.794437089336498,-84.93440246582031,0.2327651977539062,0.1588444709777832
20250723_141626_743,-28,51,51,27.6,17.853218496816467,-85.0110538482666,0.2315328121185302,0.1021373271942138
20250723_141627_078,-28,51,51,27.6,17.80936692191449,-85.01073150634765,0.2299680709838867,0.1585142612457275
20250723_141627_468,-27,51,51,27.6,17.832589647155288,-85.11381568908692,0.2610926628112793,0.1022036075592041
20250723_141627_832,-27,51,51,27.6,16.284543576798995,-86.62202873229981,0.2308652400970459,0.1586239337921142
20250723_141628_223,-27,50,50,26.1,16.338754627288694,-86.38175201416016,0.2304580211639404,0.1019985675811767
20250723_141628_557,-27,50,50,26.1,18.735380932507013,-84.14881324768066,0.230731725692749,0.158259630203247
20250723_141628_947,-27,50,50,26.1,18.735409684654783,-84.1500015258789,0.2310373783111572,0.1019840240478515
20250723_141629_282,-27,50,50,26.1,18.457847311796318,-84.46503295898438,0.2306516170501709,0.1584887504577636
20250723_141629_672,-26,50,50,26.1,18.42164831189639,-84.33943939208984,0.2301740646362304,0.1019783020019531
20250723_141630_006,-26,50,50,26.1,16.011886240699212,-86.75577087402344,0.2306022644042968,0.1583340167999267
20250723_141630_396,-26,49,49,24.7,16.02949843519214,-86.75577087402344,0.2296299934387207,0.1019561290740966
20250723_141630_729,-26,49,49,24.7,18.564878071910076,-84.35260162353515,0.2318582534790039,0.1584837436676025
20250723_141631_120,-26,49,49,24.7,18.454302143594774,-84.46574401855469,0.2301115989685058,0.1019515991210937
20250723_141631_454,-25,49,49,24.7,17.762822714367843,-84.93012962341308,0.2297644615173339,0.1586759090423584
20250723_141631_844,-25,49,49,24.7,17.217741935263618,-85.57539215087891,0.2301397323608398,0.1020219326019287
20250723_141632_177,-25,49,49,24.7,17.22221871241591,-85.65385437011719,0.2295401096343994,0.1584119796752929
20250723_141632_566,-25,49,49,24.7,17.325375272941997,-85.4455337524414,0.2615449428558349,0.1020667552947998
20250723_141632_931,-25,49,49,24.7,17.139445663090342,-85.6795810699463,0.228792667388916,0.1583142280578613
20250723_141633_320,-25,49,49,24.7,17.53108405608009,-85.41636848449707,0.231065034866333,0.101987600326538
20250723_141633_654,-24,49,49,24.7,15.751435654263872,-87.02909965515137,0.2328798770904541,0.1584076881408691
20250723_141634_047,-24,49,49,24.7,15.495902329084076,-87.17037582397461,0.2304129600524902,0.1019501686096191
20250723_141634_380,-24,48,48,23.2,18.249498084002557,-84.59157218933106,0.2312948703765869,0.158379316329956
20250723_141634_771,-24,48,48,23.2,18.33381344364986,-84.49717712402344,0.2317550182342529,0.1021454334259033
20250723_141635_106,-24,48,48,23.2,18.57375441248801,-84.3532943725586,0.2326180934906005,0.1583328247070312
20250723_141635_499,-23,48,48,23.2,18.25665934885748,-84.49833068847657,0.2339005470275879,0.1019492149353027
20250723_141635_836,-23,48,48,23.2,16.362621229981002,-86.20754623413086,0.2313759326934814,0.1583647727966308
20250723_141636_227,-23,47,47,21.8,16.409219476048804,-86.43072509765625,0.2323086261749267,0.1020231246948242
20250723_141636_562,-23,47,47,21.8,17.822652373494833,-85.0110538482666,0.2315123081207275,0.1583952903747558
20250723_141636_954,-23,47,47,21.8,17.676239042018395,-85.16853523254395,0.2309703826904297,0.1019818782806396
20250723_141637_288,-23,47,47,21.8,17.948656086276998,-84.78474426269531,0.2308554649353027,0.1584577560424804
20250723_141637_678,-22,47,47,21.8,18.03050649868004,-84.93424415588379,0.260516881942749,0.1019873619079589
20250723_141638_042,-22,47,47,21.8,15.077148535907554,-87.64739990234375,0.2303893566131591,0.1583702564239502
20250723_141638_432,-22,47,47,21.8,15.08374620330244,-87.6172866821289,0.2313027381896972,0.1019728183746337
20250723_141638_767,-22,46,46,20.3,16.959095676613984,-85.99183311462403,0.2315764427185058,0.1583349704742431
20250723_141639_158,-22,46,46,20.3,17.148887861035092,-85.8642333984375,0.2329165935516357,0.1021389961242675
20250723_141639_494,-21,47,47,21.8,13.367244875103893,-89.36996459960938,0.2306153774261474,0.1583843231201172
20250723_141639_884,-21,47,47,21.8,13.129780428792344,-89.63232154846192,0.2299182415008545,0.1019403934478759
20250723_141640_218,-21,46,46,20.3,15.540156429788894,-87.30543594360351,0.2318165302276611,0.1584196090698242
20250723_141640_609,-21,46,46,20.3,15.45132725726205,-87.26184463500977,0.2296209335327148,0.1019666194915771
20250723_141640_942,-21,46,46,20.3,15.396194464474776,-87.26184463500977,0.2314372062683105,0.1583867073059082
20250723_141641_333,-21,46,46,20.3,15.367780313525516,-87.52386436462402,0.2326662540435791,0.1019947528839111
20250723_141641_669,-20,46,46,20.3,13.393734302708822,-89.30658569335938,0.2303030490875244,0.1583454608917236
20250723_141642_059,-20,46,46,20.3,13.295403315819344,-89.26553344726562,0.2310254573822021,0.102020263671875
20250723_141642_393,-20,45,45,18.9,16.837641568687417,-86.02025604248047,0.2306921482086181,0.1583528518676757
20250723_141642_784,-20,45,45,18.9,16.904529439827755,-85.92417907714844,0.2591044902801513,0.1019623279571533
20250723_141643_146,-20,45,45,18.9,17.51528847793014,-85.32933807373047,0.2302591800689697,0.1583619117736816
20250723_141643_536,-19,45,45,18.9,17.498746782520087,-85.43395652770997,0.2299182415008545,0.1019892692565918
20250723_141643_869,-19,45,45,18.9,14.675484709699646,-88.14798126220703,0.23307466506958,0.1583368778228759
20250723_141644_262,-19,45,45,18.9,14.472772835698905,-88.16930389404297,0.2295737266540527,0.10197114944458
20250723_141644_595,-19,44,44,17.4,18.05296951751572,-84.8216781616211,0.2331016063690185,0.1584084033966064
20250723_141644_988,-19,44,44,17.4,18.037114308482884,-84.79640617370606,0.2320122718811035,0.1020512580871582
20250723_141645_323,-19,44,44,17.4,18.28938975440592,-84.46503295898438,0.2329375743865966,0.1583173274993896
20250723_141645_716,-18,44,44,17.4,18.40238906817268,-84.46574401855469,0.2327117919921875,0.1019399166107177
20250723_141646_051,-18,44,44,17.4,15.582574426578446,-87.22405853271485,0.2294893264770507,0.1583735942840576
20250723_141646_441,-18,44,44,17.4,15.984184252201104,-86.92828369140625,0.2313954830169677,0.1020383834838867
20250723_141646_775,-18,44,44,17.4,16.406732553632935,-86.2984390258789,0.2315816879272461,0.1583588123321533
20250723_141647_167,-18,44,44,17.4,16.006429086268426,-86.76518783569335,0.2318801879882812,0.1020302772521972
20250723_141647_502,-17,44,44,17.4,13.544887231700343,-89.1384048461914,0.2298266887664795,0.1582956314086914
20250723_141647_892,-17,44,44,17.4,13.537357078770512,-89.26553344726562,0.2341976165771484,0.1019086837768554
20250723_141648_229,-17,43,43,16.0,17.02969889584891,-85.76346740722657,0.2310080528259277,0.1583685874938964
20250723_141648_620,-17,43,43,16.0,16.95188401999519,-85.78691101074219,0.2270896434783935,0.1020030975341796
20250723_141648_950,-17,43,43,16.0,17.070570471972033,-85.78691101074219,0.2304568290710449,0.1583325862884521
20250723_141649_340,-17,43,43,16.0,16.785695490419386,-85.9116439819336,0.2300045490264892,0.101963996887207
20250723_141649_673,-16,43,43,16.0,15.394420667121564,-87.46182250976562,0.2298328876495361,0.1583361625671386
20250723_141650_063,-16,43,43,16.0,15.13801804481642,-87.57687377929688,0.2304737567901611,0.1019315719604492
20250723_141650_396,-16,42,42,14.5,18.512277190278738,-84.47386169433594,0.2314808368682861,0.1583166122436523
20250723_141650_787,-16,42,42,14.5,18.72592966548416,-84.08677597045899,0.2310307025909423,0.1019999980926513
20250723_141651_122,-16,42,42,14.5,18.564909495534124,-84.38937911987304,0.2297530174255371,0.1583547592163086
20250723_141651_511,-15,43,43,16.0,18.44460242239448,-84.4771499633789,0.2312674522399902,0.1019022464752197
20250723_141651_846,-15,42,42,14.5,16.27384786334666,-86.56070747375489,0.2308499813079834,0.1583235263824463
20250723_141652_236,-15,42,42,14.5,16.20465759842415,-86.60035362243653,0.2305045127868652,0.101952314376831
20250723_141652_570,-15,42,42,14.5,16.358266329555036,-86.29627838134766,0.2292993068695068,0.1583695411682129
20250723_141652_959,-15,42,42,14.5,16.400381340433484,-86.2552261352539,0.2621653079986572,0.1020019054412841
20250723_141653_324,-15,42,42,14.5,16.968519607790867,-85.78691101074219,0.2322518825531005,0.1583030223846435
20250723_141653_716,-14,42,42,14.5,16.77574309112046,-85.9321517944336,0.2312307357788086,0.1019389629364013
20250723_141654_050,-14,42,42,14.5,13.029433751978871,-89.76631164550781,0.2303454875946045,0.1587591171264648
20250723_141654_441,-14,41,41,13.1,13.169076030523726,-89.59184188842774,0.2314810752868652,0.1022145748138427
20250723_141654_776,-14,41,41,13.1,16.698898927135602,-86.12768783569337,0.2315549850463867,0.1585099697113037
20250723_141655_168,-14,41,41,13.1,16.67360289101191,-86.04537963867188,0.2323360443115234,0.1022150516510009
20250723_141655_504,-13,41,41,13.1,13.48174871151339,-89.1384048461914,0.2322809696197509,0.1584622859954834
20250723_141655_896,-13,41,41,13.1,13.64303679696384,-89.0556869506836,0.2332050800323486,0.1022367477416992
20250723_141656_233,-13,40,40,11.6,18.43196009231013,-84.41168327331543,0.2317516803741455,0.1585874557495117
20250723_141656_625,-13,40,40,11.6,18.376209287147503,-84.49603271484375,0.2306001186370849,0.1023473739624023
20250723_141656_959,-13,40,40,11.6,18.618278674693716,-84.1604736328125,0.2322981357574463,0.1586353778839111
20250723_141657_352,-13,40,40,11.6,18.402070062200394,-84.4119644165039,0.2321996688842773,0.1022925376892089
20250723_141657_688,-12,40,40,11.6,16.86143043789795,-85.8481517791748,0.2333254814147949,0.1583466529846191
20250723_141658_081,-12,40,40,11.6,17.042337534758502,-85.73701477050781,0.2618081569671631,0.101985216140747
20250723_141658_446,-12,39,39,10.2,19.307766118061167,-83.63788604736328,0.2299847602844238,0.158513069152832
20250723_141658_836,-12,39,39,10.2,19.180268974439585,-83.6009750366211,0.2317917346954345,0.1023831367492675
20250723_141659_172,-12,40,40,11.6,16.774208184375453,-86.04537963867188,0.232814073562622,0.1582350730895996
20250723_141659_564,-11,40,40,11.6,16.96118177830776,-85.95496826171875,0.2303016185760498,0.1020638942718505
20250723_141659_898,-11,40,40,11.6,13.761427551827722,-88.83988952636719,0.2305309772491455,0.158379316329956
20250723_141700_288,-11,39,39,10.2,13.947725603456462,-88.63431549072266,0.232074499130249,0.101982831954956
20250723_141700_623,-11,39,39,10.2,17.60384481038581,-85.15500335693359,0.23301362991333,0.1583626270294189
20250723_141701_016,-11,39,39,10.2,17.400075109636134,-85.3607177734375,0.2314701080322265,0.1020374298095703
20250723_141701_351,-10,39,39,10.2,17.926866392397514,-84.96289138793945,0.2315289974212646,0.1584205627441406
20250723_141701_742,-10,39,39,10.2,16.170030094479927,-86.61758575439453,0.2300033569335937,0.1019330024719238
20250723_141702_075,-10,39,39,10.2,14.662446949905004,-87.91530876159668,0.2294628620147705,0.1583349704742431
20250723_141702_464,-10,38,38,8.7,14.79117000469941,-87.80855674743653,0.2314276695251464,0.1020956039428711
20250723_141702_799,-10,38,38,8.7,18.16690884355785,-84.6541648864746,0.2289419174194336,0.1583499908447265
20250723_141703_188,-10,38,38,8.7,18.16000044638784,-84.6549072265625,0.2606630325317383,0.1019392013549804
20250723_141703_551,-9,38,38,8.7,15.973262901580329,-86.68850555419922,0.2309985160827636,0.1584405899047851
20250723_141703_942,-9,38,38,8.7,15.727946812356194,-87.02986907958984,0.2302939891815185,0.1020286083221435
20250723_141704_276,-9,38,38,8.7,15.603832526835504,-87.21359252929688,0.2296884059906005,0.1583607196807861
20250723_141704_665,-9,37,37,7.3,15.6893054392159,-87.0042495727539,0.2333667278289795,0.1020178794860839
20250723_141705_002,-9,37,37,7.3,18.620541454026156,-84.08429718017578,0.2304975986480713,0.1584086418151855
20250723_141705_392,-9,37,37,7.3,18.553704825700976,-84.3216396331787,0.2324094772338867,0.1019847393035888
20250723_141705_728,-8,38,38,8.7,14.707988444406324,-88.12278747558594,0.2311680316925048,0.1583764553070068
20250723_141706_119,-8,38,38,8.7,14.331450208439476,-88.4224235534668,0.2303001880645752,0.1020476818084716
20250723_141706_452,-8,37,37,7.3,16.852667590267686,-86.04026908874512,0.2320172786712646,0.1589314937591552
20250723_141706_845,-8,37,37,7.3,17.22855037050111,-85.53058433532715,0.2329246997833252,0.1019830703735351
20250723_141707_181,-8,37,37,7.3,16.256545839114352,-86.72980041503907,0.2311537265777588,0.1583597660064697
20250723_141707_572,-7,37,37,7.3,16.339615707772154,-86.38617706298828,0.2318117618560791,0.1019988059997558
20250723_141707_907,-7,37,37,7.3,13.927669955003111,-88.66229782104493,0.233245849609375,0.1583542823791504
20250723_141708_299,-7,36,36,5.8,13.947293549275557,-88.7779541015625,0.2612314224243164,0.1019666194915771
20250723_141708_664,-7,36,36,5.8,18.53668821418799,-84.29512901306153,0.2333254814147949,0.15834641456604
20250723_141709_057,-7,36,36,5.8,18.6436450019728,-84.20329284667969,0.2279229164123535,0.1019971370697021
20250723_141709_388,-6,36,36,5.8,17.98532634009159,-84.8855136871338,0.2328822612762451,0.158351182937622
20250723_141709_781,-6,36,36,5.8,16.002066826281833,-86.71113357543946,0.2324423789978027,0.1020762920379638
20250723_141710_117,-6,36,36,5.8,16.281988848536855,-86.5257797241211,0.2324335575103759,0.1582796573638916
20250723_141710_509,-6,36,36,5.8,16.280683342778914,-86.52486610412598,0.230771780014038,0.1020257472991943
20250723_141710_843,-6,36,36,5.8,16.69313019759852,-86.12810516357422,0.2301611900329589,0.1584019660949707
20250723_141711_232,-6,36,36,5.8,16.53522953745569,-86.24149208068847,0.2317581176757812,0.1019849777221679
20250723_141711_567,-5,35,35,4.4,15.016686645172214,-87.60466232299805,0.231851577758789,0.1582996845245361
20250723_141711_959,-5,35,35,4.4,14.917880455595975,-87.69506072998047,0.2294237613677978,0.1020131111145019
20250723_141712_292,-5,35,35,4.4,14.704470492285791,-87.97335052490234,0.2312595844268798,0.1583108901977539
20250723_141712_682,-5,35,35,4.4,14.432906396846292,-88.31849479675293,0.2320318222045898,0.1019594669342041
20250723_141713_018,-5,35,35,4.4,15.779809102069692,-87.01396903991699,0.2313976287841797,0.1583123207092285
20250723_141713_409,-4,35,35,4.4,15.781376492679584,-87.09198760986328,0.2346906661987304,0.1019823551177978
20250723_141713_747,-4,35,35,4.4,12.55833642979468,-90.1706085205078,0.2309358119964599,0.1583287715911865
20250723_141714_137,-4,34,34,2.9,12.255741920324551,-90.18121337890624,0.2309632301330566,0.1019670963287353
20250723_141714_471,-4,34,34,2.9,15.857019831712066,-86.75577087402344,0.232816457748413,0.1583747863769531
20250723_141714_864,-4,34,34,2.9,15.547497419011748,-87.21145820617676,0.2320361137390136,0.1019926071166992
20250723_141715_199,-4,34,34,2.9,17.005760934868903,-85.99183311462403,0.2305414676666259,0.1583011150360107
20250723_141715_589,-3,34,34,2.9,17.00730977255928,-85.68014526367188,0.230764627456665,0.1019327640533447
20250723_141715_923,-3,34,34,2.9,14.463982109655802,-88.1290714263916,0.2313063144683838,0.1583437919616699
20250723_141716_314,-3,33,33,1.5,14.300049645326157,-88.25602188110352,0.2328457832336425,0.1020431518554687
20250723_141716_650,-3,33,33,1.5,17.800731653276586,-84.93440246582031,0.2313199043273925,0.1586453914642334
20250723_141717_042,-3,33,33,1.5,17.801329602383092,-84.95858879089356,0.2319588661193847,0.1019618511199951
20250723_141717_377,-2,33,33,1.5,17.73878592915608,-85.21837615966797,0.231555700302124,0.1583766937255859
20250723_141717_768,-2,33,33,1.5,15.753916375932334,-87.1128921508789,0.2328212261199951,0.1019783020019531
20250723_141718_104,-2,33,33,1.5,16.27289094233531,-86.65042533874512,0.2327654361724853,0.1583333015441894
20250723_141718_497,-2,33,33,1.5,16.118568159761736,-86.5845287322998,0.2792038917541504,0.1019873619079589
20250723_141718_879,-2,33,33,1.5,16.86089315048136,-86.22523498535156,0.2312333583831787,0.1583590507507324
20250723_141719_270,-2,32,32,0.0,16.64433819743904,-86.19056549072266,0.2289900779724121,0.1020839214324951
20250723_141719_602,-1,33,33,1.5,13.385125758500294,-89.44102478027344,0.2341165542602539,0.1582691669464111
20250723_141719_996,-1,33,33,1.5,13.287474134506668,-89.47698974609375,0.2309114933013916,0.1019802093505859
20250723_141720_330,-1,32,32,0.0,16.863369313059195,-85.86482238769531,0.2326629161834716,0.1582870483398437
20250723_141720_723,-1,32,32,0.0,16.96818391665002,-85.81790924072266,0.2307193279266357,0.1020293235778808
20250723_141721_057,-1,32,32,0.0,17.26892710791708,-85.65292053222656,0.2346494197845459,0.1584136486053466
20250723_141721_451,0,32,32,0.0,17.136984219273458,-85.60916137695312,0.2337379455566406,0.1024186611175537
20250723_141721_789,0,32,32,0.0,14.757885855614774,-87.79197692871094,0.2314813137054443,0.1587703227996826
20250723_141722_181,0,32,32,0.0,14.802045752710669,-87.97175979614258,0.2313401699066162,0.1020436286926269
20250723_141722_516,0,31,31,-1.5,17.58952621098186,-85.23517036437988,0.2305026054382324,0.1590352058410644
20250723_141722_907,0,31,31,-1.5,17.769223038670305,-84.93123626708984,0.2308511734008789,0.1026439666748046
20250723_141723_242,0,31,31,-1.5,17.914568239617296,-84.80871086120605,0.2327136993408203,0.1583874225616455
20250723_141723_635,1,31,31,-1.5,18.033848617377927,-84.85456237792968,0.2627606391906738,0.1019818782806396
20250723_141724_001,1,31,31,-1.5,16.477992076407304,-86.35967254638672,0.2324249744415283,0.1583635807037353
20250723_141724_393,1,30,30,-2.9,16.532347342035905,-86.35726318359376,0.2327778339385986,0.1024715900421142
20250723_141724_730,1,30,30,-2.9,19.23591098091532,-83.54532623291016,0.2310287952423095,0.1585674285888672
20250723_141725_121,1,30,30,-2.9,19.248716971958277,-83.73306465148926,0.2306160926818847,0.1021497249603271
20250723_141725_455,2,30,30,-2.9,16.417540509383528,-86.38086814880371,0.2313556671142578,0.1585874557495117
20250723_141725_846,2,31,31,-1.5,16.177749514443917,-86.45767211914062,0.2305741310119629,0.1020088195800781
20250723_141726_180,2,30,30,-2.9,15.760880264647952,-86.89203796386718,0.2310309410095214,0.1583254337310791
20250723_141726_571,2,30,30,-2.9,15.845310904109269,-86.84375762939453,0.2326545715332031,0.1018838882446289
20250723_141726_907,2,30,30,-2.9,17.301417275372742,-85.48856353759766,0.2341489791870117,0.158381700515747
20250723_141727_300,2,30,30,-2.9,17.44572059773617,-85.42044639587402,0.2333736419677734,0.1019775867462158
20250723_141727_637,3,30,30,-2.9,13.864190808701196,-88.7999225616455,0.2311701774597168,0.1586270332336425
20250723_141728_029,3,30,30,-2.9,13.931017449263608,-88.6641616821289,0.2328083515167236,0.1019721031188964
20250723_141728_365,3,29,29,-4.4,18.380326015398296,-84.62821960449219,0.2331585884094238,0.1583497524261474
20250723_141728_758,3,29,29,-4.4,18.48960867981904,-84.37443656921387,0.2596480846405029,0.1019878387451171
20250723_141729_120,3,29,29,-4.4,17.407689336486214,-85.4202693939209,0.2311429977416992,0.1583833694458007
20250723_141729_511,4,29,29,-4.4,17.479435876024283,-85.4591163635254,0.2300117015838623,0.1020314693450927
20250723_141729_845,4,29,29,-4.4,15.430005957633824,-87.48458862304688,0.2328667640686035,0.1587417125701904
20250723_141730_238,4,28,28,-5.8,14.017810015845455,-88.6641616821289,0.2324805259704589,0.1019713878631591
20250723_141730_573,4,28,28,-5.8,18.31864533623218,-84.43170166015625,0.2321040630340576,0.1582839488983154
20250723_141730_965,4,28,28,-5.8,18.32135350223045,-84.48800735473633,0.2325191497802734,0.101957082748413
20250723_141731_301,4,28,28,-5.8,18.74162813670577,-84.20262336730957,0.2321827411651611,0.1583788394927978
20250723_141731_693,5,28,28,-5.8,18.77463018654646,-84.03914642333984,0.2322251796722412,0.1019732952117919
20250723_141732_028,5,28,28,-5.8,16.195951558517663,-86.58011474609376,0.2308187484741211,0.1583287715911865
20250723_141732_419,5,28,28,-5.8,16.126332314898917,-86.73651504516602,0.2349545955657959,0.1019942760467529
20250723_141732_757,5,28,28,-5.8,17.146787050290612,-85.53058433532715,0.2312126159667968,0.1583719253540039
20250723_141733_148,5,28,28,-5.8,17.245533222696707,-85.57539215087891,0.2314364910125732,0.1019704341888427
20250723_141733_483,6,28,28,-5.8,12.694012758802527,-90.0145492553711,0.2307493686676025,0.1583926677703857
20250723_141733_873,6,28,28,-5.8,12.69530888802123,-90.0145492553711,0.2609469890594482,0.1019628047943115
20250723_141734_237,6,27,27,-7.3,17.178573379361865,-85.62400817871094,0.2321860790252685,0.1583645343780517
20250723_141734_629,6,27,27,-7.3,17.301028306515917,-85.5575942993164,0.2324235439300537,0.1019744873046875
20250723_141734_965,6,27,27,-7.3,18.05210842576963,-84.83096313476562,0.2324085235595703,0.1583132743835449
20250723_141735_357,6,27,27,-7.3,17.87749486206839,-84.88707733154297,0.2323410511016845,0.1020073890686035
20250723_141735_692,7,27,27,-7.3,14.474474835174092,-87.9925537109375,0.2331714630126953,0.1583585739135742
20250723_141736_085,7,27,27,-7.3,14.803424965685366,-87.99897003173828,0.23325777053833,0.1021127700805664
20250723_141736_422,7,26,26,-8.7,18.385989898957448,-84.50004577636719,0.2335362434387207,0.1583023071289062
20250723_141736_815,7,26,26,-8.7,18.37974675161261,-84.37820205688476,0.2299461364746093,0.1019363403320312
20250723_141737_148,7,26,26,-8.7,18.347287732575538,-84.50004577636719,0.230961799621582,0.1583573818206787
20250723_141737_539,8,27,27,-7.3,18.406479390649707,-84.42887878417969,0.2302134037017822,0.1020078659057617
20250723_141737_872,8,27,27,-7.3,12.364561783504712,-90.23462677001952,0.2316060066223144,0.1583507061004638
20250723_141738_264,8,25,25,-10.2,12.46163306331472,-90.1706085205078,0.232908010482788,0.1019642353057861
20250723_141738_600,8,25,25,-10.2,19.320726692053043,-83.57039260864258,0.2322430610656738,0.158341646194458
20250723_141738_992,8,26,26,-8.7,19.05608050589696,-83.6190975189209,0.2311122417449951,0.1020648479461669
20250723_141739_326,9,26,26,-8.7,17.08696186567036,-85.78691101074219,0.2310233116149902,0.1586396694183349
20250723_141739_717,9,26,26,-8.7,16.86311359879666,-85.9116439819336,0.2314763069152832,0.1019413471221923
20250723_141740_052,9,26,26,-8.7,14.23339817046525,-88.63394393920899,0.2314076423645019,0.1583218574523925
20250723_141740_443,9,25,25,-10.2,14.233757096488034,-88.31884002685547,0.2326691150665283,0.1020646095275878
20250723_141740_779,9,25,25,-10.2,17.186165179155054,-85.63517761230469,0.2314028739929199,0.1584045886993408
20250723_141741_170,9,25,25,-10.2,17.18770139554914,-85.66886138916016,0.2314639091491699,0.1020538806915283
20250723_141741_505,10,25,25,-10.2,14.680377800057087,-88.09219856262207,0.2313692569732666,0.1582932472229004
20250723_141741_896,10,25,25,-10.2,14.44570865817326,-88.31193542480469,0.2333130836486816,0.1019725799560546
20250723_141742_232,10,24,24,-11.6,17.18799114883211,-85.634619140625,0.2337629795074463,0.158365249633789
20250723_141742_626,10,NO_RADIO,24,-11.6,17.074451373558034,-85.66867370605469,0.1558716297149658,0.1019661426544189
20250723_141742_885,10,24,24,-11.6,17.52140366543692,-85.15900421142578,0.2353479862213134,0.1582803726196289
20250723_141743_280,10,24,24,-11.6,17.69140075557503,-85.0892448425293,0.2308363914489746,0.1019985675811767
20250723_141743_614,11,24,24,-11.6,14.801091626328455,-88.12278747558594,0.2312114238739013,0.15838623046875
20250723_141744_005,11,24,24,-11.6,14.65494476148058,-88.12940216064453,0.2629094123840332,0.1020491123199462
20250723_141744_371,11,23,23,-13.1,18.32126767672389,-84.56657409667969,0.2318153381347656,0.1583437919616699
20250723_141744_763,11,24,24,-11.6,18.294511423220897,-84.6271873474121,0.2337195873260498,0.1019167900085449
20250723_141745_099,11,23,23,-13.1,18.041515755654856,-84.68475341796875,0.231281042098999,0.1583733558654785
20250723_141745_490,12,23,23,-13.1,18.0422320642747,-84.85580444335938,0.2320101261138916,0.1019299030303955
20250723_141745_826,12,23,23,-13.1,16.54043284769044,-86.2552261352539,0.2307956218719482,0.1583871841430664
20250723_141746_216,12,23,23,-13.1,16.598489404456515,-86.2552261352539,0.2361481189727783,0.1019618511199951
20250723_141746_555,12,22,22,-14.5,19.62555452599817,-83.24492645263672,0.2308380603790283,0.1583216190338134
20250723_141746_946,12,23,23,-13.1,19.551024952087914,-83.28759727478027,0.2408950328826904,0.1019611358642578
20250723_141747_290,12,23,23,-13.1,17.396534840192004,-85.38475723266602,0.2339482307434082,0.1583621501922607
20250723_141747_684,13,23,23,-13.1,17.326539686242853,-85.48856353759766,0.2310559749603271,0.1020047664642334
20250723_141748_018,13,23,23,-13.1,14.654517668702852,-88.16930389404297,0.2322742938995361,0.1583096981048584
20250723_141748_410,13,22,22,-14.5,14.743794422400583,-88.0182876586914,0.2340848445892334,0.1019768714904785
20250723_141748_747,13,22,22,-14.5,17.89418423797227,-84.89649963378906,0.2318260669708252,0.1583127975463867
20250723_141749_138,13,22,22,-14.5,17.810591994888597,-84.9598617553711,0.2654132843017578,0.1019761562347412
20250723_141749_507,14,22,22,-14.5,15.845020631130566,-86.92803268432617,0.2357649803161621,0.1582973003387451
20250723_141749_903,14,22,22,-14.5,15.694006525634832,-87.02986907958984,0.2340312004089355,0.1019883155822753
20250723_141750_240,14,21,21,-16.0,19.15316069260213,-83.64082336425781,0.2321858406066894,0.1583364009857177
20250723_141750_632,14,21,21,-16.0,19.530537538548145,-83.40846061706543,0.234086275100708,0.1019072532653808
20250723_141750_969,14,21,21,-16.0,18.9097023757693,-84.00161743164062,0.2343990802764892,0.1583082675933838
20250723_141751_363,14,22,22,-14.5,18.75032363569497,-83.91772537231445,0.2347304821014404,0.1019439697265625
20250723_141751_701,15,22,22,-14.5,13.652072000115226,-89.03116607666016,0.2365896701812744,0.1585280895233154
20250723_141752_097,15,22,22,-14.5,13.693049798494089,-89.03116607666016,0.229400634765625,0.1019551753997802
20250723_141752_430,15,21,21,-16.0,16.997575846817284,-85.8642333984375,0.2338449954986572,0.1586635112762451
20250723_141752_824,15,21,21,-16.0,16.95869512366076,-85.769775390625,0.2339701652526855,0.1019735336303711
20250723_141753_161,15,21,21,-16.0,18.10172959592896,-84.69930992126464,0.2330989837646484,0.1584506034851074
20250723_141753_554,16,21,21,-16.0,18.08913625295382,-84.69901008605957,0.2330312728881836,0.1022019386291503
20250723_141753_890,16,21,21,-16.0,15.080140072580576,-87.60612487792969,0.2323830127716064,0.1587662696838379
20250723_141754_283,16,20,20,-17.4,16.248055509518167,-86.73194885253906,0.2364664077758789,0.1025693416595459
20250723_141754_624,16,20,20,-17.4,18.218012646199583,-84.5661376953125,0.2334527969360351,0.1585566997528076
20250723_141755_017,16,20,20,-17.4,18.41352951437942,-84.42887878417969,0.2305572032928466,0.1020393371582031
20250723_141755_351,17,20,20,-17.4,17.653304078527,-85.15900421142578,0.2320644855499267,0.1586458683013916
20250723_141755_743,17,20,20,-17.4,15.91583555116398,-86.80259895324707,0.2314398288726806,0.1019530296325683
20250723_141756_078,17,20,20,-17.4,15.609325111332026,-87.22432708740234,0.234156847000122,0.158384084701538
20250723_141756_472,17,19,19,-18.9,15.764637738066767,-86.92803268432617,0.2360000610351562,0.1020815372467041
20250723_141756_811,17,19,19,-18.9,18.54766428075203,-84.38895988464355,0.2314844131469726,0.1584510803222656
20250723_141757_202,17,19,19,-18.9,18.689534065741583,-84.20060729980469,0.2316980361938476,0.1019618511199951
20250723_141757_537,18,19,19,-18.9,16.0971669161476,-86.63702392578125,0.2304344177246093,0.1583590507507324
20250723_141757_927,18,19,19,-18.9,15.532033551912376,-87.16003646850587,0.2311460971832275,0.1020901203155517
20250723_141758_262,18,18,18,-20.3,19.6803943785188,-83.16567726135254,0.2313416004180908,0.1582965850830078
20250723_141758_653,18,19,19,-18.9,19.509269025921,-83.21012268066406,0.233030080795288,0.1022567749023437
20250723_141758_990,18,19,19,-18.9,17.442021582767353,-85.3886329650879,0.2327191829681396,0.1584041118621826
20250723_141759_382,19,19,19,-18.9,17.476121810505333,-85.43484497070312,0.2622458934783935,0.1019513607025146
20250723_141759_748,19,19,19,-18.9,15.071642758213043,-87.57687377929688,0.2317349910736084,0.1583356857299804
20250723_141800_139,19,18,18,-20.3,14.642884423067414,-87.93932838439942,0.2268421649932861,0.1020634174346923
20250723_141800_469,19,18,18,-20.3,18.254731850811357,-84.69976043701172,0.2344131469726562,0.1583707332611084
20250723_141800_863,19,18,18,-20.3,18.082238142837863,-84.71406059265136,0.2317116260528564,0.1019766330718994
20250723_141801_198,19,18,18,-20.3,18.540418989108773,-84.25411796569824,0.2334585189819336,0.1582894325256347
20250723_141801_591,20,18,18,-20.3,18.61230741798873,-84.15888786315918,0.2317521572113037,0.101982831954956
20250723_141801_926,20,18,18,-20.3,16.601415151579815,-86.11039772033692,0.232635498046875,0.1583211421966552
20250723_141802_319,20,17,17,-21.8,16.832581008553802,-85.86482238769531,0.2334957122802734,0.1020643711090087
20250723_141802_656,20,17,17,-21.8,18.71006684824559,-84.20007209777832,0.237748384475708,0.1585667133331298
20250723_141803_054,20,17,17,-21.8,18.734243250128927,-84.14881324768066,0.2348506450653076,0.1019971370697021
20250723_141803_392,21,17,17,-21.8,17.266990576751766,-85.61658477783203,0.2323591709136963,0.1585910320281982
20250723_141803_784,21,17,17,-21.8,16.693504138046592,-86.10957107543946,0.2366602420806884,0.1020357608795166
20250723_141804_124,21,17,17,-21.8,16.440612829594627,-86.2984390258789,0.2299919128417968,0.158447265625
20250723_141804_514,21,17,17,-21.8,16.52798068851888,-86.14002075195313,0.2621796131134033,0.1020257472991943
20250723_141804_879,21,17,17,-21.8,16.527655242876136,-86.35967254638672,0.2315766811370849,0.158365249633789
20250723_141805_271,21,16,16,-23.2,16.647599284613307,-86.175984954834,0.2322914600372314,0.101966381072998
20250723_141805_606,22,17,17,-21.8,14.102174207399967,-88.33963775634766,0.2331860065460205,0.1583418846130371
20250723_141805_999,22,17,17,-21.8,14.037481026600176,-88.33963775634766,0.232271671295166,0.1019811630249023
20250723_141806_334,22,16,16,-23.2,17.476023263668623,-85.29129028320312,0.230945348739624,0.1583125591278076
20250723_141806_725,22,16,16,-23.2,17.339710118047904,-85.54662322998047,0.2315928936004638,0.1020014286041259
20250723_141807_060,22,16,16,-23.2,17.50789440237405,-85.37474060058594,0.2315635681152343,0.1583380699157714
20250723_141807_451,23,16,16,-23.2,17.507959425258377,-85.3016357421875,0.2335901260375976,0.1019735336303711
20250723_141807_788,23,16,16,-23.2,15.013305431434162,-87.69506072998047,0.2326681613922119,0.1583437919616699
20250723_141808_180,23,15,15,-24.7,15.01347877019549,-87.72511291503906,0.230715274810791,0.1019258499145507
20250723_141808_514,23,15,15,-24.7,17.928304710515476,-84.88394165039062,0.231633186340332,0.1583054065704345
20250723_141808_905,23,15,15,-24.7,18.531968070457253,-84.38895988464355,0.23441743850708,0.1019394397735595
20250723_141809_243,23,15,15,-24.7,18.08243343883865,-84.63562393188477,0.2335011959075927,0.15836763381958
20250723_141809_636,24,15,15,-24.7,18.280625144800013,-84.64006042480469,0.2587432861328125,0.1020393371582031
20250723_141809_998,24,15,15,-24.7,16.474448634278744,-86.36407470703125,0.2334792613983154,0.1583938598632812
20250723_141810_391,24,14,14,-26.1,16.173921247480763,-86.65113067626953,0.231353759765625,0.1019706726074218
20250723_141810_726,24,14,14,-26.1,19.18613091594609,-83.81085891723633,0.234633207321167,0.1583044528961181
20250723_141811_120,24,NO_RADIO,14,-26.1,19.358475024032018,-83.59083824157715,0.1570556163787841,0.1019725799560546
20250723_141811_381,25,NO_RADIO,14,-26.1,18.88833681140656,-83.86049461364746,0.1612601280212402,0.1588318347930908
20250723_141811_702,25,14,14,-26.1,17.832315997192325,-84.8495864868164,0.244551420211792,0.1019744873046875
20250723_141812_050,25,14,14,-26.1,17.43743638855382,-85.57392959594726,0.2321608066558838,0.1583452224731445
20250723_141812_442,25,14,14,-26.1,17.38686834889417,-85.32933807373047,0.231745958328247,0.1019837856292724
20250723_141812_777,25,14,14,-26.1,17.477715551398717,-85.15500335693359,0.2331151962280273,0.1583189964294433
20250723_141813_169,25,14,14,-26.1,17.50851323882999,-85.20940399169922,0.234229564666748,0.1020121574401855
20250723_141813_507,26,14,14,-26.1,15.302180834907162,-87.38697319030761,0.2320899963378906,0.1583306789398193
20250723_141813_899,26,14,14,-26.1,15.152466134431537,-87.57687377929688,0.2331480979919433,0.1019916534423828
20250723_141814_235,26,13,13,-27.6,16.966747626630678,-85.76765441894531,0.2316703796386718,0.1583681106567382
20250723_141814_626,26,13,13,-27.6,16.946892246777125,-85.99243927001953,0.2340764999389648,0.1019644737243652
20250723_141814_964,26,13,13,-27.6,17.296175597218905,-85.45858192443848,0.2324514389038086,0.1583199501037597
20250723_141815_356,26,13,13,-27.6,17.48144795078636,-85.3886329650879,0.2306766510009765,0.1019952297210693
20250723_141815_690,27,13,13,-27.6,15.361595728213189,-87.28385925292969,0.2334389686584472,0.1583733558654785
20250723_141816_083,27,13,13,-27.6,15.470828579865966,-87.30543594360351,0.2335653305053711,0.1020817756652832
20250723_141816_420,27,12,12,-29.0,18.741545327990323,-84.10508575439454,0.2320015430450439,0.1583657264709472
20250723_141816_811,27,12,12,-29.0,18.84903961622396,-84.08429718017578,0.2322158813476562,0.1019833087921142
20250723_141817_147,27,12,12,-29.0,18.540587080455595,-84.3216396331787,0.2340600490570068,0.158318281173706
20250723_141817_540,28,12,12,-29.0,18.69924043198993,-84.24572296142578,0.2319929599761963,0.101921796798706
20250723_141817_876,28,12,12,-29.0,18.02091657711425,-84.78474426269531,0.2337465286254882,0.1584017276763916
20250723_141818_269,28,12,12,-29.0,18.063715881274334,-84.66056823730469,0.2339279651641845,0.1020088195800781
20250723_141818_606,28,12,12,-29.0,18.281780075006186,-84.63710021972656,0.2352855205535888,0.1583940982818603
20250723_141819_001,28,12,12,-29.0,18.25224955105368,-84.69930992126464,0.2336592674255371,0.1020021438598632
20250723_141819_338,29,11,11,-30.5,19.488840863491674,-83.26777572631836,0.2340521812438964,0.1583623886108398
20250723_141819_732,29,12,12,-29.0,18.13835272579206,-84.77999916076661,0.2366542816162109,0.1020371913909912
20250723_141820_072,29,12,12,-29.0,16.707162783614336,-86.15596618652344,0.2346768379211425,0.158503770828247
20250723_141820_466,29,11,11,-30.5,16.58362408754479,-86.15743255615234,0.2348561286926269,0.101966381072998
20250723_141820_805,29,11,11,-30.5,17.98676625001653,-84.89649963378906,0.2343895435333252,0.1584162712097168
20250723_141821_199,29,11,11,-30.5,17.867837103726472,-84.88253479003906,0.2339620590209961,0.1019032001495361
20250723_141821_536,30,11,11,-30.5,15.54755245852175,-87.26211547851562,0.2335081100463867,0.1584193706512451
20250723_141821_929,30,11,11,-30.5,15.513532299269857,-87.26753997802734,0.2334687709808349,0.1019937992095947
20250723_141822_266,30,10,10,-31.9,18.39589354351351,-84.37834167480469,0.234776496887207,0.1582920551300048
20250723_141822_660,30,10,10,-31.9,18.337766178512425,-84.48857879638672,0.2332606315612793,0.1019964218139648
20250723_141822_997,30,10,10,-31.9,18.22373798450805,-84.56657409667969,0.2363524436950683,0.1584334373474121
20250723_141823_393,31,10,10,-31.9,18.36509688284985,-84.4771499633789,0.2327556610107422,0.1021201610565185
20250723_141823_729,31,10,10,-31.9,17.0572460416395,-85.76612243652343,0.2342031002044677,0.1583194732666015
20250723_141824_123,31,10,10,-31.9,17.017068834949228,-85.79058570861817,0.2355091571807861,0.1019985675811767
20250723_141824_462,31,9,9,-33.4,19.08630699803402,-83.74089050292969,0.2351083755493164,0.1583807468414306
20250723_141824_856,31,10,10,-31.9,19.297046421552864,-83.44737243652344,0.2656140327453613,0.1019704341888427
20250723_141825_225,31,9,9,-33.4,19.69048165230889,-83.18058280944824,0.2318472862243652,0.1584081649780273
20250723_141825_617,32,10,10,-31.9,19.620438886358,-83.1731746673584,0.2337722778320312,0.102001667022705
20250723_141825_954,32,10,10,-31.9,15.9983929658284,-86.83392333984375,0.2321817874908447,0.158585786819458
20250723_141826_346,32,9,9,-33.4,15.998653173298592,-86.89303092956543,0.2353365421295166,0.1021132469177246
20250723_141826_685,32,9,9,-33.4,18.897938976992226,-84.01148681640625,0.2324330806732177,0.1586561203002929
20250723_141827_078,32,9,9,-33.4,18.73091099922129,-83.95022430419922,0.233588695526123,0.1021301746368408
20250723_141827_415,33,9,9,-33.4,17.334574218647546,-85.41212348937988,0.2345633506774902,0.1584866046905517
20250723_141827_809,33,9,9,-33.4,17.227146288374257,-85.49939727783203,0.2355551719665527,0.101957082748413
20250723_141828_148,33,9,9,-33.4,17.190767063226048,-85.66510772705078,0.2326803207397461,0.1583540439605713
20250723_141828_540,33,8,8,-34.8,17.058921941668743,-85.65292053222656,0.2341475486755371,0.1020674705505371
20250723_141828_877,33,8,8,-34.8,18.40170666998596,-84.51370811462402,0.2317802906036377,0.1584577560424804
20250723_141829_269,33,8,8,-34.8,18.364355341599136,-84.48857879638672,0.2318170070648193,0.1020216941833496
20250723_141829_604,34,9,9,-33.4,15.01420463186264,-87.80613021850586,0.2338550090789795,0.1583211421966552
20250723_141829_998,34,8,8,-34.8,14.894445746060327,-87.94153594970703,0.2637856006622314,0.1019749641418457
20250723_141830_365,34,8,8,-34.8,17.383335849170265,-85.47004356384278,0.2356112003326416,0.158276081085205
20250723_141830_760,34,8,8,-34.8,17.438387694291578,-85.30111846923828,0.2343029975891113,0.1020910739898681
20250723_141831_098,34,8,8,-34.8,15.884957259586855,-86.92828369140625,0.2350528240203857,0.1583466529846191
20250723_141831_492,35,8,8,-34.8,16.72369074450154,-86.12810516357422,0.234715461730957,0.1021015644073486
20250723_141831_830,35,7,7,-36.3,18.27570944798757,-84.5958251953125,0.2358603477478027,0.1584041118621826
20250723_141832_226,35,7,7,-36.3,18.23388728889975,-84.4765796661377,0.2372341156005859,0.1020143032073974
20250723_141832_566,35,7,7,-36.3,18.57695761638942,-84.24477996826172,0.2360193729400634,0.1583673954010009
20250723_141832_962,35,7,7,-36.3,18.47468055613024,-84.38951873779297,0.2355172634124755,0.1020584106445312
20250723_141833_301,36,7,7,-36.3,18.26044361985582,-84.68475341796875,0.2329797744750976,0.158334732055664
20250723_141833_694,36,7,7,-36.3,17.60742547071463,-85.29129028320312,0.2373456954956054,0.1019892692565918
20250723_141834_034,36,7,7,-36.3,17.844978071140588,-84.9089454650879,0.2358322143554687,0.1587007045745849
20250723_141834_430,36,6,6,-37.7,17.92649691712569,-84.9089454650879,0.2355420589447021,0.1019954681396484
20250723_141834_769,36,6,6,-37.7,18.68366132682287,-84.07231979370117,0.2339015007019043,0.1583712100982666
20250723_141835_162,36,6,6,-37.7,18.76464797282881,-84.14776229858398,0.2631993293762207,0.102057933807373
20250723_141835_529,37,6,6,-37.7,17.770195029285105,-85.14216766357421,0.2366392612457275,0.1583600044250488
20250723_141835_925,37,6,6,-37.7,17.56579026361962,-85.29129028320312,0.2307634353637695,0.1020007133483886
20250723_141836_259,37,5,5,-39.2,18.932051317325204,-83.91772537231445,0.2353625297546386,0.1583228111267089
20250723_141836_654,37,6,6,-37.7,19.038474215937995,-83.80120086669922,0.2365651130676269,0.10201096534729
20250723_141836_994,37,5,5,-39.2,18.261828876317693,-84.63946838378907,0.2374114990234375,0.1583437919616699
20250723_141837_391,38,5,5,-39.2,18.46706115398696,-84.33943939208984,0.2339949607849121,0.1019759178161621
20250723_141837_728,38,5,5,-39.2,17.501813227000127,-85.41689910888672,0.2343995571136474,0.1583695411682129
20250723_141838_123,38,5,5,-39.2,17.439424295459077,-85.38266067504883,0.2314419746398925,0.1019670963287353
20250723_141838_457,38,4,4,-40.6,19.0018661991503,-84.004052734375,0.2375454902648925,0.1584510803222656
20250723_141838_855,38,5,5,-39.2,18.844079771555755,-84.01919174194336,0.2362055778503418,0.1019768714904785
20250723_141839_194,38,5,5,-39.2,16.86014557056818,-85.73701477050781,0.2332739830017089,0.1584067344665527
20250723_141839_587,39,5,5,-39.2,16.981992715905733,-85.86482238769531,0.233851671218872,0.102001667022705
20250723_141839_924,39,5,5,-39.2,15.8349746546821,-86.92803268432617,0.2340812683105468,0.1583647727966308
20250723_141840_318,39,4,4,-40.6,15.993887894901365,-86.63702392578125,0.265141487121582,0.1019721031188964
20250723_141840_686,39,NO_RADIO,4,-40.6,17.608909987724445,-85.19406242370606,0.1605856418609619,0.1584372520446777
20250723_141841_006,39,NO_RADIO,4,-40.6,17.396353754584112,-85.32933807373047,0.1638596057891845,0.101996898651123
20250723_141841_274,39,4,4,-40.6,17.961273647432975,-85.11579132080078,0.2420644760131836,0.1583507061004638
20250723_141841_675,40,4,4,-40.6,17.435745229527996,-85.3289909362793,0.234462022781372,0.1019845008850097
20250723_141842_013,40,4,4,-40.6,16.002578330880198,-86.8672046661377,0.2324898242950439,0.1583418846130371
20250723_141842_405,40,NO_RADIO,4,-40.6,15.837152416592048,-86.84794082641602,0.1588733196258545,0.102006196975708
20250723_141842_667,40,3,3,-42.1,17.291695154775482,-85.48856353759766,0.2426204681396484,0.1583397388458252
20250723_141843_070,40,NO_RADIO,3,-42.1,17.556822826190498,-85.20940399169922,0.1585350036621093,0.1019985675811767
20250723_141843_331,40,NO_RADIO,3,-42.1,18.67249503031221,-84.25154495239258,0.1645152568817138,0.1583445072174072
