Timestamp,Boresight,Jetson Detection,Rx Beam Index,Rx Beam Angle,Initial SNR (dB),YOLO Time (s),Beam Sweep Time (s),Rx Beam Index (YOLO Predicted),Rx Beam Index (Selected),Adjustment Method,Beams Checked in Search,Adjusted Beam Index,Adjusted Beam Angle,SNR (dB),Offset Error
20250721_074828_411,-32,NO_RADIO,32,0.0,7.790931072012057,0.0947229862213134,0.002662181854248,32,,CenterFallback,1,32,0,,
20250721_074827_747,-32,NO_RADIO,32,0.0,7.790931072012057,0.0874147415161132,0.0021824836730957,32,,CenterFallback,1,32,0,,
20250721_074828_127,-32,NO_RADIO,32,0.0,7.790931072012057,0.0859506130218505,0.0021684169769287,32,,CenterFallback,1,32,0,,
20250721_074827_514,-32,NO_RADIO,32,0.0,7.790931072012057,0.229482889175415,0.0021009445190429,32,,CenterFallback,1,32,0,,
20250721_074828_310,-32,NO_RADIO,32,0.0,7.790931072012057,0.0981357097625732,0.0021030902862548,32,,CenterFallback,1,32,0,,
20250721_074827_838,-32,NO_RADIO,32,0.0,7.790931072012057,0.0869448184967041,0.0020840167999267,32,,CenterFallback,1,32,0,,
20250721_074828_510,-32,NO_RADIO,32,0.0,7.790931072012057,0.0905389785766601,0.0026552677154541,32,,CenterFallback,1,32,0,,
20250721_074828_025,-32,NO_RADIO,32,0.0,7.790931072012057,0.0981793403625488,0.0020864009857177,32,,CenterFallback,1,32,0,,
20250721_074827_928,-32,NO_RADIO,32,0.0,7.790931072012057,0.0942051410675048,0.0022153854370117,32,,CenterFallback,1,32,0,,
20250721_074828_216,-32,NO_RADIO,32,0.0,7.790931072012057,0.0901029109954834,0.002087116241455,32,,CenterFallback,1,32,0,,
20250721_074828_605,-31,NO_RADIO,32,0.0,7.87817690350245,0.0891942977905273,0.0027930736541748,32,,CenterFallback,1,32,0,,
20250721_074828_699,-31,NO_RADIO,32,0.0,7.87817690350245,0.094383955001831,0.0021235942840576,32,,CenterFallback,1,32,0,,
20250721_074829_396,-31,NO_RADIO,51,27.6,20.53557951269317,0.0835428237915039,0.0040583610534667,51,,CenterFallback,1,32,0,,
20250721_074829_097,-31,NO_RADIO,51,27.6,20.53557951269317,0.0899085998535156,0.0044021606445312,51,,CenterFallback,1,32,0,,
20250721_074828_897,-31,NO_RADIO,32,0.0,7.87817690350245,0.0915513038635253,0.0017971992492675,32,,CenterFallback,1,32,0,,
20250721_074828_992,-31,51,51,27.6,20.53557951269317,0.0972480773925781,0.004373550415039,51,51.0,YOLO,1,32,0,20.53557951269317,0.0
20250721_074829_294,-31,NO_RADIO,51,27.6,20.53557951269317,0.095505952835083,0.0040926933288574,51,,CenterFallback,1,32,0,,
20250721_074829_487,-31,NO_RADIO,51,27.6,20.53557951269317,0.0864453315734863,0.0039563179016113,51,,CenterFallback,1,32,0,,
20250721_074829_194,-31,NO_RADIO,51,27.6,20.53557951269317,0.0922462940216064,0.0044512748718261,51,,CenterFallback,1,32,0,,
20250721_074828_796,-31,NO_RADIO,32,0.0,7.87817690350245,0.0973513126373291,0.0021069049835205,32,,CenterFallback,1,32,0,,
20250721_074830_460,-30,50,50,26.1,20.16422311447306,0.0893304347991943,0.0039646625518798,50,50.0,YOLO,1,32,0,20.16422311447306,0.0
20250721_074829_785,-30,51,51,27.6,19.539869176009503,0.0913429260253906,0.0028662681579589,51,51.0,YOLO,1,32,0,19.539869176009503,0.0
20250721_074829_580,-30,NO_RADIO,51,27.6,19.539869176009503,0.0988898277282714,0.0044710636138916,51,,CenterFallback,1,32,0,,
20250721_074830_173,-30,50,50,26.1,20.16422311447306,0.0886328220367431,0.0021030902862548,50,50.0,YOLO,1,32,0,20.16422311447306,0.0
20250721_074830_367,-30,51,51,27.6,19.539869176009503,0.09000825881958,0.0021932125091552,51,51.0,YOLO,1,32,0,19.539869176009503,0.0
20250721_074830_085,-30,50,50,26.1,20.16422311447306,0.08500337600708,0.0020091533660888,50,50.0,YOLO,1,32,0,20.16422311447306,0.0
20250721_074829_881,-30,51,51,27.6,19.539869176009503,0.108705997467041,0.0020668506622314,51,51.0,YOLO,1,32,0,19.539869176009503,0.0
20250721_074830_265,-30,51,51,27.6,19.539869176009503,0.0961115360260009,0.0025615692138671,51,51.0,YOLO,1,32,0,19.539869176009503,0.0
20250721_074829_686,-30,51,51,27.6,19.539869176009503,0.0916354656219482,0.0042304992675781,51,51.0,YOLO,1,32,0,19.539869176009503,0.0
20250721_074829_993,-30,50,50,26.1,20.16422311447306,0.0880312919616699,0.0020828247070312,50,50.0,YOLO,1,32,0,20.16422311447306,0.0
20250721_074830_652,-29,50,50,26.1,19.98581286382988,0.0890264511108398,0.0039587020874023,50,50.0,YOLO,1,32,0,19.98581286382988,0.0
20250721_074831_252,-29,50,50,26.1,19.98581286382988,0.0956950187683105,0.0044007301330566,50,50.0,YOLO,1,32,0,19.98581286382988,0.0
20250721_074831_148,-29,50,50,26.1,19.98581286382988,0.0973849296569824,0.0042653083801269,50,50.0,YOLO,1,32,0,19.98581286382988,0.0
20250721_074830_748,-29,51,51,27.6,18.956136952667435,0.0873832702636718,0.0103509426116943,51,50.0,NeighborSearch,2,32,0,19.98581286382988,-1.0
20250721_074831_355,-29,50,50,26.1,19.98581286382988,0.0914499759674072,0.0040361881256103,50,50.0,YOLO,1,32,0,19.98581286382988,0.0
20250721_074830_556,-29,50,50,26.1,19.98581286382988,0.088979959487915,0.003819465637207,50,50.0,YOLO,1,32,0,19.98581286382988,0.0
20250721_074830_849,-29,50,50,26.1,19.98581286382988,0.0946953296661377,0.0043337345123291,50,50.0,YOLO,1,32,0,19.98581286382988,0.0
20250721_074830_951,-29,50,50,26.1,19.98581286382988,0.0979783535003662,0.0044124126434326,50,50.0,YOLO,1,32,0,19.98581286382988,0.0
20250721_074831_056,-29,50,50,26.1,19.98581286382988,0.0842313766479492,0.004044771194458,50,50.0,YOLO,1,32,0,19.98581286382988,0.0
20250721_074831_454,-29,50,50,26.1,19.98581286382988,0.0866873264312744,0.0041921138763427,50,50.0,YOLO,1,32,0,19.98581286382988,0.0
20250721_074831_640,-28,50,50,26.1,19.579450919391192,0.0904750823974609,0.0043354034423828,50,50.0,YOLO,1,32,0,19.579450919391192,0.0
20250721_074832_039,-28,49,49,24.7,20.29729016007778,0.0802028179168701,0.0043506622314453,49,49.0,YOLO,1,32,0,20.29729016007778,0.0
20250721_074831_943,-28,49,49,24.7,20.29729016007778,0.0882782936096191,0.0043661594390869,49,49.0,YOLO,1,32,0,20.29729016007778,0.0
20250721_074832_320,-28,49,49,24.7,20.29729016007778,0.1016967296600341,0.0041422843933105,49,49.0,YOLO,1,32,0,20.29729016007778,0.0
20250721_074831_548,-28,50,50,26.1,19.579450919391192,0.0848529338836669,0.0043325424194335,50,50.0,YOLO,1,32,0,19.579450919391192,0.0
20250721_074832_223,-28,49,49,24.7,20.29729016007778,0.0897510051727294,0.0039458274841308,49,49.0,YOLO,1,32,0,20.29729016007778,0.0
20250721_074832_126,-28,49,49,24.7,20.29729016007778,0.0896928310394287,0.004457950592041,49,49.0,YOLO,1,32,0,20.29729016007778,0.0
20250721_074831_841,-28,49,49,24.7,20.29729016007778,0.0947790145874023,0.0044212341308593,49,49.0,YOLO,1,32,0,20.29729016007778,0.0
20250721_074831_738,-28,50,50,26.1,19.579450919391192,0.0951552391052246,0.0042922496795654,50,50.0,YOLO,1,32,0,19.579450919391192,0.0
20250721_074832_429,-28,49,49,24.7,20.29729016007778,0.0915279388427734,0.0042459964752197,49,49.0,YOLO,1,32,0,20.29729016007778,0.0
20250721_074833_331,-27,49,49,24.7,19.926110779462466,0.0911870002746582,0.0039920806884765,49,49.0,YOLO,1,32,0,19.926110779462466,0.0
20250721_074832_742,-27,49,49,24.7,19.926110779462466,0.0909976959228515,0.0043249130249023,49,49.0,YOLO,1,32,0,19.926110779462466,0.0
20250721_074833_037,-27,49,49,24.7,19.926110779462466,0.0984590053558349,0.0043399333953857,49,49.0,YOLO,1,32,0,19.926110779462466,0.0
20250721_074833_240,-27,49,49,24.7,19.926110779462466,0.0836925506591796,0.0042777061462402,49,49.0,YOLO,1,32,0,19.926110779462466,0.0
20250721_074832_840,-27,49,49,24.7,19.926110779462466,0.0957262516021728,0.0036537647247314,49,49.0,YOLO,1,32,0,19.926110779462466,0.0
20250721_074832_637,-27,49,49,24.7,19.926110779462466,0.0974800586700439,0.0043339729309082,49,49.0,YOLO,1,32,0,19.926110779462466,0.0
20250721_074833_429,-27,49,49,24.7,19.926110779462466,0.0938665866851806,0.0043175220489501,49,49.0,YOLO,1,32,0,19.926110779462466,0.0
20250721_074832_528,-27,49,49,24.7,19.926110779462466,0.1016232967376709,0.0042653083801269,49,49.0,YOLO,1,32,0,19.926110779462466,0.0
20250721_074832_942,-27,49,49,24.7,19.926110779462466,0.0871891975402832,0.0043838024139404,49,49.0,YOLO,1,32,0,19.926110779462466,0.0
20250721_074833_143,-27,49,49,24.7,19.926110779462466,0.0903422832489013,0.0039591789245605,49,49.0,YOLO,1,32,0,19.926110779462466,0.0
20250721_074833_530,-26,49,49,24.7,19.926110779462466,0.0907998085021972,0.0041077136993408,49,49.0,YOLO,1,32,0,19.926110779462466,0.0
20250721_074834_057,-26,48,48,23.2,19.95282059303496,0.0907428264617919,0.0042765140533447,48,48.0,YOLO,1,32,0,19.95282059303496,0.0
20250721_074833_743,-26,48,48,23.2,19.95282059303496,0.1028439998626709,0.0042014122009277,48,48.0,YOLO,1,32,0,19.95282059303496,0.0
20250721_074834_155,-26,48,48,23.2,19.95282059303496,0.09222412109375,0.0041713714599609,48,48.0,YOLO,1,32,0,19.95282059303496,0.0
20250721_074833_853,-26,48,48,23.2,19.95282059303496,0.0955796241760253,0.0043368339538574,48,48.0,YOLO,1,32,0,19.95282059303496,0.0
20250721_074834_254,-26,48,48,23.2,19.95282059303496,0.0906717777252197,0.0043127536773681,48,48.0,YOLO,1,32,0,19.95282059303496,0.0
20250721_074833_956,-26,48,48,23.2,19.95282059303496,0.093113899230957,0.0045869350433349,48,48.0,YOLO,1,32,0,19.95282059303496,0.0
20250721_074833_628,-26,49,49,24.7,18.75428503364457,0.1002218723297119,0.0115242004394531,49,48.0,NeighborSearch,2,32,0,19.95282059303496,-1.0
20250721_074834_352,-26,48,48,23.2,19.95282059303496,0.0921013355255127,0.004288911819458,48,48.0,YOLO,1,32,0,19.95282059303496,0.0
20250721_074834_452,-26,48,48,23.2,19.95282059303496,0.0994646549224853,0.0043153762817382,48,48.0,YOLO,1,32,0,19.95282059303496,0.0
20250721_074834_942,-25,47,47,21.8,20.285254533650487,0.0975093841552734,0.0041224956512451,47,47.0,YOLO,1,32,0,20.285254533650487,0.0
20250721_074835_348,-25,47,47,21.8,20.285254533650487,0.0890507698059082,0.0039987564086914,47,47.0,YOLO,1,32,0,20.285254533650487,0.0
20250721_074834_658,-25,48,48,23.2,19.579417836185343,0.0830233097076416,0.0042994022369384,48,48.0,YOLO,1,32,0,19.579417836185343,0.0
20250721_074834_844,-25,47,47,21.8,20.285254533650487,0.0913851261138916,0.0039834976196289,47,47.0,YOLO,1,32,0,20.285254533650487,0.0
20250721_074834_559,-25,48,48,23.2,19.579417836185343,0.0918989181518554,0.0041077136993408,48,48.0,YOLO,1,32,0,19.579417836185343,0.0
20250721_074835_047,-25,47,47,21.8,20.285254533650487,0.0919587612152099,0.0043337345123291,47,47.0,YOLO,1,32,0,20.285254533650487,0.0
20250721_074834_749,-25,48,48,23.2,19.579417836185343,0.0883841514587402,0.0039150714874267,48,48.0,YOLO,1,32,0,19.579417836185343,0.0
20250721_074835_444,-25,47,47,21.8,20.285254533650487,0.0917675495147705,0.0043079853057861,47,47.0,YOLO,1,32,0,20.285254533650487,0.0
20250721_074835_246,-25,47,47,21.8,20.285254533650487,0.0948266983032226,0.0043826103210449,47,47.0,YOLO,1,32,0,20.285254533650487,0.0
20250721_074835_146,-25,47,47,21.8,20.285254533650487,0.0925805568695068,0.0039165019989013,47,47.0,YOLO,1,32,0,20.285254533650487,0.0
20250721_074835_543,-24,47,47,21.8,19.37886170750444,0.0926847457885742,0.0041139125823974,47,47.0,YOLO,1,32,0,19.37886170750444,0.0
20250721_074836_220,-24,47,47,21.8,19.37886170750444,0.0926074981689453,0.0043835639953613,47,47.0,YOLO,1,32,0,19.37886170750444,0.0
20250721_074836_123,-24,47,47,21.8,19.37886170750444,0.0896587371826171,0.0039577484130859,47,47.0,YOLO,1,32,0,19.37886170750444,0.0
20250721_074835_729,-24,47,47,21.8,19.37886170750444,0.0865776538848877,0.0043096542358398,47,47.0,YOLO,1,32,0,19.37886170750444,0.0
20250721_074835_918,-24,47,47,21.8,19.37886170750444,0.0942733287811279,0.0039777755737304,47,47.0,YOLO,1,32,0,19.37886170750444,0.0
20250721_074836_513,-24,47,47,21.8,19.37886170750444,0.0820348262786865,0.0039291381835937,47,47.0,YOLO,1,32,0,19.37886170750444,0.0
20250721_074836_416,-24,47,47,21.8,19.37886170750444,0.0894722938537597,0.0044260025024414,47,47.0,YOLO,1,32,0,19.37886170750444,0.0
20250721_074836_320,-24,47,47,21.8,19.37886170750444,0.091057538986206,0.002906322479248,47,47.0,YOLO,1,32,0,19.37886170750444,0.0
20250721_074836_019,-24,47,47,21.8,19.37886170750444,0.0962369441986084,0.0042784214019775,47,47.0,YOLO,1,32,0,19.37886170750444,0.0
20250721_074835_643,-24,47,47,21.8,19.37886170750444,0.0781962871551513,0.0043909549713134,47,47.0,YOLO,1,32,0,19.37886170750444,0.0
20250721_074836_991,-23,46,46,20.3,20.508420822578245,0.089564561843872,0.0042259693145751,46,46.0,YOLO,1,32,0,20.508420822578245,0.0
20250721_074836_797,-23,46,46,20.3,20.508420822578245,0.0857691764831543,0.0043067932128906,46,46.0,YOLO,1,32,0,20.508420822578245,0.0
20250721_074837_481,-23,46,46,20.3,20.508420822578245,0.0863614082336425,0.0040092468261718,46,46.0,YOLO,1,32,0,20.508420822578245,0.0
20250721_074836_602,-23,47,47,21.8,19.21457609187693,0.0891609191894531,0.0040109157562255,47,47.0,YOLO,1,32,0,19.21457609187693,0.0
20250721_074837_390,-23,46,46,20.3,20.508420822578245,0.0842814445495605,0.0040364265441894,46,46.0,YOLO,1,32,0,20.508420822578245,0.0
20250721_074837_278,-23,46,46,20.3,20.508420822578245,0.1045351028442382,0.0043089389801025,46,46.0,YOLO,1,32,0,20.508420822578245,0.0
20250721_074837_180,-23,46,46,20.3,20.508420822578245,0.0904369354248046,0.0044000148773193,46,46.0,YOLO,1,32,0,20.508420822578245,0.0
20250721_074837_087,-23,46,46,20.3,20.508420822578245,0.0845661163330078,0.0043799877166748,46,46.0,YOLO,1,32,0,20.508420822578245,0.0
20250721_074836_890,-23,46,46,20.3,20.508420822578245,0.0933597087860107,0.0039730072021484,46,46.0,YOLO,1,32,0,20.508420822578245,0.0
20250721_074836_698,-23,47,47,21.8,19.21457609187693,0.0913100242614746,0.0042414665222167,47,47.0,YOLO,1,32,0,19.21457609187693,0.0
20250721_074838_058,-22,45,45,18.9,20.354599947883244,0.0899748802185058,0.0040681362152099,45,45.0,YOLO,1,32,0,20.354599947883244,0.0
20250721_074837_762,-22,NO_RADIO,46,20.3,20.10090523937108,0.0932815074920654,0.0042016506195068,46,,CenterFallback,1,32,0,,
20250721_074838_261,-22,45,45,18.9,20.354599947883244,0.0877056121826171,0.004380464553833,45,45.0,YOLO,1,32,0,20.354599947883244,0.0
20250721_074837_862,-22,45,45,18.9,20.354599947883244,0.0924932956695556,0.0041933059692382,45,45.0,YOLO,1,32,0,20.354599947883244,0.0
20250721_074837_574,-22,46,46,20.3,20.10090523937108,0.0867137908935546,0.0042500495910644,46,46.0,YOLO,1,32,0,20.10090523937108,0.0
20250721_074838_357,-22,45,45,18.9,20.354599947883244,0.0901358127593994,0.0040187835693359,45,45.0,YOLO,1,32,0,20.354599947883244,0.0
20250721_074838_454,-22,45,45,18.9,20.354599947883244,0.0876903533935546,0.0041446685791015,45,45.0,YOLO,1,32,0,20.354599947883244,0.0
20250721_074838_155,-22,45,45,18.9,20.354599947883244,0.0988078117370605,0.0040771961212158,45,45.0,YOLO,1,32,0,20.354599947883244,0.0
20250721_074837_668,-22,46,46,20.3,20.10090523937108,0.0866973400115966,0.004014253616333,46,46.0,YOLO,1,32,0,20.10090523937108,0.0
20250721_074837_962,-22,45,45,18.9,20.354599947883244,0.0888516902923584,0.0043625831604003,45,45.0,YOLO,1,32,0,20.354599947883244,0.0
20250721_074838_654,-21,45,45,18.9,20.14010516567308,0.086749792098999,0.0042452812194824,45,45.0,YOLO,1,32,0,20.14010516567308,0.0
20250721_074839_045,-21,44,44,17.4,20.15529590289728,0.0983898639678955,0.0039975643157958,44,44.0,YOLO,1,32,0,20.15529590289728,0.0
20250721_074838_748,-21,NO_RADIO,45,18.9,20.14010516567308,0.0919880867004394,0.0038690567016601,45,,CenterFallback,1,32,0,,
20250721_074838_944,-21,44,44,17.4,20.15529590289728,0.0932683944702148,0.0042455196380615,44,44.0,YOLO,1,32,0,20.15529590289728,0.0
20250721_074838_847,-21,44,44,17.4,20.15529590289728,0.0901989936828613,0.0042715072631835,44,44.0,YOLO,1,32,0,20.15529590289728,0.0
20250721_074839_257,-21,44,44,17.4,20.15529590289728,0.0916879177093505,0.0041632652282714,44,44.0,YOLO,1,32,0,20.15529590289728,0.0
20250721_074839_461,-21,45,45,18.9,20.14010516567308,0.0944986343383789,0.00423264503479,45,45.0,YOLO,1,32,0,20.14010516567308,0.0
20250721_074839_150,-21,44,44,17.4,20.15529590289728,0.0998728275299072,0.0042853355407714,44,44.0,YOLO,1,32,0,20.15529590289728,0.0
20250721_074839_356,-21,45,45,18.9,20.14010516567308,0.098482608795166,0.0043056011199951,45,45.0,YOLO,1,32,0,20.14010516567308,0.0
20250721_074838_549,-21,45,45,18.9,20.14010516567308,0.0982232093811035,0.0042548179626464,45,45.0,YOLO,1,32,0,20.14010516567308,0.0
20250721_074839_861,-20,44,44,17.4,19.929988490551903,0.101245641708374,0.0040652751922607,44,44.0,YOLO,1,32,0,19.929988490551903,0.0
20250721_074839_664,-20,45,45,18.9,17.9838315715202,0.0864753723144531,0.0112488269805908,45,44.0,NeighborSearch,2,32,0,19.929988490551903,-1.0
20250721_074839_969,-20,44,44,17.4,19.929988490551903,0.0863294601440429,0.0041818618774414,44,44.0,YOLO,1,32,0,19.929988490551903,0.0
20250721_074840_063,-20,44,44,17.4,19.929988490551903,0.0882227420806884,0.0040762424468994,44,44.0,YOLO,1,32,0,19.929988490551903,0.0
20250721_074840_358,-20,44,44,17.4,19.929988490551903,0.091346263885498,0.0039970874786376,44,44.0,YOLO,1,32,0,19.929988490551903,0.0
20250721_074840_158,-20,44,44,17.4,19.929988490551903,0.0988128185272216,0.0042891502380371,44,44.0,YOLO,1,32,0,19.929988490551903,0.0
20250721_074840_457,-20,44,44,17.4,19.929988490551903,0.1012027263641357,0.0043306350708007,44,44.0,YOLO,1,32,0,19.929988490551903,0.0
20250721_074840_264,-20,44,44,17.4,19.929988490551903,0.0870206356048584,0.0043337345123291,44,44.0,YOLO,1,32,0,19.929988490551903,0.0
20250721_074839_563,-20,45,45,18.9,17.9838315715202,0.0876128673553466,0.0103979110717773,45,44.0,NeighborSearch,2,32,0,19.929988490551903,-1.0
20250721_074839_765,-20,44,44,17.4,19.929988490551903,0.0886976718902587,0.0040390491485595,44,44.0,YOLO,1,32,0,19.929988490551903,0.0
20250721_074840_757,-19,43,43,16.0,20.44929433344545,0.0909764766693115,0.0039896965026855,43,43.0,YOLO,1,32,0,20.44929433344545,0.0
20250721_074840_954,-19,43,43,16.0,20.44929433344545,0.0885295867919921,0.0038816928863525,43,43.0,YOLO,1,32,0,20.44929433344545,0.0
20250721_074841_049,-19,43,43,16.0,20.44929433344545,0.0804793834686279,0.0043020248413085,43,43.0,YOLO,1,32,0,20.44929433344545,0.0
20250721_074840_661,-19,44,44,17.4,19.725712090300703,0.0878748893737793,0.0042910575866699,44,44.0,YOLO,1,32,0,19.725712090300703,0.0
20250721_074841_240,-19,43,43,16.0,20.44929433344545,0.0995459556579589,0.0039649009704589,43,43.0,YOLO,1,32,0,20.44929433344545,0.0
20250721_074840_566,-19,44,44,17.4,19.725712090300703,0.0879061222076416,0.0042762756347656,44,44.0,YOLO,1,32,0,19.725712090300703,0.0
20250721_074841_442,-19,43,43,16.0,20.44929433344545,0.0978872776031494,0.0041277408599853,43,43.0,YOLO,1,32,0,20.44929433344545,0.0
20250721_074840_855,-19,43,43,16.0,20.44929433344545,0.0917890071868896,0.0039520263671875,43,43.0,YOLO,1,32,0,20.44929433344545,0.0
20250721_074841_347,-19,43,43,16.0,20.44929433344545,0.0877037048339843,0.0043215751647949,43,43.0,YOLO,1,32,0,20.44929433344545,0.0
20250721_074841_137,-19,43,43,16.0,20.44929433344545,0.0956318378448486,0.0042834281921386,43,43.0,YOLO,1,32,0,20.44929433344545,0.0
20250721_074842_255,-18,42,42,14.5,20.354345977057847,0.0901098251342773,0.0040154457092285,42,42.0,YOLO,1,32,0,20.354345977057847,0.0
20250721_074841_547,-18,43,43,16.0,20.02549559143135,0.1008217334747314,0.0039787292480468,43,43.0,YOLO,1,32,0,20.02549559143135,0.0
20250721_074841_655,-18,43,43,16.0,20.02549559143135,0.0928485393524169,0.0043408870697021,43,43.0,YOLO,1,32,0,20.02549559143135,0.0
20250721_074842_352,-18,42,42,14.5,20.354345977057847,0.0817663669586181,0.0043442249298095,42,42.0,YOLO,1,32,0,20.354345977057847,0.0
20250721_074841_853,-18,42,42,14.5,20.354345977057847,0.0932559967041015,0.004340648651123,42,42.0,YOLO,1,32,0,20.354345977057847,0.0
20250721_074841_756,-18,43,43,16.0,20.02549559143135,0.0898859500885009,0.0041558742523193,43,43.0,YOLO,1,32,0,20.02549559143135,0.0
20250721_074841_954,-18,42,42,14.5,20.354345977057847,0.098724365234375,0.0043473243713378,42,42.0,YOLO,1,32,0,20.354345977057847,0.0
20250721_074842_060,-18,42,42,14.5,20.354345977057847,0.0940523147583007,0.0021426677703857,42,42.0,YOLO,1,32,0,20.354345977057847,0.0
20250721_074842_442,-18,42,42,14.5,20.354345977057847,0.0906696319580078,0.0043296813964843,42,42.0,YOLO,1,32,0,20.354345977057847,0.0
20250721_074842_158,-18,42,42,14.5,20.354345977057847,0.089526891708374,0.0043234825134277,42,42.0,YOLO,1,32,0,20.354345977057847,0.0
20250721_074843_131,-17,42,42,14.5,19.98588872229529,0.0865020751953125,0.0043170452117919,42,42.0,YOLO,1,32,0,19.98588872229529,0.0
20250721_074842_636,-17,42,42,14.5,19.98588872229529,0.0955400466918945,0.004047155380249,42,42.0,YOLO,1,32,0,19.98588872229529,0.0
20250721_074842_841,-17,41,41,13.1,20.432737006032724,0.0874476432800293,0.0042150020599365,41,41.0,YOLO,1,32,0,20.432737006032724,0.0
20250721_074843_329,-17,42,42,14.5,19.98588872229529,0.0961315631866455,0.0043752193450927,42,42.0,YOLO,1,32,0,19.98588872229529,0.0
20250721_074843_225,-17,42,42,14.5,19.98588872229529,0.0967254638671875,0.0039854049682617,42,42.0,YOLO,1,32,0,19.98588872229529,0.0
20250721_074843_036,-17,42,42,14.5,19.98588872229529,0.0880112648010253,0.0040454864501953,42,42.0,YOLO,1,32,0,19.98588872229529,0.0
20250721_074842_936,-17,42,42,14.5,19.98588872229529,0.0925729274749755,0.004265546798706,42,42.0,YOLO,1,32,0,19.98588872229529,0.0
20250721_074843_432,-17,42,42,14.5,19.98588872229529,0.0866072177886962,0.0043294429779052,42,42.0,YOLO,1,32,0,19.98588872229529,0.0
20250721_074842_540,-17,42,42,14.5,19.98588872229529,0.089367389678955,0.0039591789245605,42,42.0,YOLO,1,32,0,19.98588872229529,0.0
20250721_074842_739,-17,42,42,14.5,19.98588872229529,0.0952470302581787,0.0039339065551757,42,42.0,YOLO,1,32,0,19.98588872229529,0.0
20250721_074844_954,-15,40,40,11.6,20.950883423627506,0.1030094623565673,0.004155158996582,40,40.0,YOLO,1,32,0,20.950883423627506,0.0
20250721_074845_262,-15,40,40,11.6,20.950883423627506,0.0871167182922363,0.0042707920074462,40,40.0,YOLO,1,32,0,20.950883423627506,0.0
20250721_074845_356,-15,40,40,11.6,20.950883423627506,0.0904374122619628,0.0041525363922119,40,40.0,YOLO,1,32,0,20.950883423627506,0.0
20250721_074844_845,-15,40,40,11.6,20.950883423627506,0.1012663841247558,0.0043158531188964,40,40.0,YOLO,1,32,0,20.950883423627506,0.0
20250721_074845_064,-15,40,40,11.6,20.950883423627506,0.0880544185638427,0.004291296005249,40,40.0,YOLO,1,32,0,20.950883423627506,0.0
20250721_074844_637,-15,41,41,13.1,20.66102041937131,0.0973608493804931,0.0042839050292968,41,41.0,YOLO,1,32,0,20.66102041937131,0.0
20250721_074844_405,-15,41,41,13.1,20.66102041937131,0.2267608642578125,0.00394868850708,41,41.0,YOLO,1,32,0,20.66102041937131,0.0
20250721_074844_742,-15,41,41,13.1,20.66102041937131,0.095644474029541,0.0042922496795654,41,41.0,YOLO,1,32,0,20.66102041937131,0.0
20250721_074845_454,-15,40,40,11.6,20.950883423627506,0.0893096923828125,0.0042786598205566,40,40.0,YOLO,1,32,0,20.950883423627506,0.0
20250721_074845_159,-15,40,40,11.6,20.950883423627506,0.0952975749969482,0.0042524337768554,40,40.0,YOLO,1,32,0,20.950883423627506,0.0
20250721_074845_645,-14,40,40,11.6,20.684931335855552,0.0837247371673584,0.0041944980621337,40,40.0,YOLO,1,32,0,20.684931335855552,0.0
20250721_074846_410,-14,39,39,10.2,20.76877690563053,0.0978386402130127,0.0044014453887939,39,39.0,YOLO,1,32,0,20.76877690563053,0.0
20250721_074846_516,-14,39,39,10.2,20.76877690563053,0.0863723754882812,0.0039389133453369,39,39.0,YOLO,1,32,0,20.76877690563053,0.0
20250721_074845_736,-14,40,40,11.6,20.684931335855552,0.0919795036315918,0.0042517185211181,40,40.0,YOLO,1,32,0,20.684931335855552,0.0
20250721_074846_215,-14,39,39,10.2,20.76877690563053,0.0923585891723632,0.0042974948883056,39,39.0,YOLO,1,32,0,20.76877690563053,0.0
20250721_074846_024,-14,39,39,10.2,20.76877690563053,0.0894076824188232,0.0040781497955322,39,39.0,YOLO,1,32,0,20.76877690563053,0.0
20250721_074846_314,-14,39,39,10.2,20.76877690563053,0.0890219211578369,0.004014253616333,39,39.0,YOLO,1,32,0,20.76877690563053,0.0
20250721_074845_927,-14,40,40,11.6,20.684931335855552,0.0896105766296386,0.0040383338928222,40,40.0,YOLO,1,32,0,20.684931335855552,0.0
20250721_074845_835,-14,40,40,11.6,20.684931335855552,0.0843806266784668,0.004704475402832,40,40.0,YOLO,1,32,0,20.684931335855552,0.0
20250721_074845_550,-14,40,40,11.6,20.684931335855552,0.0876576900482177,0.0038807392120361,40,40.0,YOLO,1,32,0,20.684931335855552,0.0
20250721_074847_404,-13,39,39,10.2,21.166090889014924,0.0891637802124023,0.004108190536499,39,39.0,YOLO,1,32,0,21.166090889014924,0.0
20250721_074846_609,-13,39,39,10.2,21.166090889014924,0.0954072475433349,0.0042235851287841,39,39.0,YOLO,1,32,0,21.166090889014924,0.0
20250721_074847_004,-13,39,39,10.2,21.166090889014924,0.0905351638793945,0.0043599605560302,39,39.0,YOLO,1,32,0,21.166090889014924,0.0
20250721_074846_712,-13,39,39,10.2,21.166090889014924,0.0892715454101562,0.0039355754852294,39,39.0,YOLO,1,32,0,21.166090889014924,0.0
20250721_074847_500,-13,39,39,10.2,21.166090889014924,0.0962121486663818,0.0041289329528808,39,39.0,YOLO,1,32,0,21.166090889014924,0.0
20250721_074847_102,-13,39,39,10.2,21.166090889014924,0.0986979007720947,0.0039896965026855,39,39.0,YOLO,1,32,0,21.166090889014924,0.0
20250721_074847_303,-13,39,39,10.2,21.166090889014924,0.0936791896820068,0.0039005279541015,39,39.0,YOLO,1,32,0,21.166090889014924,0.0
20250721_074846_808,-13,39,39,10.2,21.166090889014924,0.093369722366333,0.0042686462402343,39,39.0,YOLO,1,32,0,21.166090889014924,0.0
20250721_074847_207,-13,39,39,10.2,21.166090889014924,0.0884947776794433,0.0043337345123291,39,39.0,YOLO,1,32,0,21.166090889014924,0.0
20250721_074846_909,-13,39,39,10.2,21.166090889014924,0.0876095294952392,0.0042431354522705,39,39.0,YOLO,1,32,0,21.166090889014924,0.0
20250721_074847_603,-12,39,39,10.2,20.199031257559568,0.0893895626068115,0.0041182041168212,39,39.0,YOLO,1,32,0,20.199031257559568,0.0
20250721_074847_804,-12,38,38,8.7,20.63251142908078,0.0778615474700927,0.0042128562927246,38,38.0,YOLO,1,32,0,20.63251142908078,0.0
20250721_074847_700,-12,39,39,10.2,20.199031257559568,0.0968463420867919,0.0039081573486328,39,39.0,YOLO,1,32,0,20.199031257559568,0.0
20250721_074848_491,-12,38,38,8.7,20.63251142908078,0.0927026271820068,0.0039918422698974,38,38.0,YOLO,1,32,0,20.63251142908078,0.0
20250721_074848_295,-12,38,38,8.7,20.63251142908078,0.0915374755859375,0.0042939186096191,38,38.0,YOLO,1,32,0,20.63251142908078,0.0
20250721_074848_190,-12,38,38,8.7,20.63251142908078,0.0974435806274414,0.0043032169342041,38,38.0,YOLO,1,32,0,20.63251142908078,0.0
20250721_074847_889,-12,38,38,8.7,20.63251142908078,0.0937328338623046,0.00419282913208,38,38.0,YOLO,1,32,0,20.63251142908078,0.0
20250721_074848_085,-12,38,38,8.7,20.63251142908078,0.0972397327423095,0.0043132305145263,38,38.0,YOLO,1,32,0,20.63251142908078,0.0
20250721_074847_990,-12,38,38,8.7,20.63251142908078,0.0880522727966308,0.0042881965637207,38,38.0,YOLO,1,32,0,20.63251142908078,0.0
20250721_074848_394,-12,38,38,8.7,20.63251142908078,0.0899417400360107,0.0041439533233642,38,38.0,YOLO,1,32,0,20.63251142908078,0.0
20250721_074848_686,-11,38,38,8.7,20.78398045702696,0.0838971138000488,0.0043196678161621,38,38.0,YOLO,1,32,0,20.78398045702696,0.0
20250721_074848_777,-11,38,38,8.7,20.78398045702696,0.0901398658752441,0.0043606758117675,38,38.0,YOLO,1,32,0,20.78398045702696,0.0
20250721_074849_260,-11,38,38,8.7,20.78398045702696,0.0995810031890869,0.0042011737823486,38,38.0,YOLO,1,32,0,20.78398045702696,0.0
20250721_074848_978,-11,38,38,8.7,20.78398045702696,0.0902378559112548,0.0042901039123535,38,38.0,YOLO,1,32,0,20.78398045702696,0.0
20250721_074849_367,-11,38,38,8.7,20.78398045702696,0.0970945358276367,0.0040395259857177,38,38.0,YOLO,1,32,0,20.78398045702696,0.0
20250721_074849_076,-11,38,38,8.7,20.78398045702696,0.0812008380889892,0.0043041706085205,38,38.0,YOLO,1,32,0,20.78398045702696,0.0
20250721_074848_590,-11,38,38,8.7,20.78398045702696,0.0885820388793945,0.0039441585540771,38,38.0,YOLO,1,32,0,20.78398045702696,0.0
20250721_074848_875,-11,38,38,8.7,20.78398045702696,0.0961930751800537,0.0042116641998291,38,38.0,YOLO,1,32,0,20.78398045702696,0.0
20250721_074849_165,-11,38,38,8.7,20.78398045702696,0.0886175632476806,0.0039308071136474,38,38.0,YOLO,1,32,0,20.78398045702696,0.0
20250721_074849_471,-11,38,38,8.7,20.78398045702696,0.0945188999176025,0.0042433738708496,38,38.0,YOLO,1,32,0,20.78398045702696,0.0
20250721_074850_279,-10,37,37,7.3,20.58575949811884,0.092444896697998,0.0043351650238037,37,37.0,YOLO,1,32,0,20.58575949811884,0.0
20250721_074850_484,-10,37,37,7.3,20.58575949811884,0.0853579044342041,0.0039424896240234,37,37.0,YOLO,1,32,0,20.58575949811884,0.0
20250721_074849_673,-10,38,38,8.7,19.54918985184892,0.0889275074005127,0.0043137073516845,38,38.0,YOLO,1,32,0,19.54918985184892,0.0
20250721_074850_172,-10,37,37,7.3,20.58575949811884,0.0986299514770507,0.0043485164642333,37,37.0,YOLO,1,32,0,20.58575949811884,0.0
20250721_074850_078,-10,37,37,7.3,20.58575949811884,0.0866966247558593,0.0043065547943115,37,37.0,YOLO,1,32,0,20.58575949811884,0.0
20250721_074849_770,-10,37,37,7.3,20.58575949811884,0.0977489948272705,0.004077672958374,37,37.0,YOLO,1,32,0,20.58575949811884,0.0
20250721_074849_573,-10,38,38,8.7,19.54918985184892,0.0930516719818115,0.0041179656982421,38,38.0,YOLO,1,32,0,19.54918985184892,0.0
20250721_074849_979,-10,37,37,7.3,20.58575949811884,0.0918424129486084,0.0045011043548583,37,37.0,YOLO,1,32,0,20.58575949811884,0.0
20250721_074849_875,-10,37,37,7.3,20.58575949811884,0.0965862274169921,0.0043170452117919,37,37.0,YOLO,1,32,0,20.58575949811884,0.0
20250721_074850_379,-10,37,37,7.3,20.58575949811884,0.0978479385375976,0.0041773319244384,37,37.0,YOLO,1,32,0,20.58575949811884,0.0
20250721_074851_074,-9,36,36,5.8,20.602245915993024,0.0803992748260498,0.0042488574981689,36,36.0,YOLO,1,32,0,20.602245915993024,0.0
20250721_074851_257,-9,36,36,5.8,20.602245915993024,0.086310863494873,0.0041768550872802,36,36.0,YOLO,1,32,0,20.602245915993024,0.0
20250721_074850_976,-9,36,36,5.8,20.602245915993024,0.0897040367126464,0.0044422149658203,36,36.0,YOLO,1,32,0,20.602245915993024,0.0
20250721_074851_162,-9,36,36,5.8,20.602245915993024,0.0881431102752685,0.0043089389801025,36,36.0,YOLO,1,32,0,20.602245915993024,0.0
20250721_074851_457,-9,36,36,5.8,20.602245915993024,0.0944471359252929,0.0039489269256591,36,36.0,YOLO,1,32,0,20.602245915993024,0.0
20250721_074851_351,-9,36,36,5.8,20.602245915993024,0.098825454711914,0.0044131278991699,36,36.0,YOLO,1,32,0,20.602245915993024,0.0
20250721_074850_874,-9,36,36,5.8,20.602245915993024,0.0950903892517089,0.0039288997650146,36,36.0,YOLO,1,32,0,20.602245915993024,0.0
20250721_074850_677,-9,37,37,7.3,20.508212429527475,0.0909359455108642,0.0043151378631591,37,37.0,YOLO,1,32,0,20.508212429527475,0.0
20250721_074850_776,-9,36,36,5.8,20.602245915993024,0.091684341430664,0.0039138793945312,36,36.0,YOLO,1,32,0,20.602245915993024,0.0
20250721_074850_576,-9,37,37,7.3,20.508212429527475,0.0942347049713134,0.0040819644927978,37,37.0,YOLO,1,32,0,20.508212429527475,0.0
20250721_074852_142,-8,35,35,4.4,20.134975071779124,0.0826890468597412,0.0042803287506103,35,35.0,YOLO,1,32,0,20.134975071779124,0.0
20250721_074851_942,-8,35,35,4.4,20.134975071779124,0.0957021713256836,0.0042653083801269,35,35.0,YOLO,1,32,0,20.134975071779124,0.0
20250721_074852_232,-8,35,35,4.4,20.134975071779124,0.086648941040039,0.0042090415954589,35,35.0,YOLO,1,32,0,20.134975071779124,0.0
20250721_074852_433,-8,35,35,4.4,20.134975071779124,0.0879640579223632,0.0042724609375,35,35.0,YOLO,1,32,0,20.134975071779124,0.0
20250721_074851_759,-8,36,36,5.8,20.145034741588148,0.0861933231353759,0.0041816234588623,36,36.0,YOLO,1,32,0,20.145034741588148,0.0
20250721_074851_658,-8,36,36,5.8,20.145034741588148,0.0936899185180664,0.0040729045867919,36,36.0,YOLO,1,32,0,20.145034741588148,0.0
20250721_074852_045,-8,35,35,4.4,20.134975071779124,0.0893223285675048,0.0043222904205322,35,35.0,YOLO,1,32,0,20.134975071779124,0.0
20250721_074852_326,-8,35,35,4.4,20.134975071779124,0.1003134250640869,0.0039038658142089,35,35.0,YOLO,1,32,0,20.134975071779124,0.0
20250721_074851_853,-8,35,35,4.4,20.134975071779124,0.082327127456665,0.0039131641387939,35,35.0,YOLO,1,32,0,20.134975071779124,0.0
20250721_074851_558,-8,36,36,5.8,20.145034741588148,0.0931856632232666,0.0039796829223632,36,36.0,YOLO,1,32,0,20.145034741588148,0.0
20250721_074853_114,-7,35,35,4.4,19.879104743318493,0.0975918769836425,0.0038864612579345,35,35.0,YOLO,1,32,0,19.879104743318493,0.0
20250721_074852_724,-7,36,36,5.8,19.36885048254834,0.0979228019714355,0.0042366981506347,36,36.0,YOLO,1,32,0,19.36885048254834,0.0
20250721_074853_309,-7,35,35,4.4,19.879104743318493,0.0829098224639892,0.0039649009704589,35,35.0,YOLO,1,32,0,19.879104743318493,0.0
20250721_074853_018,-7,35,35,4.4,19.879104743318493,0.0877854824066162,0.0046126842498779,35,35.0,YOLO,1,32,0,19.879104743318493,0.0
20250721_074852_927,-7,35,35,4.4,19.879104743318493,0.0846936702728271,0.0038914680480957,35,35.0,YOLO,1,32,0,19.879104743318493,0.0
20250721_074852_829,-7,35,35,4.4,19.879104743318493,0.0897707939147949,0.0042471885681152,35,35.0,YOLO,1,32,0,19.879104743318493,0.0
20250721_074853_500,-7,35,35,4.4,19.879104743318493,0.0965068340301513,0.0039370059967041,35,35.0,YOLO,1,32,0,19.879104743318493,0.0
20250721_074852_624,-7,36,36,5.8,19.36885048254834,0.0931787490844726,0.0042927265167236,36,36.0,YOLO,1,32,0,19.36885048254834,0.0
20250721_074853_399,-7,35,35,4.4,19.879104743318493,0.0935630798339843,0.0042617321014404,35,35.0,YOLO,1,32,0,19.879104743318493,0.0
20250721_074852_529,-7,36,36,5.8,19.36885048254834,0.0882763862609863,0.0039951801300048,36,36.0,YOLO,1,32,0,19.36885048254834,0.0
20250721_074853_604,-6,35,35,4.4,19.405543180804955,0.086026906967163,0.0040786266326904,35,35.0,YOLO,1,32,0,19.405543180804955,0.0
20250721_074854_090,-6,34,34,2.9,20.431409177261287,0.0874507427215576,0.0042650699615478,34,34.0,YOLO,1,32,0,20.431409177261287,0.0
20250721_074854_285,-6,34,34,2.9,20.431409177261287,0.0882763862609863,0.0042536258697509,34,34.0,YOLO,1,32,0,20.431409177261287,0.0
20250721_074854_480,-6,34,34,2.9,20.431409177261287,0.0876924991607666,0.0040132999420166,34,34.0,YOLO,1,32,0,20.431409177261287,0.0
20250721_074854_185,-6,34,34,2.9,20.431409177261287,0.0927648544311523,0.0041031837463378,34,34.0,YOLO,1,32,0,20.431409177261287,0.0
20250721_074854_379,-6,34,34,2.9,20.431409177261287,0.0942952632904052,0.0042591094970703,34,34.0,YOLO,1,32,0,20.431409177261287,0.0
20250721_074853_889,-6,34,34,2.9,20.431409177261287,0.0974602699279785,0.0042812824249267,34,34.0,YOLO,1,32,0,20.431409177261287,0.0
20250721_074853_994,-6,34,34,2.9,20.431409177261287,0.0890626907348632,0.0042078495025634,34,34.0,YOLO,1,32,0,20.431409177261287,0.0
20250721_074853_697,-6,35,35,4.4,19.405543180804955,0.0901806354522705,0.0041325092315673,35,35.0,YOLO,1,32,0,19.405543180804955,0.0
20250721_074853_794,-6,34,34,2.9,20.431409177261287,0.0874602794647216,0.0039975643157958,34,34.0,YOLO,1,32,0,20.431409177261287,0.0
20250721_074854_771,-5,33,33,1.5,20.3393480211354,0.0937025547027587,0.0039265155792236,33,33.0,YOLO,1,32,0,20.3393480211354,0.0
20250721_074855_448,-5,33,33,1.5,20.3393480211354,0.092325210571289,0.0042943954467773,33,33.0,YOLO,1,32,0,20.3393480211354,0.0
20250721_074855_357,-5,33,33,1.5,20.3393480211354,0.0829603672027587,0.004204511642456,33,33.0,YOLO,1,32,0,20.3393480211354,0.0
20250721_074855_162,-5,33,33,1.5,20.3393480211354,0.0974857807159423,0.0041682720184326,33,33.0,YOLO,1,32,0,20.3393480211354,0.0
20250721_074854_674,-5,34,34,2.9,19.97503476011257,0.0892677307128906,0.0042934417724609,34,34.0,YOLO,1,32,0,19.97503476011257,0.0
20250721_074854_872,-5,33,33,1.5,20.3393480211354,0.0932223796844482,0.0043082237243652,33,33.0,YOLO,1,32,0,20.3393480211354,0.0
20250721_074854_973,-5,33,33,1.5,20.3393480211354,0.0858283042907714,0.0042316913604736,33,33.0,YOLO,1,32,0,20.3393480211354,0.0
20250721_074855_266,-5,33,33,1.5,20.3393480211354,0.0837962627410888,0.0042684078216552,33,33.0,YOLO,1,32,0,20.3393480211354,0.0
20250721_074855_066,-5,33,33,1.5,20.3393480211354,0.088346242904663,0.0042808055877685,33,33.0,YOLO,1,32,0,20.3393480211354,0.0
20250721_074854_575,-5,34,34,2.9,19.97503476011257,0.0919125080108642,0.0041744709014892,34,34.0,YOLO,1,32,0,19.97503476011257,0.0
20250721_074856_443,-4,33,33,1.5,20.58273326728235,0.0947942733764648,0.0043005943298339,33,33.0,YOLO,1,32,0,20.58273326728235,0.0
20250721_074855_652,-4,33,33,1.5,20.58273326728235,0.0867841243743896,0.0043411254882812,33,33.0,YOLO,1,32,0,20.58273326728235,0.0
20250721_074856_243,-4,33,33,1.5,20.58273326728235,0.0962214469909668,0.0042529106140136,33,33.0,YOLO,1,32,0,20.58273326728235,0.0
20250721_074856_137,-4,33,33,1.5,20.58273326728235,0.0994026660919189,0.0039610862731933,33,33.0,YOLO,1,32,0,20.58273326728235,0.0
20250721_074855_936,-4,33,33,1.5,20.58273326728235,0.0971236228942871,0.004096508026123,33,33.0,YOLO,1,32,0,20.58273326728235,0.0
20250721_074856_040,-4,33,33,1.5,20.58273326728235,0.0887427330017089,0.0043392181396484,33,33.0,YOLO,1,32,0,20.58273326728235,0.0
20250721_074855_746,-4,33,33,1.5,20.58273326728235,0.0954844951629638,0.0039145946502685,33,33.0,YOLO,1,32,0,20.58273326728235,0.0
20250721_074855_848,-4,33,33,1.5,20.58273326728235,0.0803406238555908,0.0042498111724853,33,33.0,YOLO,1,32,0,20.58273326728235,0.0
20250721_074856_347,-4,33,33,1.5,20.58273326728235,0.0891816616058349,0.004457950592041,33,33.0,YOLO,1,32,0,20.58273326728235,0.0
20250721_074855_548,-4,33,33,1.5,20.58273326728235,0.0969452857971191,0.0043118000030517,33,33.0,YOLO,1,32,0,20.58273326728235,0.0
20250721_074857_207,-3,32,32,0.0,20.680920869871755,0.0849199295043945,0.004427433013916,32,32.0,YOLO,1,32,0,20.680920869871755,0.0
20250721_074856_640,-3,33,33,1.5,19.79819199246812,0.087754487991333,0.0043973922729492,33,33.0,YOLO,1,32,0,19.79819199246812,0.0
20250721_074856_933,-3,32,32,0.0,20.680920869871755,0.0870704650878906,0.0020129680633544,32,32.0,YOLO,1,32,0,20.680920869871755,0.0
20250721_074856_546,-3,33,33,1.5,19.79819199246812,0.0869872570037841,0.0044167041778564,33,33.0,YOLO,1,32,0,19.79819199246812,0.0
20250721_074857_024,-3,32,32,0.0,20.680920869871755,0.0857934951782226,0.0039258003234863,32,32.0,YOLO,1,32,0,20.680920869871755,0.0
20250721_074856_834,-3,32,32,0.0,20.680920869871755,0.0917789936065673,0.0039050579071044,32,32.0,YOLO,1,32,0,20.680920869871755,0.0
20250721_074857_300,-3,32,32,0.0,20.680920869871755,0.0879051685333252,0.0044426918029785,32,32.0,YOLO,1,32,0,20.680920869871755,0.0
20250721_074857_116,-3,32,32,0.0,20.680920869871755,0.0830452442169189,0.0042746067047119,32,32.0,YOLO,1,32,0,20.680920869871755,0.0
20250721_074857_503,-3,32,32,0.0,20.680920869871755,0.0899946689605712,0.0040264129638671,32,32.0,YOLO,1,32,0,20.680920869871755,0.0
20250721_074857_395,-3,32,32,0.0,20.680920869871755,0.0995316505432128,0.0044577121734619,32,32.0,YOLO,1,32,0,20.680920869871755,0.0
20250721_074858_094,-2,31,31,-1.5,21.32172847746935,0.0932166576385498,0.0042641162872314,31,31.0,YOLO,1,32,0,21.32172847746935,0.0
20250721_074858_377,-2,31,31,-1.5,21.32172847746935,0.1118297576904296,0.0042512416839599,31,31.0,YOLO,1,32,0,21.32172847746935,0.0
20250721_074857_997,-2,31,31,-1.5,21.32172847746935,0.0889186859130859,0.0046687126159667,31,31.0,YOLO,1,32,0,21.32172847746935,0.0
20250721_074858_494,-2,31,31,-1.5,21.32172847746935,0.0934550762176513,0.0039684772491455,31,31.0,YOLO,1,32,0,21.32172847746935,0.0
20250721_074857_893,-2,31,31,-1.5,21.32172847746935,0.0964446067810058,0.0044291019439697,31,31.0,YOLO,1,32,0,21.32172847746935,0.0
20250721_074857_798,-2,31,31,-1.5,21.32172847746935,0.0875952243804931,0.004277229309082,31,31.0,YOLO,1,32,0,21.32172847746935,0.0
20250721_074857_599,-2,32,32,0.0,20.88918522383746,0.0906436443328857,0.0023002624511718,32,32.0,YOLO,1,32,0,20.88918522383746,0.0
20250721_074858_292,-2,31,31,-1.5,21.32172847746935,0.0819959640502929,0.0019371509552001,31,31.0,YOLO,1,32,0,21.32172847746935,0.0
20250721_074857_694,-2,32,32,0.0,20.88918522383746,0.0962018966674804,0.0042872428894042,32,32.0,YOLO,1,32,0,20.88918522383746,0.0
20250721_074858_194,-2,31,31,-1.5,21.32172847746935,0.0901644229888916,0.0042042732238769,31,31.0,YOLO,1,32,0,21.32172847746935,0.0
20250721_074859_379,-1,30,30,-2.9,21.25458700468016,0.0822937488555908,0.0020573139190673,30,30.0,YOLO,1,32,0,21.25458700468016,0.0
20250721_074859_086,-1,30,30,-2.9,21.25458700468016,0.0954859256744384,0.0022416114807128,30,30.0,YOLO,1,32,0,21.25458700468016,0.0
20250721_074858_977,-1,30,30,-2.9,21.25458700468016,0.1053125858306884,0.0020899772644042,30,30.0,YOLO,1,32,0,21.25458700468016,0.0
20250721_074859_275,-1,30,30,-2.9,21.25458700468016,0.1011641025543212,0.0020105838775634,30,30.0,YOLO,1,32,0,21.25458700468016,0.0
20250721_074858_594,-1,31,31,-1.5,20.985161754898968,0.0951809883117675,0.0042915344238281,31,31.0,YOLO,1,32,0,20.985161754898968,0.0
20250721_074858_697,-1,31,31,-1.5,20.985161754898968,0.0893573760986328,0.0041749477386474,31,31.0,YOLO,1,32,0,20.985161754898968,0.0
20250721_074858_882,-1,31,31,-1.5,20.985161754898968,0.0880103111267089,0.0042104721069335,31,31.0,YOLO,1,32,0,20.985161754898968,0.0
20250721_074859_465,-1,30,30,-2.9,21.25458700468016,0.090524673461914,0.0020444393157958,30,30.0,YOLO,1,32,0,21.25458700468016,0.0
20250721_074858_793,-1,31,31,-1.5,20.985161754898968,0.0820162296295166,0.0036001205444335,31,31.0,YOLO,1,32,0,20.985161754898968,0.0
20250721_074859_185,-1,30,30,-2.9,21.25458700468016,0.0863616466522216,0.0020892620086669,30,30.0,YOLO,1,32,0,21.25458700468016,0.0
20250721_074900_320,0,30,30,-2.9,20.97852816331165,0.0863802433013916,0.0020034313201904,30,30.0,YOLO,1,32,0,20.97852816331165,0.0
20250721_074859_652,0,30,30,-2.9,20.97852816331165,0.0992565155029296,0.0020740032196044,30,30.0,YOLO,1,32,0,20.97852816331165,0.0
20250721_074859_838,0,30,30,-2.9,20.97852816331165,0.0938663482666015,0.0020432472229003,30,30.0,YOLO,1,32,0,20.97852816331165,0.0
20250721_074900_129,0,30,30,-2.9,20.97852816331165,0.0917627811431884,0.0020341873168945,30,30.0,YOLO,1,32,0,20.97852816331165,0.0
20250721_074900_032,0,30,30,-2.9,20.97852816331165,0.0937108993530273,0.0020620822906494,30,30.0,YOLO,1,32,0,20.97852816331165,0.0
20250721_074900_505,0,30,30,-2.9,20.97852816331165,0.0945892333984375,0.0037500858306884,30,30.0,YOLO,1,32,0,20.97852816331165,0.0
20250721_074859_754,0,30,30,-2.9,20.97852816331165,0.0800130367279052,0.0020866394042968,30,30.0,YOLO,1,32,0,20.97852816331165,0.0
20250721_074900_224,0,30,30,-2.9,20.97852816331165,0.0927209854125976,0.0026147365570068,30,30.0,YOLO,1,32,0,20.97852816331165,0.0
20250721_074900_410,0,30,30,-2.9,20.97852816331165,0.0906939506530761,0.0023012161254882,30,30.0,YOLO,1,32,0,20.97852816331165,0.0
20250721_074859_935,0,30,30,-2.9,20.97852816331165,0.0937159061431884,0.0019822120666503,30,30.0,YOLO,1,32,0,20.97852816331165,0.0
20250721_074900_999,1,29,29,-4.4,21.112046555562685,0.0864458084106445,0.0042860507965087,29,29.0,YOLO,1,32,0,21.112046555562685,0.0
20250721_074900_699,1,30,30,-2.9,20.71910171723502,0.0870392322540283,0.0043056011199951,30,30.0,YOLO,1,32,0,20.71910171723502,0.0
20250721_074901_184,1,29,29,-4.4,21.112046555562685,0.092562198638916,0.0039916038513183,29,29.0,YOLO,1,32,0,21.112046555562685,0.0
20250721_074901_471,1,29,29,-4.4,21.112046555562685,0.091724157333374,0.0021250247955322,29,29.0,YOLO,1,32,0,21.112046555562685,0.0
20250721_074901_384,1,29,29,-4.4,21.112046555562685,0.0831854343414306,0.0020337104797363,29,29.0,YOLO,1,32,0,21.112046555562685,0.0
20250721_074900_606,1,29,29,-4.4,21.112046555562685,0.0855622291564941,0.0042119026184082,29,29.0,YOLO,1,32,0,21.112046555562685,0.0
20250721_074901_093,1,29,29,-4.4,21.112046555562685,0.0829911231994628,0.0043070316314697,29,29.0,YOLO,1,32,0,21.112046555562685,0.0
20250721_074901_283,1,29,29,-4.4,21.112046555562685,0.09354829788208,0.0042746067047119,29,29.0,YOLO,1,32,0,21.112046555562685,0.0
20250721_074900_900,1,29,29,-4.4,21.112046555562685,0.0915656089782714,0.0040645599365234,29,29.0,YOLO,1,32,0,21.112046555562685,0.0
20250721_074900_793,1,29,29,-4.4,21.112046555562685,0.1003789901733398,0.0039844512939453,29,29.0,YOLO,1,32,0,21.112046555562685,0.0
20250721_074901_939,2,28,28,-5.8,20.434968710706485,0.0968835353851318,0.0020101070404052,28,28.0,YOLO,1,32,0,20.434968710706485,0.0
20250721_074901_566,2,29,29,-4.4,20.61133409978285,0.0882544517517089,0.0020563602447509,29,29.0,YOLO,1,32,0,20.61133409978285,0.0
20250721_074901_658,2,29,29,-4.4,20.61133409978285,0.098722219467163,0.0020248889923095,29,29.0,YOLO,1,32,0,20.61133409978285,0.0
20250721_074902_129,2,28,28,-5.8,20.434968710706485,0.0882577896118164,0.0040559768676757,28,28.0,YOLO,1,32,0,20.434968710706485,0.0
20250721_074901_760,2,28,28,-5.8,20.434968710706485,0.0892920494079589,0.0020484924316406,28,28.0,YOLO,1,32,0,20.434968710706485,0.0
20250721_074902_325,2,28,28,-5.8,20.434968710706485,0.0942170619964599,0.0043156147003173,28,28.0,YOLO,1,32,0,20.434968710706485,0.0
20250721_074902_427,2,28,28,-5.8,20.434968710706485,0.0916574001312255,0.0039114952087402,28,28.0,YOLO,1,32,0,20.434968710706485,0.0
20250721_074902_225,2,28,28,-5.8,20.434968710706485,0.092994213104248,0.0042526721954345,28,28.0,YOLO,1,32,0,20.434968710706485,0.0
20250721_074902_039,2,28,28,-5.8,20.434968710706485,0.0832388401031494,0.0038473606109619,28,28.0,YOLO,1,32,0,20.434968710706485,0.0
20250721_074901_852,2,28,28,-5.8,20.434968710706485,0.082822561264038,0.0022585391998291,28,28.0,YOLO,1,32,0,20.434968710706485,0.0
20250721_074902_525,3,28,28,-5.8,20.434968710706485,0.0836939811706543,0.004216194152832,28,28.0,YOLO,1,32,0,20.434968710706485,0.0
20250721_074902_807,3,28,28,-5.8,20.453825141565066,0.0987472534179687,0.0038421154022216,28,28.0,YOLO,1,32,0,20.453825141565066,0.0
20250721_074903_496,3,28,28,-5.8,20.453825141565066,0.0912313461303711,0.0039212703704833,28,28.0,YOLO,1,32,0,20.453825141565066,0.0
20250721_074902_912,3,28,28,-5.8,20.453825141565066,0.0834848880767822,0.0040185451507568,28,28.0,YOLO,1,32,0,20.453825141565066,0.0
20250721_074903_097,3,28,28,-5.8,20.453825141565066,0.0894548892974853,0.0042517185211181,28,28.0,YOLO,1,32,0,20.453825141565066,0.0
20250721_074903_393,3,28,28,-5.8,20.453825141565066,0.0961816310882568,0.0042347908020019,28,28.0,YOLO,1,32,0,20.453825141565066,0.0
20250721_074903_003,3,28,28,-5.8,20.453825141565066,0.0867605209350586,0.0039231777191162,28,28.0,YOLO,1,32,0,20.453825141565066,0.0
20250721_074903_194,3,28,28,-5.8,20.453825141565066,0.0964541435241699,0.004373550415039,28,28.0,YOLO,1,32,0,20.453825141565066,0.0
20250721_074902_616,3,28,28,-5.8,20.453825141565066,0.0865600109100341,0.0041110515594482,28,28.0,YOLO,1,32,0,20.453825141565066,0.0
20250721_074903_298,3,28,28,-5.8,20.453825141565066,0.0875649452209472,0.0045943260192871,28,28.0,YOLO,1,32,0,20.453825141565066,0.0
20250721_074903_681,4,28,28,-5.8,19.9725834748274,0.0931499004364013,0.0043659210205078,28,28.0,YOLO,1,32,0,19.9725834748274,0.0
20250721_074904_076,4,27,27,-7.3,20.56187537739349,0.0891251564025878,0.0042734146118164,27,27.0,YOLO,1,32,0,20.56187537739349,0.0
20250721_074903_782,4,27,27,-7.3,20.56187537739349,0.0890471935272216,0.0041060447692871,27,27.0,YOLO,1,32,0,20.56187537739349,0.0
20250721_074904_172,4,27,27,-7.3,20.56187537739349,0.0880286693572998,0.004256248474121,27,27.0,YOLO,1,32,0,20.56187537739349,0.0
20250721_074903_983,4,27,27,-7.3,20.56187537739349,0.0850083827972412,0.0042262077331542,27,27.0,YOLO,1,32,0,20.56187537739349,0.0
20250721_074904_268,4,27,27,-7.3,20.56187537739349,0.0974421501159668,0.0042638778686523,27,27.0,YOLO,1,32,0,20.56187537739349,0.0
20250721_074904_465,4,27,27,-7.3,20.56187537739349,0.085721731185913,0.0043094158172607,27,27.0,YOLO,1,32,0,20.56187537739349,0.0
20250721_074903_594,4,28,28,-5.8,19.9725834748274,0.080308198928833,0.003699779510498,28,28.0,YOLO,1,32,0,19.9725834748274,0.0
20250721_074903_878,4,27,27,-7.3,20.56187537739349,0.0975720882415771,0.0042855739593505,27,27.0,YOLO,1,32,0,20.56187537739349,0.0
20250721_074904_372,4,27,27,-7.3,20.56187537739349,0.0855116844177246,0.0042753219604492,27,27.0,YOLO,1,32,0,20.56187537739349,0.0
20250721_074905_339,5,26,26,-8.7,20.74878966962234,0.0912542343139648,0.0038461685180664,26,26.0,YOLO,1,32,0,20.74878966962234,0.0
20250721_074905_148,5,26,26,-8.7,20.74878966962234,0.0886232852935791,0.0040080547332763,26,26.0,YOLO,1,32,0,20.74878966962234,0.0
20250721_074904_954,5,27,27,-7.3,20.418760090819944,0.0861449241638183,0.0039248466491699,27,27.0,YOLO,1,32,0,20.418760090819944,0.0
20250721_074904_658,5,27,27,-7.3,20.418760090819944,0.1004235744476318,0.0042645931243896,27,27.0,YOLO,1,32,0,20.418760090819944,0.0
20250721_074905_047,5,27,27,-7.3,20.418760090819944,0.0937976837158203,0.0042629241943359,27,27.0,YOLO,1,32,0,20.418760090819944,0.0
20250721_074904_766,5,27,27,-7.3,20.418760090819944,0.0856432914733886,0.0038785934448242,27,27.0,YOLO,1,32,0,20.418760090819944,0.0
20250721_074904_859,5,27,27,-7.3,20.418760090819944,0.0875227451324462,0.0040161609649658,27,27.0,YOLO,1,32,0,20.418760090819944,0.0
20250721_074905_244,5,26,26,-8.7,20.74878966962234,0.0880506038665771,0.0042726993560791,26,26.0,YOLO,1,32,0,20.74878966962234,0.0
20250721_074905_437,5,26,26,-8.7,20.74878966962234,0.0939376354217529,0.0041427612304687,26,26.0,YOLO,1,32,0,20.74878966962234,0.0
20250721_074904_558,5,27,27,-7.3,20.418760090819944,0.0932257175445556,0.0039014816284179,27,27.0,YOLO,1,32,0,20.418760090819944,0.0
20250721_074906_208,6,26,26,-8.7,20.31358893936134,0.0975410938262939,0.0042970180511474,26,26.0,YOLO,1,32,0,20.31358893936134,0.0
20250721_074905_822,6,26,26,-8.7,20.31358893936134,0.0943233966827392,0.0043575763702392,26,26.0,YOLO,1,32,0,20.31358893936134,0.0
20250721_074905_925,6,26,26,-8.7,20.31358893936134,0.0809664726257324,0.0042321681976318,26,26.0,YOLO,1,32,0,20.31358893936134,0.0
20250721_074905_538,6,26,26,-8.7,20.31358893936134,0.082413911819458,0.0037953853607177,26,26.0,YOLO,1,32,0,20.31358893936134,0.0
20250721_074905_627,6,27,27,-7.3,19.69794720604873,0.0904114246368408,0.0042250156402587,27,27.0,YOLO,1,32,0,19.69794720604873,0.0
20250721_074906_114,6,26,26,-8.7,20.31358893936134,0.0864887237548828,0.0042173862457275,26,26.0,YOLO,1,32,0,20.31358893936134,0.0
20250721_074906_313,6,26,26,-8.7,20.31358893936134,0.0883703231811523,0.003951072692871,26,26.0,YOLO,1,32,0,20.31358893936134,0.0
20250721_074906_408,6,26,26,-8.7,20.31358893936134,0.0857770442962646,0.0041463375091552,26,26.0,YOLO,1,32,0,20.31358893936134,0.0
20250721_074905_725,6,26,26,-8.7,20.31358893936134,0.0905818939208984,0.0039210319519042,26,26.0,YOLO,1,32,0,20.31358893936134,0.0
20250721_074906_501,6,26,26,-8.7,20.31358893936134,0.1012380123138427,0.0041704177856445,26,26.0,YOLO,1,32,0,20.31358893936134,0.0
20250721_074907_208,7,25,25,-10.2,20.488052313921315,0.0897636413574218,0.0039687156677246,25,25.0,YOLO,1,32,0,20.488052313921315,0.0
20250721_074906_709,7,25,25,-10.2,20.488052313921315,0.0990512371063232,0.0041069984436035,25,25.0,YOLO,1,32,0,20.488052313921315,0.0
20250721_074907_504,7,25,25,-10.2,20.488052313921315,0.0888891220092773,0.0039498805999755,25,25.0,YOLO,1,32,0,20.488052313921315,0.0
20250721_074907_108,7,25,25,-10.2,20.488052313921315,0.0924046039581298,0.0042762756347656,25,25.0,YOLO,1,32,0,20.488052313921315,0.0
20250721_074907_305,7,25,25,-10.2,20.488052313921315,0.0887820720672607,0.0039052963256835,25,25.0,YOLO,1,32,0,20.488052313921315,0.0
20250721_074906_815,7,25,25,-10.2,20.488052313921315,0.0888404846191406,0.0038881301879882,25,25.0,YOLO,1,32,0,20.488052313921315,0.0
20250721_074907_400,7,25,25,-10.2,20.488052313921315,0.0964829921722412,0.0040452480316162,25,25.0,YOLO,1,32,0,20.488052313921315,0.0
20250721_074906_911,7,25,25,-10.2,20.488052313921315,0.0943744182586669,0.0041785240173339,25,25.0,YOLO,1,32,0,20.488052313921315,0.0
20250721_074907_012,7,25,25,-10.2,20.488052313921315,0.088707685470581,0.00421142578125,25,25.0,YOLO,1,32,0,20.488052313921315,0.0
20250721_074906_610,7,26,26,-8.7,19.88555987135001,0.0926179885864257,0.0039236545562744,26,26.0,YOLO,1,32,0,19.88555987135001,0.0
20250721_074907_706,8,25,25,-10.2,19.900117664197523,0.0855283737182617,0.0041310787200927,25,25.0,YOLO,1,32,0,19.900117664197523,0.0
20250721_074908_197,8,24,24,-11.6,20.658205545480342,0.0894124507904052,0.004277229309082,24,24.0,YOLO,1,32,0,20.658205545480342,0.0
20250721_074908_293,8,25,25,-10.2,19.900117664197523,0.0816521644592285,0.0040929317474365,25,25.0,YOLO,1,32,0,19.900117664197523,0.0
20250721_074908_382,8,25,25,-10.2,19.900117664197523,0.1080710887908935,0.0039594173431396,25,25.0,YOLO,1,32,0,19.900117664197523,0.0
20250721_074908_497,8,25,25,-10.2,19.900117664197523,0.0856566429138183,0.0042181015014648,25,25.0,YOLO,1,32,0,19.900117664197523,0.0
20250721_074907_897,8,24,24,-11.6,20.658205545480342,0.0886766910552978,0.0040619373321533,24,24.0,YOLO,1,32,0,20.658205545480342,0.0
20250721_074907_799,8,24,24,-11.6,20.658205545480342,0.0915441513061523,0.0040602684020996,24,24.0,YOLO,1,32,0,20.658205545480342,0.0
20250721_074908_093,8,24,24,-11.6,20.658205545480342,0.0960416793823242,0.0042893886566162,24,24.0,YOLO,1,32,0,20.658205545480342,0.0
20250721_074907_993,8,24,24,-11.6,20.658205545480342,0.0929820537567138,0.0042071342468261,24,24.0,YOLO,1,32,0,20.658205545480342,0.0
20250721_074907_600,8,25,25,-10.2,19.900117664197523,0.0991013050079345,0.0041744709014892,25,25.0,YOLO,1,32,0,19.900117664197523,0.0
20250721_074908_695,9,25,25,-10.2,18.756975783738,0.0944416522979736,0.0113787651062011,25,24.0,NeighborSearch,2,32,0,19.97815232910176,-1.0
20250721_074909_107,9,24,24,-11.6,19.97815232910176,0.0924823284149169,0.0043644905090332,24,24.0,YOLO,1,32,0,19.97815232910176,0.0
20250721_074909_410,9,24,24,-11.6,19.97815232910176,0.0922091007232666,0.0042781829833984,24,24.0,YOLO,1,32,0,19.97815232910176,0.0
20250721_074909_207,9,24,24,-11.6,19.97815232910176,0.0916860103607177,0.004448652267456,24,24.0,YOLO,1,32,0,19.97815232910176,0.0
20250721_074909_509,9,24,24,-11.6,19.97815232910176,0.0888912677764892,0.0038249492645263,24,24.0,YOLO,1,32,0,19.97815232910176,0.0
20250721_074909_306,9,23,23,-13.1,20.138678464793145,0.096468448638916,0.0040271282196044,23,23.0,YOLO,1,32,0,20.138678464793145,0.0
20250721_074908_590,9,25,25,-10.2,18.756975783738,0.0901980400085449,0.0113074779510498,25,24.0,NeighborSearch,2,32,0,19.97815232910176,-1.0
20250721_074908_901,9,24,24,-11.6,19.97815232910176,0.0928249359130859,0.0042672157287597,24,24.0,YOLO,1,32,0,19.97815232910176,0.0
20250721_074908_804,9,24,24,-11.6,19.97815232910176,0.090235948562622,0.0039558410644531,24,24.0,YOLO,1,32,0,19.97815232910176,0.0
20250721_074909_001,9,24,24,-11.6,19.97815232910176,0.098240852355957,0.004263162612915,24,24.0,YOLO,1,32,0,19.97815232910176,0.0
20250721_074911_230,11,22,22,-14.5,20.54678771260461,0.0867373943328857,0.0041522979736328,22,22.0,YOLO,1,32,0,20.54678771260461,0.0
20250721_074910_830,11,22,22,-14.5,20.54678771260461,0.0984678268432617,0.0038850307464599,22,22.0,YOLO,1,32,0,20.54678771260461,0.0
20250721_074910_935,11,22,22,-14.5,20.54678771260461,0.0984156131744384,0.0040798187255859,22,22.0,YOLO,1,32,0,20.54678771260461,0.0
20250721_074911_420,11,22,22,-14.5,20.54678771260461,0.0928003787994384,0.0042176246643066,22,22.0,YOLO,1,32,0,20.54678771260461,0.0
20250721_074911_138,11,22,22,-14.5,20.54678771260461,0.0842096805572509,0.0039236545562744,22,22.0,YOLO,1,32,0,20.54678771260461,0.0
20250721_074911_041,11,22,22,-14.5,20.54678771260461,0.0903162956237793,0.004159927368164,22,22.0,YOLO,1,32,0,20.54678771260461,0.0
20250721_074911_324,11,22,22,-14.5,20.54678771260461,0.0906498432159423,0.0041358470916748,22,22.0,YOLO,1,32,0,20.54678771260461,0.0
20250721_074910_532,11,23,23,-13.1,20.04937434575648,0.0923027992248535,0.0038304328918457,23,23.0,YOLO,1,32,0,20.04937434575648,0.0
20250721_074910_631,11,23,23,-13.1,20.04937434575648,0.0973560810089111,0.0042757987976074,23,23.0,YOLO,1,32,0,20.04937434575648,0.0
20250721_074910_736,11,22,22,-14.5,20.54678771260461,0.0866756439208984,0.0042600631713867,22,22.0,YOLO,1,32,0,20.54678771260461,0.0
20250721_074912_320,12,22,22,-14.5,20.54672779947917,0.0926015377044677,0.0039694309234619,22,22.0,YOLO,1,32,0,20.54672779947917,0.0
20250721_074911_520,12,22,22,-14.5,20.54672779947917,0.0962281227111816,0.0042858123779296,22,22.0,YOLO,1,32,0,20.54672779947917,0.0
20250721_074911_822,12,21,21,-16.0,20.62812845760704,0.0920884609222412,0.0041773319244384,21,21.0,YOLO,1,32,0,20.62812845760704,0.0
20250721_074911_922,12,21,21,-16.0,20.62812845760704,0.0904695987701416,0.0043158531188964,21,21.0,YOLO,1,32,0,20.62812845760704,0.0
20250721_074912_217,12,22,22,-14.5,20.54672779947917,0.0954039096832275,0.0039286613464355,22,22.0,YOLO,1,32,0,20.54672779947917,0.0
20250721_074911_723,12,22,22,-14.5,20.54672779947917,0.0921258926391601,0.0043258666992187,22,22.0,YOLO,1,32,0,20.54672779947917,0.0
20250721_074912_419,12,22,22,-14.5,20.54672779947917,0.0962593555450439,0.0042228698730468,22,22.0,YOLO,1,32,0,20.54672779947917,0.0
20250721_074912_118,12,21,21,-16.0,20.62812845760704,0.0923998355865478,0.0037007331848144,21,21.0,YOLO,1,32,0,20.62812845760704,0.0
20250721_074912_020,12,21,21,-16.0,20.62812845760704,0.0914552211761474,0.004122257232666,21,21.0,YOLO,1,32,0,20.62812845760704,0.0
20250721_074911_624,12,22,22,-14.5,20.54672779947917,0.0914351940155029,0.0043010711669921,22,22.0,YOLO,1,32,0,20.54672779947917,0.0
20250721_074913_420,13,21,21,-16.0,19.983418528679422,0.0882947444915771,0.0042371749877929,21,21.0,YOLO,1,32,0,19.983418528679422,0.0
20250721_074912_825,13,21,21,-16.0,19.983418528679422,0.0931570529937744,0.0041475296020507,21,21.0,YOLO,1,32,0,19.983418528679422,0.0
20250721_074913_125,13,21,21,-16.0,19.983418528679422,0.09279465675354,0.0043489933013916,21,21.0,YOLO,1,32,0,19.983418528679422,0.0
20250721_074912_621,13,22,22,-14.5,20.138298824928967,0.0945386886596679,0.0042076110839843,22,22.0,YOLO,1,32,0,20.138298824928967,0.0
20250721_074912_926,13,21,21,-16.0,19.983418528679422,0.0922796726226806,0.0043010711669921,21,21.0,YOLO,1,32,0,19.983418528679422,0.0
20250721_074913_025,13,21,21,-16.0,19.983418528679422,0.0917267799377441,0.0042543411254882,21,21.0,YOLO,1,32,0,19.983418528679422,0.0
20250721_074912_723,13,22,22,-14.5,20.138298824928967,0.0954551696777343,0.0043082237243652,22,22.0,YOLO,1,32,0,20.138298824928967,0.0
20250721_074913_320,13,21,21,-16.0,19.983418528679422,0.0931630134582519,0.004054307937622,21,21.0,YOLO,1,32,0,19.983418528679422,0.0
20250721_074912_523,13,22,22,-14.5,20.138298824928967,0.0911509990692138,0.0039136409759521,22,22.0,YOLO,1,32,0,20.138298824928967,0.0
20250721_074913_225,13,21,21,-16.0,19.983418528679422,0.0881550312042236,0.0040030479431152,21,21.0,YOLO,1,32,0,19.983418528679422,0.0
20250721_074914_024,14,20,20,-17.4,20.33636196950816,0.0892672538757324,0.0043199062347412,20,20.0,YOLO,1,32,0,20.33636196950816,0.0
20250721_074914_121,14,20,20,-17.4,20.33636196950816,0.091785192489624,0.0044457912445068,20,20.0,YOLO,1,32,0,20.33636196950816,0.0
20250721_074914_220,14,20,20,-17.4,20.33636196950816,0.0832142829895019,0.0042736530303955,20,20.0,YOLO,1,32,0,20.33636196950816,0.0
20250721_074914_402,14,20,20,-17.4,20.33636196950816,0.0993666648864746,0.0039072036743164,20,20.0,YOLO,1,32,0,20.33636196950816,0.0
20250721_074914_311,14,20,20,-17.4,20.33636196950816,0.0844519138336181,0.0039381980895996,20,20.0,YOLO,1,32,0,20.33636196950816,0.0
20250721_074913_826,14,20,20,-17.4,20.33636196950816,0.0914304256439209,0.0048820972442626,20,20.0,YOLO,1,32,0,20.33636196950816,0.0
20250721_074913_926,14,20,20,-17.4,20.33636196950816,0.0908179283142089,0.0041210651397705,20,20.0,YOLO,1,32,0,20.33636196950816,0.0
20250721_074913_516,14,21,21,-16.0,19.74184275750005,0.0993456840515136,0.0040440559387207,21,21.0,YOLO,1,32,0,19.74184275750005,0.0
20250721_074913_622,14,21,21,-16.0,19.74184275750005,0.0943150520324707,0.0042717456817626,21,21.0,YOLO,1,32,0,19.74184275750005,0.0
20250721_074913_724,14,20,20,-17.4,20.33636196950816,0.0951721668243408,0.0042927265167236,20,20.0,YOLO,1,32,0,20.33636196950816,0.0
20250721_074914_612,15,20,20,-17.4,19.48835718459651,0.1011774539947509,0.004582405090332,20,20.0,YOLO,1,32,0,19.48835718459651,0.0
20250721_074915_403,15,19,19,-18.9,20.29709869495925,0.0952315330505371,0.0042190551757812,19,19.0,YOLO,1,32,0,20.29709869495925,0.0
20250721_074914_910,15,19,19,-18.9,20.29709869495925,0.0895526409149169,0.0039987564086914,19,19.0,YOLO,1,32,0,20.29709869495925,0.0
20250721_074914_721,15,20,20,-17.4,19.48835718459651,0.0821173191070556,0.0041015148162841,20,20.0,YOLO,1,32,0,19.48835718459651,0.0
20250721_074915_506,15,19,19,-18.9,20.29709869495925,0.0883932113647461,0.0038883686065673,19,19.0,YOLO,1,32,0,20.29709869495925,0.0
20250721_074915_115,15,19,19,-18.9,20.29709869495925,0.0899851322174072,0.0042288303375244,19,19.0,YOLO,1,32,0,20.29709869495925,0.0
20250721_074915_006,15,19,19,-18.9,20.29709869495925,0.1012465953826904,0.0040538311004638,19,19.0,YOLO,1,32,0,20.29709869495925,0.0
20250721_074915_310,15,19,19,-18.9,20.29709869495925,0.0869250297546386,0.0038230419158935,19,19.0,YOLO,1,32,0,20.29709869495925,0.0
20250721_074915_212,15,19,19,-18.9,20.29709869495925,0.0900096893310546,0.0043034553527832,19,19.0,YOLO,1,32,0,20.29709869495925,0.0
20250721_074914_508,15,20,20,-17.4,20.33636196950816,0.098182201385498,0.0043108463287353,20,20.0,YOLO,1,32,0,20.33636196950816,0.0
20250721_074915_998,16,19,19,-18.9,20.255504304140658,0.0916512012481689,0.0042371749877929,19,19.0,YOLO,1,32,0,20.255504304140658,0.0
20250721_074915_897,16,19,19,-18.9,20.255504304140658,0.0937087535858154,0.004237413406372,19,19.0,YOLO,1,32,0,20.255504304140658,0.0
20250721_074916_383,16,19,19,-18.9,20.255504304140658,0.0985593795776367,0.0043089389801025,19,19.0,YOLO,1,32,0,20.255504304140658,0.0
20250721_074915_601,16,19,19,-18.9,20.255504304140658,0.0937268733978271,0.0039153099060058,19,19.0,YOLO,1,32,0,20.255504304140658,0.0
20250721_074915_801,16,19,19,-18.9,20.255504304140658,0.0889537334442138,0.003979206085205,19,19.0,YOLO,1,32,0,20.255504304140658,0.0
20250721_074916_097,16,19,19,-18.9,20.255504304140658,0.087005615234375,0.0042848587036132,19,19.0,YOLO,1,32,0,20.255504304140658,0.0
20250721_074916_191,16,19,19,-18.9,20.255504304140658,0.0894367694854736,0.0041656494140625,19,19.0,YOLO,1,32,0,20.255504304140658,0.0
20250721_074916_288,16,19,19,-18.9,20.255504304140658,0.0877673625946044,0.0039005279541015,19,19.0,YOLO,1,32,0,20.255504304140658,0.0
20250721_074916_489,16,19,19,-18.9,20.255504304140658,0.0939180850982666,0.0036218166351318,19,19.0,YOLO,1,32,0,20.255504304140658,0.0
20250721_074915_702,16,19,19,-18.9,20.255504304140658,0.0917592048645019,0.0043997764587402,19,19.0,YOLO,1,32,0,20.255504304140658,0.0
20250721_074917_374,17,18,18,-20.3,20.44040056241259,0.0868377685546875,0.0039219856262207,18,18.0,YOLO,1,32,0,20.44040056241259,0.0
20250721_074916_981,17,18,18,-20.3,20.44040056241259,0.0869579315185546,0.004077672958374,18,18.0,YOLO,1,32,0,20.44040056241259,0.0
20250721_074917_275,17,18,18,-20.3,20.44040056241259,0.0907022953033447,0.0043861865997314,18,18.0,YOLO,1,32,0,20.44040056241259,0.0
20250721_074917_176,17,18,18,-20.3,20.44040056241259,0.0917756557464599,0.0041556358337402,18,18.0,YOLO,1,32,0,20.44040056241259,0.0
20250721_074916_793,17,18,18,-20.3,20.44040056241259,0.0867881774902343,0.0040438175201416,18,18.0,YOLO,1,32,0,20.44040056241259,0.0
20250721_074916_687,17,19,19,-18.9,19.699427813235985,0.0993034839630127,0.0039465427398681,19,19.0,YOLO,1,32,0,19.699427813235985,0.0
20250721_074916_887,17,18,18,-20.3,20.44040056241259,0.086266279220581,0.0043287277221679,18,18.0,YOLO,1,32,0,20.44040056241259,0.0
20250721_074916_589,17,19,19,-18.9,19.699427813235985,0.0904252529144287,0.0042476654052734,19,19.0,YOLO,1,32,0,19.699427813235985,0.0
20250721_074917_467,17,18,18,-20.3,20.44040056241259,0.1008031368255615,0.0033247470855712,18,18.0,YOLO,1,32,0,20.44040056241259,0.0
20250721_074917_075,17,18,18,-20.3,20.44040056241259,0.0938861370086669,0.0042517185211181,18,18.0,YOLO,1,32,0,20.44040056241259,0.0
20250721_074918_056,18,17,17,-21.8,21.174135495481693,0.0839557647705078,0.0043020248413085,17,17.0,YOLO,1,32,0,21.174135495481693,0.0
20250721_074917_574,18,18,18,-20.3,20.07010447613888,0.0839583873748779,0.004014253616333,18,18.0,YOLO,1,32,0,20.07010447613888,0.0
20250721_074917_665,18,18,18,-20.3,20.07010447613888,0.0904521942138671,0.0041854381561279,18,18.0,YOLO,1,32,0,20.07010447613888,0.0
20250721_074917_763,18,17,17,-21.8,21.174135495481693,0.0894482135772705,0.0039179325103759,17,17.0,YOLO,1,32,0,21.174135495481693,0.0
20250721_074918_351,18,17,17,-21.8,21.174135495481693,0.0973763465881347,0.0043001174926757,17,17.0,YOLO,1,32,0,21.174135495481693,0.0
20250721_074918_147,18,17,17,-21.8,21.174135495481693,0.0896086692810058,0.0040109157562255,17,17.0,YOLO,1,32,0,21.174135495481693,0.0
20250721_074918_456,18,17,17,-21.8,21.174135495481693,0.0903272628784179,0.0042879581451416,17,17.0,YOLO,1,32,0,21.174135495481693,0.0
20250721_074917_859,18,17,17,-21.8,21.174135495481693,0.0966284275054931,0.0042142868041992,17,17.0,YOLO,1,32,0,21.174135495481693,0.0
20250721_074917_963,18,17,17,-21.8,21.174135495481693,0.0863304138183593,0.0040047168731689,17,17.0,YOLO,1,32,0,21.174135495481693,0.0
20250721_074918_244,18,17,17,-21.8,21.174135495481693,0.0997271537780761,0.0040528774261474,17,17.0,YOLO,1,32,0,21.174135495481693,0.0
20250721_074918_553,19,17,17,-21.8,19.67530830885589,0.0953304767608642,0.0038895606994628,17,17.0,YOLO,1,32,0,19.67530830885589,0.0
20250721_074919_322,19,17,17,-21.8,19.67530830885589,0.0960345268249511,0.0036613941192626,17,17.0,YOLO,1,32,0,19.67530830885589,0.0
20250721_074919_044,19,17,17,-21.8,19.67530830885589,0.0857725143432617,0.003885269165039,17,17.0,YOLO,1,32,0,19.67530830885589,0.0
20250721_074919_226,19,17,17,-21.8,19.67530830885589,0.0884323120117187,0.0041747093200683,17,17.0,YOLO,1,32,0,19.67530830885589,0.0
20250721_074918_655,19,17,17,-21.8,19.67530830885589,0.0881266593933105,0.0042462348937988,17,17.0,YOLO,1,32,0,19.67530830885589,0.0
20250721_074918_950,19,17,17,-21.8,19.67530830885589,0.0864350795745849,0.0043230056762695,17,17.0,YOLO,1,32,0,19.67530830885589,0.0
20250721_074919_424,19,16,16,-23.2,20.506139938381352,0.0945827960968017,0.0042493343353271,16,16.0,YOLO,1,32,0,20.506139938381352,0.0
20250721_074919_137,19,16,16,-23.2,20.506139938381352,0.0822532176971435,0.0040953159332275,16,16.0,YOLO,1,32,0,20.506139938381352,0.0
20250721_074918_751,19,17,17,-21.8,19.67530830885589,0.0973849296569824,0.0043864250183105,17,17.0,YOLO,1,32,0,19.67530830885589,0.0
20250721_074918_856,19,17,17,-21.8,19.67530830885589,0.0876798629760742,0.0039038658142089,17,17.0,YOLO,1,32,0,19.67530830885589,0.0
20250721_074920_329,20,16,16,-23.2,20.088047298886963,0.0886604785919189,0.0028185844421386,16,16.0,YOLO,1,32,0,20.088047298886963,0.0
20250721_074919_925,20,16,16,-23.2,20.088047298886963,0.09916353225708,0.0042662620544433,16,16.0,YOLO,1,32,0,20.088047298886963,0.0
20250721_074920_031,20,16,16,-23.2,20.088047298886963,0.0846204757690429,0.0040764808654785,16,16.0,YOLO,1,32,0,20.088047298886963,0.0
20250721_074919_624,20,17,17,-21.8,17.862160541463012,0.0905554294586181,0.010594367980957,17,16.0,NeighborSearch,2,32,0,20.088047298886963,-1.0
20250721_074919_830,20,16,16,-23.2,20.088047298886963,0.08929443359375,0.0042610168457031,16,16.0,YOLO,1,32,0,20.088047298886963,0.0
20250721_074920_423,20,16,16,-23.2,20.088047298886963,0.0875246524810791,0.0043654441833496,16,16.0,YOLO,1,32,0,20.088047298886963,0.0
20250721_074920_123,20,16,16,-23.2,20.088047298886963,0.0932414531707763,0.0042872428894042,16,16.0,YOLO,1,32,0,20.088047298886963,0.0
20250721_074920_224,20,16,16,-23.2,20.088047298886963,0.0972125530242919,0.004300832748413,16,16.0,YOLO,1,32,0,20.088047298886963,0.0
20250721_074919_526,20,16,16,-23.2,20.088047298886963,0.090846300125122,0.0042076110839843,16,16.0,YOLO,1,32,0,20.088047298886963,0.0
20250721_074919_728,20,17,17,-21.8,17.862160541463012,0.0876333713531494,0.011310338973999,17,16.0,NeighborSearch,2,32,0,20.088047298886963,-1.0
20250721_074920_719,21,16,16,-23.2,19.851631620286483,0.0891363620758056,0.0042700767517089,16,16.0,YOLO,1,32,0,19.851631620286483,0.0
20250721_074920_612,21,16,16,-23.2,19.851631620286483,0.0989806652069091,0.0044119358062744,16,16.0,YOLO,1,32,0,19.851631620286483,0.0
20250721_074921_292,21,15,15,-24.7,20.7983692797678,0.0941715240478515,0.0043380260467529,15,15.0,YOLO,1,32,0,20.7983692797678,0.0
20250721_074921_197,21,15,15,-24.7,20.7983692797678,0.0879721641540527,0.0042071342468261,15,15.0,YOLO,1,32,0,20.7983692797678,0.0
20250721_074920_815,21,15,15,-24.7,20.7983692797678,0.0868670940399169,0.0038793087005615,15,15.0,YOLO,1,32,0,20.7983692797678,0.0
20250721_074920_518,21,16,16,-23.2,19.851631620286483,0.0873479843139648,0.0041027069091796,16,16.0,YOLO,1,32,0,19.851631620286483,0.0
20250721_074921_101,21,15,15,-24.7,20.7983692797678,0.0885014533996582,0.0042767524719238,15,15.0,YOLO,1,32,0,20.7983692797678,0.0
20250721_074921_007,21,15,15,-24.7,20.7983692797678,0.0874319076538086,0.0041210651397705,15,15.0,YOLO,1,32,0,20.7983692797678,0.0
20250721_074921_492,21,15,15,-24.7,20.7983692797678,0.0878458023071289,0.0039374828338623,15,15.0,YOLO,1,32,0,20.7983692797678,0.0
20250721_074921_394,21,15,15,-24.7,20.7983692797678,0.0907671451568603,0.0042331218719482,15,15.0,YOLO,1,32,0,20.7983692797678,0.0
20250721_074922_296,22,14,14,-26.1,20.07114294452927,0.0923092365264892,0.0039100646972656,14,14.0,YOLO,1,32,0,20.07114294452927,0.0
20250721_074921_781,22,14,14,-26.1,20.07114294452927,0.0953187942504882,0.0039734840393066,14,14.0,YOLO,1,32,0,20.07114294452927,0.0
20250721_074921_988,22,14,14,-26.1,20.07114294452927,0.1002428531646728,0.0041475296020507,14,14.0,YOLO,1,32,0,20.07114294452927,0.0
20250721_074921_884,22,14,14,-26.1,20.07114294452927,0.0965394973754882,0.0041913986206054,14,14.0,YOLO,1,32,0,20.07114294452927,0.0
20250721_074922_395,22,14,14,-26.1,20.07114294452927,0.095038890838623,0.004244327545166,14,14.0,YOLO,1,32,0,20.07114294452927,0.0
20250721_074922_095,22,14,14,-26.1,20.07114294452927,0.0905292034149169,0.004274845123291,14,14.0,YOLO,1,32,0,20.07114294452927,0.0
20250721_074921_691,22,15,15,-24.7,20.29141674566685,0.0829596519470214,0.0042982101440429,15,15.0,YOLO,1,32,0,20.29141674566685,0.0
20250721_074922_193,22,14,14,-26.1,20.07114294452927,0.0959663391113281,0.0041959285736083,14,14.0,YOLO,1,32,0,20.07114294452927,0.0
20250721_074921_586,22,15,15,-24.7,20.29141674566685,0.0981321334838867,0.0036823749542236,15,15.0,YOLO,1,32,0,20.29141674566685,0.0
20250721_074922_497,22,14,14,-26.1,20.07114294452927,0.0902881622314453,0.003896951675415,14,14.0,YOLO,1,32,0,20.07114294452927,0.0
