Timestamp,Boresight,Jetson Detection,Rx Beam Index,Rx Beam Angle,Initial SNR (dB),Initial Max Power (dBm),Max Power (dBm),YOLO Time (s),Beam Sweep Time (s),Rx Beam Index (YOLO Predicted),Rx Beam Index (Selected),Adjustment Method,Beams Checked in Search,Adjusted Beam Index,Adjusted Beam Angle,SNR (dB),Offset Error
20250721_061145_497,-45,NO_RADIO,32,0,7.304231719970716,-95.32933807373047,-95.32933807373047,0.2634255886077881,0.10218572616577148,32,,CenterFallback,1,32,0,,
20250721_061145_866,-45,NO_RADIO,32,0,6.884472558428115,-95.4295696258545,-95.4295696258545,0.09260797500610352,0.1561274528503418,32,,CenterFallback,1,32,0,,
20250721_061146_117,-45,NO_RADIO,32,0,7.014701337939215,-95.9241714477539,-95.9241714477539,0.08962869644165039,0.10168004035949707,32,,CenterFallback,1,32,0,,
20250721_061146_309,-44,NO_RADIO,32,0,7.005354865139097,-95.6165771484375,-95.6165771484375,0.09431099891662598,0.15812063217163086,32,,CenterFallback,1,32,0,,
20250721_061146_563,-44,NO_RADIO,32,0,7.0854045380669675,-95.76196441650391,-95.76196441650391,0.08628702163696289,0.1017313003540039,32,,CenterFallback,1,32,0,,
20250721_061146_753,-44,NO_RADIO,32,0,6.872499013776519,-95.9241714477539,-95.9241714477539,0.08929300308227539,0.15814614295959473,32,,CenterFallback,1,32,0,,
20250721_061147_002,-44,NO_RADIO,32,0,7.092914712776519,-95.43484497070312,-95.43484497070312,0.08859753608703613,0.10174250602722168,32,,CenterFallback,1,32,0,,
20250721_061147_193,-43,NO_RADIO,32,0,7.071242674443852,-95.43484497070312,-95.43484497070312,0.09418487548828125,0.1580822467803955,32,,CenterFallback,1,32,0,,
20250721_061147_447,-43,NO_RADIO,32,0,6.885359866934309,-95.65385437011719,-95.65385437011719,0.09418630599975586,0.10184311866760254,32,,CenterFallback,1,32,0,,
20250721_061147_645,-43,NO_RADIO,32,0,7.085161479307914,-95.65385437011719,-95.65385437011719,0.09066939353942871,0.15809011459350586,32,,CenterFallback,1,32,0,,
20250721_061147_895,-43,NO_RADIO,32,0,7.051836146529752,-95.65385437011719,-95.65385437011719,0.0920712947845459,0.10182881355285645,32,,CenterFallback,1,32,0,,
20250721_061148_090,-43,NO_RADIO,32,0,6.872762195246892,-95.65385437011719,-95.65385437011719,0.09989070892333984,0.15810394287109375,32,,CenterFallback,1,32,0,,
20250721_061148_350,-42,NO_RADIO,32,0,6.878787693753253,-95.9241714477539,-95.9241714477539,0.10271549224853516,0.10178995132446289,32,,CenterFallback,1,32,0,,
20250721_061148_556,-42,NO_RADIO,32,0,6.909677322834938,-95.65385437011719,-95.65385437011719,0.09511518478393555,0.15818524360656738,32,,CenterFallback,1,32,0,,
20250721_061148_810,-42,NO_RADIO,32,0,7.140211474628302,-95.65385437011719,-95.65385437011719,0.0890190601348877,0.10180377960205078,32,,CenterFallback,1,32,0,,
20250721_061149_003,-42,NO_RADIO,32,0,6.8832516535545665,-95.91634559631349,-95.91634559631349,0.09555649757385254,0.158095121383667,32,,CenterFallback,1,32,0,,
20250721_061149_258,-41,NO_RADIO,32,0,7.1202642411168995,-95.43484497070312,-95.43484497070312,0.08759498596191406,0.10174441337585449,32,,CenterFallback,1,32,0,,
20250721_061149_448,-41,NO_RADIO,32,0,7.053486504946008,-95.65199050903321,-95.65199050903321,0.0925605297088623,0.15813755989074707,32,,CenterFallback,1,32,0,,
20250721_061149_701,-41,NO_RADIO,32,0,6.853508621560792,-96.12396850585938,-96.12396850585938,0.09125709533691406,0.1016998291015625,32,,CenterFallback,1,32,0,,
20250721_061149_895,-41,NO_RADIO,32,0,6.868266139938584,-95.65199050903321,-95.65199050903321,0.09081244468688965,0.15812420845031738,32,,CenterFallback,1,32,0,,
20250721_061150_145,-41,NO_RADIO,32,0,7.054219038584947,-95.43484497070312,-95.43484497070312,0.09026122093200684,0.10183286666870117,32,,CenterFallback,1,32,0,,
20250721_061150_339,-40,NO_RADIO,32,0,6.712373880512104,-96.25521850585938,-96.25521850585938,0.09870433807373047,0.15813660621643066,32,,CenterFallback,1,32,0,,
20250721_061150_597,-40,NO_RADIO,32,0,7.440552625513362,-95.32933807373047,-95.32933807373047,0.09281086921691895,0.10174822807312012,32,,CenterFallback,1,32,0,,
20250721_061150_793,-40,NO_RADIO,32,0,7.097222883577103,-95.60927734375001,-95.60927734375001,0.09637808799743652,0.15808868408203125,32,,CenterFallback,1,32,0,,
20250721_061151_049,-40,NO_RADIO,32,0,7.043726271178855,-95.65385437011719,-95.65385437011719,0.08588075637817383,0.10167384147644043,32,,CenterFallback,1,32,0,,
20250721_061151_238,-39,NO_RADIO,32,0,6.853151534210383,-95.9241714477539,-95.9241714477539,0.08899998664855957,0.15820074081420898,32,,CenterFallback,1,32,0,,
20250721_061151_486,-39,NO_RADIO,32,0,7.053942723763498,-95.91634559631349,-95.91634559631349,0.08829116821289062,0.10170269012451172,32,,CenterFallback,1,32,0,,
20250721_061151_678,-39,NO_RADIO,32,0,7.0437678087852476,-95.43484497070312,-95.43484497070312,0.08635330200195312,0.15807843208312988,32,,CenterFallback,1,32,0,,
20250721_061151_924,-39,NO_RADIO,32,0,7.544405639176759,-95.32933807373047,-95.32933807373047,0.09056282043457031,0.10176897048950195,32,,CenterFallback,1,32,0,,
20250721_061152_117,-39,NO_RADIO,32,0,7.0813433633457095,-95.6165771484375,-95.6165771484375,0.09672021865844727,0.15812134742736816,32,,CenterFallback,1,32,0,,
20250721_061152_374,-38,NO_RADIO,32,0,6.850503685017557,-95.6165771484375,-95.6165771484375,0.09081268310546875,0.10181665420532227,32,,CenterFallback,1,32,0,,
20250721_061152_568,-38,NO_RADIO,32,0,7.404926179465548,-95.4705810546875,-95.4705810546875,0.08822226524353027,0.1581575870513916,32,,CenterFallback,1,32,0,,
20250721_061152_816,-38,NO_RADIO,32,0,7.523568056325928,-95.22297401428223,-95.22297401428223,0.09385204315185547,0.10182929039001465,32,,CenterFallback,1,32,0,,
20250721_061153_013,-38,NO_RADIO,32,0,6.997649260480941,-95.6165771484375,-95.6165771484375,0.0853736400604248,0.15811872482299805,32,,CenterFallback,1,32,0,,
20250721_061153_258,-37,NO_RADIO,32,0,7.366541143467217,-95.2263412475586,-95.2263412475586,0.08842349052429199,0.10168671607971191,32,,CenterFallback,1,32,0,,
20250721_061153_449,-37,NO_RADIO,32,0,7.654874185174705,-94.93123626708984,-94.93123626708984,0.08974885940551758,0.15819883346557617,32,,CenterFallback,1,32,0,,
20250721_061153_699,-37,NO_RADIO,32,0,7.478921072113465,-95.22297401428223,-95.22297401428223,0.08985424041748047,0.10166478157043457,32,,CenterFallback,1,32,0,,
20250721_061153_891,-37,NO_RADIO,32,0,7.724544316448288,-94.71480560302734,-94.71480560302734,0.09008049964904785,0.1581578254699707,32,,CenterFallback,1,32,0,,
20250721_061154_141,-37,NO_RADIO,32,0,7.502520450287136,-95.15899658203125,-95.15899658203125,0.0869591236114502,0.1017158031463623,32,,CenterFallback,1,32,0,,
20250721_061154_331,-36,NO_RADIO,32,0,7.822712282584789,-94.6549072265625,-94.6549072265625,0.09308552742004395,0.15819048881530762,32,,CenterFallback,1,32,0,,
20250721_061154_584,-36,NO_RADIO,32,0,7.6922893635566965,-94.68475341796875,-94.68475341796875,0.08593368530273438,0.10176801681518555,32,,CenterFallback,1,32,0,,
20250721_061154_773,-36,NO_RADIO,32,0,7.678884198472204,-94.93123626708984,-94.93123626708984,0.08852767944335938,0.15824055671691895,32,,CenterFallback,1,32,0,,
20250721_061155_021,-36,NO_RADIO,32,0,7.465585643717191,-95.15899658203125,-95.15899658203125,0.09279847145080566,0.10185694694519043,32,,CenterFallback,1,32,0,,
20250721_061155_218,-35,NO_RADIO,32,0,7.942694068305727,-94.59435501098633,-94.59435501098633,0.09130549430847168,0.1582329273223877,32,,CenterFallback,1,32,0,,
20250721_061155_469,-35,NO_RADIO,32,0,8.097203770771074,-94.45152282714844,-94.45152282714844,0.0902707576751709,0.10188007354736328,32,,CenterFallback,1,32,0,,
20250721_061155_662,-35,NO_RADIO,32,0,7.941512986199228,-94.59581756591797,-94.59581756591797,0.09043407440185547,0.15820574760437012,32,,CenterFallback,1,32,0,,
20250721_061155_912,-35,NO_RADIO,32,0,7.770665275387998,-94.68475341796875,-94.68475341796875,0.0911707878112793,0.10173892974853516,32,,CenterFallback,1,32,0,,
20250721_061156_106,-35,NO_RADIO,32,0,7.637841022986436,-94.68475341796875,-94.68475341796875,0.09923529624938965,0.15807032585144043,32,,CenterFallback,1,32,0,,
20250721_061156_365,-34,NO_RADIO,32,0,7.639974261630499,-94.6549072265625,-94.6549072265625,0.08896660804748535,0.1017003059387207,32,,CenterFallback,1,32,0,,
20250721_061156_557,-34,NO_RADIO,32,0,8.216489780538794,-94.25724792480469,-94.25724792480469,0.09330892562866211,0.15828895568847656,32,,CenterFallback,1,32,0,,
20250721_061156_810,-34,NO_RADIO,32,0,8.036604397983922,-94.44591903686523,-94.44591903686523,0.08669042587280273,0.10181164741516113,32,,CenterFallback,1,32,0,,
20250721_061157_000,-34,NO_RADIO,32,0,8.066799485134865,-94.56081428527833,-94.56081428527833,0.08967185020446777,0.15811634063720703,32,,CenterFallback,1,32,0,,
20250721_061157_249,-33,NO_RADIO,32,0,8.032071397885645,-94.65195274353027,-94.65195274353027,0.09119868278503418,0.10170936584472656,32,,CenterFallback,1,32,0,,
20250721_061157_444,-33,NO_RADIO,32,0,8.068316949731866,-94.45152282714844,-94.45152282714844,0.08911895751953125,0.15814447402954102,32,,CenterFallback,1,32,0,,
20250721_061157_692,-33,NO_RADIO,32,0,8.212725359424084,-94.56656646728516,-94.56656646728516,0.08637237548828125,0.10184550285339355,32,,CenterFallback,1,32,0,,
20250721_061157_882,-33,NO_RADIO,32,0,8.244745991287317,-94.14348030090332,-94.14348030090332,0.09935760498046875,0.15809226036071777,32,,CenterFallback,1,32,0,,
20250721_061158_141,-33,NO_RADIO,32,0,7.9011624800289155,-94.59435501098633,-94.59435501098633,0.09451556205749512,0.10177159309387207,32,,CenterFallback,1,32,0,,
20250721_061158_338,-32,NO_RADIO,32,0,7.903147777528332,-94.68475341796875,-94.68475341796875,0.0962831974029541,0.15836048126220703,32,,CenterFallback,1,32,0,,
20250721_061158_594,-32,NO_RADIO,32,0,8.00690501840971,-94.44591903686523,-94.44591903686523,0.09065985679626465,0.10170245170593262,32,,CenterFallback,1,32,0,,
20250721_061158_788,-32,NO_RADIO,32,0,7.998562258313115,-94.59581756591797,-94.59581756591797,0.08959293365478516,0.15816617012023926,32,,CenterFallback,1,32,0,,
20250721_061159_037,-32,NO_RADIO,32,0,7.989193260637535,-94.6549072265625,-94.6549072265625,0.09029984474182129,0.10170531272888184,32,,CenterFallback,1,32,0,,
20250721_061159_231,-31,NO_RADIO,32,0,7.868171884231998,-94.68475341796875,-94.68475341796875,0.08974623680114746,0.1580512523651123,32,,CenterFallback,1,32,0,,
20250721_061159_480,-31,NO_RADIO,32,0,7.725798962644589,-94.65195274353027,-94.65195274353027,0.09026837348937988,0.10171937942504883,32,,CenterFallback,1,32,0,,
20250721_061159_673,-31,51,51,27.6,20.171163343139966,-82.67107162475585,-82.67107162475585,0.09300017356872559,0.1580808162689209,51,51,YOLO,1,32,0,20.171163343139966,0
20250721_061159_926,-31,51,51,27.6,20.242542727143615,-82.60618476867675,-82.60618476867675,0.08961081504821777,0.10171866416931152,51,51,YOLO,1,32,0,20.242542727143615,0
20250721_061200_119,-31,51,51,27.6,20.43044510718896,-82.2982406616211,-82.2982406616211,0.09498047828674316,0.15807843208312988,51,51,YOLO,1,32,0,20.43044510718896,0
20250721_061200_373,-30,51,51,27.6,20.447745173485842,-82.49243545532227,-82.49243545532227,0.09114503860473633,0.10168743133544922,51,51,YOLO,1,32,0,20.447745173485842,0
20250721_061200_568,-30,51,51,27.6,19.510453279754316,-83.28759727478027,-83.28759727478027,0.08983802795410156,0.15809154510498047,51,51,YOLO,1,32,0,19.510453279754316,0
20250721_061200_817,-30,50,50,26.1,19.645991441706457,-83.18090057373047,-83.18090057373047,0.09222602844238281,0.10177135467529297,50,50,YOLO,1,32,0,19.645991441706457,0
20250721_061201_012,-30,51,51,27.6,19.73030334896835,-83.03067626953126,-83.03067626953126,0.09913420677185059,0.1580522060394287,51,51,YOLO,1,32,0,19.73030334896835,0
20250721_061201_271,-29,50,50,26.1,19.58210823863304,-83.10945892333984,-83.10945892333984,0.09362268447875977,0.10169410705566406,50,50,YOLO,1,32,0,19.58210823863304,0
20250721_061201_468,-29,50,50,26.1,19.877904437568475,-83.02271347045898,-83.02271347045898,0.0919194221496582,0.15806365013122559,50,50,YOLO,1,32,0,19.877904437568475,0
20250721_061201_719,-29,50,50,26.1,19.93141705919419,-82.91387176513672,-82.91387176513672,0.09049081802368164,0.1016995906829834,50,50,YOLO,1,32,0,19.93141705919419,0
20250721_061201_913,-29,50,50,26.1,19.832369873991098,-82.99805526733398,-82.99805526733398,0.09129118919372559,0.15807390213012695,50,50,YOLO,1,32,0,19.832369873991098,0
20250721_061202_163,-29,50,50,26.1,19.938971633905055,-82.91387176513672,-82.91387176513672,0.09724855422973633,0.1016530990600586,50,50,YOLO,1,32,0,19.938971633905055,0
20250721_061202_364,-28,50,50,26.1,19.047545701815096,-83.63847351074219,-83.63847351074219,0.09415292739868164,0.1582012176513672,50,50,YOLO,1,32,0,19.047545701815096,0
20250721_061202_617,-28,50,50,26.1,19.220053220257753,-83.61968231201172,-83.61968231201172,0.08885407447814941,0.10171675682067871,50,50,YOLO,1,32,0,19.220053220257753,0
20250721_061202_809,-28,49,49,24.7,20.124043912549695,-82.73215827941894,-82.73215827941894,0.09414935111999512,0.158233642578125,49,49,YOLO,1,32,0,20.124043912549695,0
20250721_061203_063,-28,49,49,24.7,20.239906073254502,-82.5818531036377,-82.5818531036377,0.09450912475585938,0.1017906665802002,49,49,YOLO,1,32,0,20.239906073254502,0
20250721_061203_261,-27,49,49,24.7,19.72121352102245,-82.92754135131835,-82.92754135131835,0.1004786491394043,0.15807151794433594,49,49,YOLO,1,32,0,19.72121352102245,0
20250721_061203_521,-27,49,49,24.7,19.509869709355044,-83.14083862304688,-83.14083862304688,0.12150740623474121,0.10169577598571777,49,49,YOLO,1,32,0,19.509869709355044,0
20250721_061203_746,-27,49,49,24.7,19.596583739088288,-83.1671516418457,-83.1671516418457,0.09080624580383301,0.15806961059570312,49,49,YOLO,1,32,0,19.596583739088288,0
20250721_061203_996,-27,49,49,24.7,19.750388755116177,-83.03067626953126,-83.03067626953126,0.08999252319335938,0.10175323486328125,49,49,YOLO,1,32,0,19.750388755116177,0
20250721_061204_189,-26,49,49,24.7,19.365219952026436,-83.37266311645507,-83.37266311645507,0.09006762504577637,0.1580965518951416,49,49,YOLO,1,32,0,19.365219952026436,0
20250721_061204_439,-26,49,49,24.7,18.332908196251694,-82.78627014160156,-82.78627014160156,0.09277510643005371,0.36922764778137207,49,48,NeighborSearch,2,32,0,20.089771201765487,-1
20250721_061204_903,-26,48,48,23.2,19.849758655794787,-82.83852767944336,-82.83852767944336,0.0947272777557373,0.15818524360656738,48,48,YOLO,1,32,0,19.849758655794787,0
20250721_061205_157,-26,48,48,23.2,19.931245116679946,-82.73215827941894,-82.73215827941894,0.08699679374694824,0.10167479515075684,48,48,YOLO,1,32,0,19.931245116679946,0
20250721_061205_347,-25,48,48,23.2,19.046887478644052,-83.63788604736328,-83.63788604736328,0.09464192390441895,0.1581425666809082,48,48,YOLO,1,32,0,19.046887478644052,0
20250721_061205_601,-25,47,47,21.8,19.197766151049578,-83.54532623291016,-83.54532623291016,0.0874779224395752,0.10172343254089355,47,47,YOLO,1,32,0,19.197766151049578,0
20250721_061205_792,-25,47,47,21.8,19.500713829411012,-83.1010311126709,-83.1010311126709,0.09111452102661133,0.1580672264099121,47,47,YOLO,1,32,0,19.500713829411012,0
20250721_061206_043,-25,47,47,21.8,19.3068646124418,-83.40924072265625,-83.40924072265625,0.09311938285827637,0.10177206993103027,47,47,YOLO,1,32,0,19.3068646124418,0
20250721_061206_239,-24,47,47,21.8,18.91502128516612,-83.90044403076172,-83.90044403076172,0.08947300910949707,0.15812182426452637,47,47,YOLO,1,32,0,18.91502128516612,0
20250721_061206_488,-24,47,47,21.8,18.541942112656045,-84.17829856872558,-84.17829856872558,0.0866849422454834,0.10185956954956055,47,47,YOLO,1,32,0,18.541942112656045,0
20250721_061206_678,-24,47,47,21.8,18.939233487775226,-83.74450912475587,-83.74450912475587,0.0887141227722168,0.15816974639892578,47,47,YOLO,1,32,0,18.939233487775226,0
20250721_061206_926,-24,47,47,21.8,18.794802097977353,-83.89957046508789,-83.89957046508789,0.08794522285461426,0.1016240119934082,47,47,YOLO,1,32,0,18.794802097977353,0
20250721_061207_117,-24,47,47,21.8,18.53560316312162,-84.08677597045899,-84.08677597045899,0.09244680404663086,0.1580650806427002,47,47,YOLO,1,32,0,18.53560316312162,0
20250721_061207_369,-23,47,47,21.8,18.481130639685944,-83.75476760864258,-83.75476760864258,0.0885171890258789,0.3702220916748047,47,46,NeighborSearch,2,32,0,19.058362044988627,-1
20250721_061207_829,-23,46,46,20.3,19.146844761264973,-83.5448657989502,-83.5448657989502,0.0913090705871582,0.15810632705688477,46,46,YOLO,1,32,0,19.146844761264973,0
20250721_061208_080,-23,46,46,20.3,19.007254121377656,-83.63847351074219,-83.63847351074219,0.09136080741882324,0.10165762901306152,46,46,YOLO,1,32,0,19.007254121377656,0
20250721_061208_275,-22,46,46,20.3,17.51322355054336,-83.02484893798828,-83.02484893798828,0.09791088104248047,0.41962361335754395,46,45,NeighborSearch,2,32,0,19.59982900914241,-1
20250721_061208_794,-22,45,45,18.9,19.62504495799982,-82.91387176513672,-82.91387176513672,0.08315539360046387,0.10172891616821289,45,45,YOLO,1,32,0,19.62504495799982,0
20250721_061208_980,-22,45,45,18.9,19.263726771834484,-83.34541397094726,-83.34541397094726,0.09167838096618652,0.15817594528198242,45,45,YOLO,1,32,0,19.263726771834484,0
20250721_061209_231,-21,45,45,18.9,19.156392652797805,-83.43567008972168,-83.43567008972168,0.09246182441711426,0.10164284706115723,45,45,YOLO,1,32,0,19.156392652797805,0
20250721_061209_427,-21,45,45,18.9,18.511590319126213,-84.08690643310547,-84.08690643310547,0.08944892883300781,0.1580369472503662,45,45,YOLO,1,32,0,18.511590319126213,0
20250721_061209_676,-21,44,44,17.4,18.53577992121204,-84.1500015258789,-84.1500015258789,0.09136319160461426,0.10168814659118652,44,44,YOLO,1,32,0,18.53577992121204,0
20250721_061209_870,-21,44,44,17.4,19.707768259835234,-82.88211822509766,-82.88211822509766,0.10182857513427734,0.15816092491149902,44,44,YOLO,1,32,0,19.707768259835234,0
20250721_061210_132,-21,44,44,17.4,19.893387556010964,-82.68541526794434,-82.68541526794434,0.09280872344970703,0.1016998291015625,44,44,YOLO,1,32,0,19.893387556010964,0
20250721_061210_328,-20,44,44,17.4,19.144239089182463,-83.49550552368164,-83.49550552368164,0.09666585922241211,0.15811896324157715,44,44,YOLO,1,32,0,19.144239089182463,0
20250721_061210_584,-20,44,44,17.4,19.00824301795234,-83.46316528320312,-83.46316528320312,0.09395027160644531,0.10175299644470215,44,44,YOLO,1,32,0,19.00824301795234,0
20250721_061210_781,-20,44,44,17.4,19.33061768655641,-83.34707260131836,-83.34707260131836,0.09213685989379883,0.158066987991333,44,44,YOLO,1,32,0,19.33061768655641,0
20250721_061211_033,-20,44,44,17.4,19.238483536651515,-83.32083129882812,-83.32083129882812,0.08604073524475098,0.10161161422729492,44,44,YOLO,1,32,0,19.238483536651515,0
20250721_061211_222,-19,44,44,17.4,19.208805522285758,-83.45639038085938,-83.45639038085938,0.09251642227172852,0.1580345630645752,44,44,YOLO,1,32,0,19.208805522285758,0
20250721_061211_474,-19,44,44,17.4,18.41240722264763,-83.19958686828613,-83.19958686828613,0.09018182754516602,0.37006068229675293,44,43,NeighborSearch,2,32,0,19.375168966256382,-1
20250721_061211_935,-19,43,43,16.0,19.116500879780062,-83.44737243652344,-83.44737243652344,0.0915992259979248,0.1580355167388916,43,43,YOLO,1,32,0,19.116500879780062,0
20250721_061212_186,-19,43,43,16.0,19.116665901065844,-83.59083824157715,-83.59083824157715,0.09147071838378906,0.10167527198791504,43,43,YOLO,1,32,0,19.116665901065844,0
20250721_061212_381,-18,43,43,16.0,18.252984340475564,-82.69980392456054,-82.69980392456054,0.09545516967773438,0.4197530746459961,43,42,NeighborSearch,2,32,0,19.853038874788595,-1
20250721_061212_898,-18,42,42,14.5,19.772360560976395,-82.92784118652344,-82.92784118652344,0.08902287483215332,0.10296106338500977,42,42,YOLO,1,32,0,19.772360560976395,0
20250721_061213_092,-18,42,42,14.5,19.588496779283957,-83.02484893798828,-83.02484893798828,0.09039974212646484,0.15824317932128906,42,42,YOLO,1,32,0,19.588496779283957,0
20250721_061213_342,-17,42,42,14.5,19.549832404033566,-82.92784118652344,-82.92784118652344,0.09190654754638672,0.10170459747314453,42,42,YOLO,1,32,0,19.549832404033566,0
20250721_061213_537,-17,42,42,14.5,18.938764082528138,-83.5916519165039,-83.5916519165039,0.10211634635925293,0.15823721885681152,42,42,YOLO,1,32,0,18.938764082528138,0
20250721_061213_799,-17,42,42,14.5,18.975468360180884,-83.68497505187989,-83.68497505187989,0.09032416343688965,0.10174369812011719,42,42,YOLO,1,32,0,18.975468360180884,0
20250721_061213_992,-17,42,42,14.5,19.132960092143534,-83.48037910461426,-83.48037910461426,0.10242152214050293,0.1582047939300537,42,42,YOLO,1,32,0,19.132960092143534,0
20250721_061214_254,-16,42,42,14.5,19.0286285688493,-83.57039260864258,-83.57039260864258,0.09407591819763184,0.10169076919555664,42,42,YOLO,1,32,0,19.0286285688493,0
20250721_061214_452,-16,42,42,14.5,17.200197118776586,-83.21471405029297,-83.21471405029297,0.09970664978027344,0.4195280075073242,42,41,NeighborSearch,2,32,0,19.488677487718846,-1
20250721_061214_972,-16,41,41,13.1,19.656466746531976,-83.02484893798828,-83.02484893798828,0.08935260772705078,0.10171198844909668,41,41,YOLO,1,32,0,19.656466746531976,0
20250721_061215_165,-15,41,41,13.1,19.248946409299734,-83.35377502441406,-83.35377502441406,0.09208822250366211,0.15799951553344727,41,41,YOLO,1,32,0,19.248946409299734,0
20250721_061215_416,-15,41,41,13.1,19.04601654295034,-83.56981468200684,-83.56981468200684,0.09121584892272949,0.10173988342285156,41,41,YOLO,1,32,0,19.04601654295034,0
20250721_061215_610,-15,40,40,11.6,20.301906995615667,-82.29089736938477,-82.29089736938477,0.10418391227722168,0.15831708908081055,40,40,YOLO,1,32,0,20.301906995615667,0
20250721_061215_874,-15,40,40,11.6,20.14728476995984,-82.38027153015136,-82.38027153015136,0.0902853012084961,0.10169553756713867,40,40,YOLO,1,32,0,20.14728476995984,0
20250721_061216_068,-15,40,40,11.6,20.235037453995417,-82.322509765625,-82.322509765625,0.0965585708618164,0.1581430435180664,40,40,YOLO,1,32,0,20.235037453995417,0
20250721_061216_324,-14,40,40,11.6,20.219746945706703,-82.39262390136719,-82.39262390136719,0.0921933650970459,0.10175204277038574,40,40,YOLO,1,32,0,20.219746945706703,0
20250721_061216_519,-14,NO_RADIO,40,11.6,19.347936185201675,-83.24492645263672,-83.24492645263672,0.0866844654083252,0.15813875198364258,40,,CenterFallback,1,32,0,,
20250721_061216_766,-14,39,39,10.2,19.346977570897366,-83.21012306213379,-83.21012306213379,0.09233427047729492,0.10175466537475586,39,39,YOLO,1,32,0,19.346977570897366,0
20250721_061216_961,-14,39,39,10.2,19.95526289133116,-82.65846786499023,-82.65846786499023,0.0888829231262207,0.15805816650390625,39,39,YOLO,1,32,0,19.95526289133116,0
20250721_061217_209,-14,39,39,10.2,19.934989878178996,-82.7397071838379,-82.7397071838379,0.09318828582763672,0.1017603874206543,39,39,YOLO,1,32,0,19.934989878178996,0
20250721_061217_406,-13,39,39,10.2,19.773409807884548,-82.65659065246582,-82.65659065246582,0.09761261940002441,0.15808701515197754,39,39,YOLO,1,32,0,19.773409807884548,0
20250721_061217_663,-13,39,39,10.2,19.927982856003993,-82.62357711791992,-82.62357711791992,0.09309911727905273,0.10163140296936035,39,39,YOLO,1,32,0,19.927982856003993,0
20250721_061217_859,-13,39,39,10.2,19.59698461399026,-83.03067626953126,-83.03067626953126,0.10135316848754883,0.15816235542297363,39,39,YOLO,1,32,0,19.59698461399026,0
20250721_061218_120,-13,39,39,10.2,19.801282812584773,-82.72671508789062,-82.72671508789062,0.09587979316711426,0.10169529914855957,39,39,YOLO,1,32,0,19.801282812584773,0
20250721_061218_319,-12,39,39,10.2,18.582447710651138,-83.91797637939453,-83.91797637939453,0.0967869758605957,0.15815329551696777,39,39,YOLO,1,32,0,18.582447710651138,0
20250721_061218_575,-12,38,38,8.7,18.841426072333263,-83.72164916992188,-83.72164916992188,0.09227323532104492,0.10177159309387207,38,38,YOLO,1,32,0,18.841426072333263,0
20250721_061218_771,-12,38,38,8.7,19.99150490472421,-82.53805541992188,-82.53805541992188,0.09233307838439941,0.15807723999023438,38,38,YOLO,1,32,0,19.99150490472421,0
20250721_061219_023,-12,38,38,8.7,20.143014331731862,-82.59839897155761,-82.59839897155761,0.08781886100769043,0.10185861587524414,38,38,YOLO,1,32,0,20.143014331731862,0
20250721_061219_214,-11,38,38,8.7,20.363885332934373,-82.213578414917,-82.213578414917,0.0961909294128418,0.15828156471252441,38,38,YOLO,1,32,0,20.363885332934373,0
20250721_061219_470,-11,38,38,8.7,19.58319496851911,-82.95148735046386,-82.95148735046386,0.08886933326721191,0.10174131393432617,38,38,YOLO,1,32,0,19.58319496851911,0
20250721_061219_662,-11,38,38,8.7,19.309100013333946,-83.24492645263672,-83.24492645263672,0.08964180946350098,0.15802645683288574,38,38,YOLO,1,32,0,19.309100013333946,0
20250721_061219_911,-11,37,37,7.3,19.305433848969002,-83.17233543395996,-83.17233543395996,0.09256410598754883,0.10171675682067871,37,37,YOLO,1,32,0,19.305433848969002,0
20250721_061220_107,-11,37,37,7.3,20.197675142266007,-82.43469200134277,-82.43469200134277,0.09287142753601074,0.1581101417541504,37,37,YOLO,1,32,0,20.197675142266007,0
20250721_061220_359,-10,37,37,7.3,20.067976437424264,-82.3654067993164,-82.3654067993164,0.09543228149414062,0.1017911434173584,37,37,YOLO,1,32,0,20.067976437424264,0
20250721_061220_558,-10,37,37,7.3,19.245609844679223,-83.34585113525391,-83.34585113525391,0.0995781421661377,0.1581590175628662,37,37,YOLO,1,32,0,19.245609844679223,0
20250721_061220_817,-10,37,37,7.3,19.13171590443534,-83.45492782592774,-83.45492782592774,0.09470987319946289,0.10171914100646973,37,37,YOLO,1,32,0,19.13171590443534,0
20250721_061221_015,-10,37,37,7.3,19.44120598147093,-83.16767768859863,-83.16767768859863,0.09989619255065918,0.15811967849731445,37,37,YOLO,1,32,0,19.44120598147093,0
20250721_061221_274,-9,37,37,7.3,19.501038133989056,-83.12972106933594,-83.12972106933594,0.08900737762451172,0.10176563262939453,37,37,YOLO,1,32,0,19.501038133989056,0
20250721_061221_466,-9,37,37,7.3,17.742032353606007,-82.3802719116211,-82.3802719116211,0.07810378074645996,0.41954612731933594,37,36,NeighborSearch,2,32,0,20.135964346365597,-1
20250721_061221_965,-9,36,36,5.8,20.178328226760144,-82.48728942871094,-82.48728942871094,0.09246087074279785,0.10193443298339844,36,36,YOLO,1,32,0,20.178328226760144,0
20250721_061222_161,-9,36,36,5.8,19.893361586866035,-82.58139305114746,-82.58139305114746,0.08769607543945312,0.1580672264099121,36,36,YOLO,1,32,0,19.893361586866035,0
20250721_061222_409,-8,36,36,5.8,19.594800133094978,-82.98214683532714,-82.98214683532714,0.08544778823852539,0.10171723365783691,36,36,YOLO,1,32,0,19.594800133094978,0
20250721_061222_597,-8,35,35,4.4,19.838667986435738,-82.76312255859375,-82.76312255859375,0.08691167831420898,0.1581261157989502,35,35,YOLO,1,32,0,19.838667986435738,0
20250721_061222_844,-8,35,35,4.4,19.67333246645589,-82.99176483154297,-82.99176483154297,0.08793926239013672,0.1022043228149414,35,35,YOLO,1,32,0,19.67333246645589,0
20250721_061223_036,-8,35,35,4.4,19.566114452745808,-83.14031410217285,-83.14031410217285,0.08584427833557129,0.1584033966064453,35,35,YOLO,1,32,0,19.566114452745808,0
20250721_061223_282,-7,35,35,4.4,19.356880081376517,-83.19755744934082,-83.19755744934082,0.09203863143920898,0.10187435150146484,35,35,YOLO,1,32,0,19.356880081376517,0
20250721_061223_477,-7,35,35,4.4,18.915760146753954,-83.75476760864258,-83.75476760864258,0.08615827560424805,0.15841460227966309,35,35,YOLO,1,32,0,18.915760146753954,0
20250721_061223_723,-7,35,35,4.4,18.615914222334567,-83.8206687927246,-83.8206687927246,0.08920550346374512,0.10202622413635254,35,35,YOLO,1,32,0,18.615914222334567,0
20250721_061223_916,-7,35,35,4.4,19.014844381351224,-83.54349098205567,-83.54349098205567,0.09529829025268555,0.1584174633026123,35,35,YOLO,1,32,0,19.014844381351224,0
20250721_061224_171,-7,35,35,4.4,19.143820589401116,-83.49720764160156,-83.49720764160156,0.08952522277832031,0.10197114944458008,35,35,YOLO,1,32,0,19.143820589401116,0
20250721_061224_364,-6,35,35,4.4,17.009118202599893,-83.60050888061524,-83.60050888061524,0.09667396545410156,0.4197392463684082,35,34,NeighborSearch,2,32,0,18.997992972238862,-1
20250721_061224_882,-6,34,34,2.9,18.88963316858704,-83.49083976745605,-83.49083976745605,0.09286618232727051,0.10262846946716309,34,34,YOLO,1,32,0,18.88963316858704,0
20250721_061225_080,-6,34,34,2.9,18.730759362602583,-83.83062477111817,-83.83062477111817,0.08342885971069336,0.15819668769836426,34,34,YOLO,1,32,0,18.730759362602583,0
20250721_061225_323,-5,34,34,2.9,19.02980745573666,-83.62672424316406,-83.62672424316406,0.09366178512573242,0.10206985473632812,34,34,YOLO,1,32,0,19.02980745573666,0
20250721_061225_521,-5,34,34,2.9,17.88488071660737,-82.6655200958252,-82.6655200958252,0.09785294532775879,0.42064929008483887,34,33,NeighborSearch,2,32,0,19.940133427993075,-1
20250721_061226_040,-5,33,33,1.5,19.945046443515253,-82.65856170654297,-82.65856170654297,0.09462332725524902,0.1017618179321289,33,33,YOLO,1,32,0,19.945046443515253,0
20250721_061226_238,-4,33,33,1.5,20.028903378934913,-82.48728942871094,-82.48728942871094,0.0918583869934082,0.1581575870513916,33,33,YOLO,1,32,0,20.028903378934913,0
20250721_061226_489,-4,33,33,1.5,19.427251362609496,-83.1303482055664,-83.1303482055664,0.08912253379821777,0.10173487663269043,33,33,YOLO,1,32,0,19.427251362609496,0
20250721_061226_682,-4,33,33,1.5,19.05504166507373,-83.57294311523438,-83.57294311523438,0.09157919883728027,0.15822219848632812,33,33,YOLO,1,32,0,19.05504166507373,0
20250721_061226_933,-4,33,33,1.5,18.99882734648483,-83.61968231201172,-83.61968231201172,0.09241604804992676,0.1017904281616211,33,33,YOLO,1,32,0,18.99882734648483,0
20250721_061227_129,-4,33,33,1.5,19.336133931773247,-83.28759727478027,-83.28759727478027,0.0965273380279541,0.15804314613342285,33,33,YOLO,1,32,0,19.336133931773247,0
20250721_061227_385,-3,33,33,1.5,19.373135878393413,-83.30085906982421,-83.30085906982421,0.08905029296875,0.10172319412231445,33,33,YOLO,1,32,0,19.373135878393413,0
20250721_061227_577,-3,32,32,0,19.51783116496631,-83.03487510681153,-83.03487510681153,0.09421825408935547,0.15813684463500977,32,32,YOLO,1,32,0,19.51783116496631,0
20250721_061227_831,-3,32,32,0,19.631886097408056,-82.8643569946289,-82.8643569946289,0.09158444404602051,0.10169148445129395,32,32,YOLO,1,32,0,19.631886097408056,0
20250721_061228_025,-3,32,32,0,19.12739106687188,-83.46068115234375,-83.46068115234375,0.08698344230651855,0.15812468528747559,32,32,YOLO,1,32,0,19.12739106687188,0
20250721_061228_272,-2,32,32,0,19.22968226513767,-83.45492782592774,-83.45492782592774,0.08647394180297852,0.10174322128295898,32,32,YOLO,1,32,0,19.22968226513767,0
20250721_061228_461,-2,32,32,0,17.884951880748474,-82.83226356506347,-82.83226356506347,0.09600424766540527,0.4196512699127197,32,31,NeighborSearch,2,32,0,19.731018525061216,-1
20250721_061228_979,-2,31,31,-1.5,19.930510664942233,-82.7397071838379,-82.7397071838379,0.09696221351623535,0.10170674324035645,31,31,YOLO,1,32,0,19.930510664942233,0
20250721_061229_179,-1,31,31,-1.5,19.999718074791858,-82.53558692932128,-82.53558692932128,0.08829212188720703,0.15807843208312988,31,31,YOLO,1,32,0,19.999718074791858,0
20250721_061229_426,-1,31,31,-1.5,19.28846565657294,-83.16431198120118,-83.16431198120118,0.08780527114868164,0.101776123046875,31,31,YOLO,1,32,0,19.28846565657294,0
20250721_061229_617,-1,31,31,-1.5,18.46401186778354,-82.94305458068848,-82.94305458068848,0.08779525756835938,0.2598884105682373,31,31,NeighborSearch,1,32,0,19.43216084984016,0
20250721_061229_967,-1,31,31,-1.5,19.575327060416242,-83.02444038391113,-83.02444038391113,0.09389567375183105,0.1581132411956787,31,31,YOLO,1,32,0,19.575327060416242,0
20250721_061230_220,0,31,31,-1.5,19.622898200205753,-82.96870841979981,-82.96870841979981,0.08794188499450684,0.10163688659667969,31,31,YOLO,1,32,0,19.622898200205753,0
20250721_061230_411,0,31,31,-1.5,17.57985881626479,-82.45122756958008,-82.45122756958008,0.09222602844238281,0.4195413589477539,31,30,NeighborSearch,2,32,0,20.207376502607616,-1
20250721_061230_924,0,30,30,-2.9,20.1831777102652,-82.30317649841308,-82.30317649841308,0.09522008895874023,0.10175061225891113,30,30,YOLO,1,32,0,20.1831777102652,0
20250721_061231_123,0,30,30,-2.9,19.971177854070064,-82.6717300415039,-82.6717300415039,0.09337162971496582,0.15810155868530273,30,30,YOLO,1,32,0,19.971177854070064,0
20250721_061231_375,1,30,30,-2.9,19.916420389692604,-82.60627746582031,-82.60627746582031,0.09134101867675781,0.10172891616821289,30,30,YOLO,1,32,0,19.916420389692604,0
20250721_061231_570,1,29,29,-4.4,19.84888274951524,-82.75735473632812,-82.75735473632812,0.08965158462524414,0.15804505348205566,29,29,YOLO,1,32,0,19.84888274951524,0
20250721_061231_819,1,29,29,-4.4,19.649465660873886,-82.9011386871338,-82.9011386871338,0.09424972534179688,0.10175037384033203,29,29,YOLO,1,32,0,19.649465660873886,0
20250721_061232_016,1,29,29,-4.4,20.17394312803087,-82.35041809082031,-82.35041809082031,0.0891866683959961,0.15803265571594238,29,29,YOLO,1,32,0,20.17394312803087,0
20250721_061232_265,2,29,29,-4.4,20.35128536155831,-82.32233581542968,-82.32233581542968,0.08857131004333496,0.10175204277038574,29,29,YOLO,1,32,0,20.35128536155831,0
20250721_061232_457,2,29,29,-4.4,18.736319816385517,-83.91772537231445,-83.91772537231445,0.09675836563110352,0.15808892250061035,29,29,YOLO,1,32,0,18.736319816385517,0
20250721_061232_713,2,28,28,-5.8,18.933220112848034,-83.79180145263672,-83.79180145263672,0.09277129173278809,0.1018214225769043,28,28,YOLO,1,32,0,18.933220112848034,0
20250721_061232_909,2,28,28,-5.8,20.36669542915638,-82.316605758667,-82.316605758667,0.09430050849914551,0.15815186500549316,28,28,YOLO,1,32,0,20.36669542915638,0
20250721_061233_163,2,28,28,-5.8,20.34473771719732,-82.22079086303711,-82.22079086303711,0.09398627281188965,0.10164046287536621,28,28,YOLO,1,32,0,20.34473771719732,0
20250721_061233_360,3,28,28,-5.8,19.330488632677444,-83.25127296447754,-83.25127296447754,0.09137272834777832,0.15814518928527832,28,28,YOLO,1,32,0,19.330488632677444,0
20250721_061233_611,3,28,28,-5.8,19.379875423844467,-83.18090057373047,-83.18090057373047,0.08852458000183105,0.1017293930053711,28,28,YOLO,1,32,0,19.379875423844467,0
20250721_061233_803,3,28,28,-5.8,19.170705132448575,-83.38741989135742,-83.38741989135742,0.08970403671264648,0.15812468528747559,28,28,YOLO,1,32,0,19.170705132448575,0
20250721_061234_052,3,28,28,-5.8,19.29016818614309,-83.37245025634766,-83.37245025634766,0.09170889854431152,0.10170865058898926,28,28,YOLO,1,32,0,19.29016818614309,0
20250721_061234_247,4,28,28,-5.8,18.46953893517224,-83.06591796875,-83.06591796875,0.09878683090209961,0.4195883274078369,28,27,NeighborSearch,2,32,0,19.484074955825108,-1
20250721_061234_767,4,27,27,-7.3,19.60512978302718,-83.02444038391113,-83.02444038391113,0.09662532806396484,0.10175776481628418,27,27,YOLO,1,32,0,19.60512978302718,0
20250721_061234_966,4,27,27,-7.3,19.487286714854832,-83.16767768859863,-83.16767768859863,0.09237360954284668,0.15816211700439453,27,27,YOLO,1,32,0,19.487286714854832,0
20250721_061235_218,5,27,27,-7.3,19.545929698222153,-82.88577384948731,-82.88577384948731,0.09321880340576172,0.10174155235290527,27,27,YOLO,1,32,0,19.545929698222153,0
20250721_061235_415,5,27,27,-7.3,18.782522539157654,-83.74016876220703,-83.74016876220703,0.10033202171325684,0.15816187858581543,27,27,YOLO,1,32,0,18.782522539157654,0
20250721_061235_675,5,26,26,-8.7,18.76833382661664,-83.61933135986328,-83.61933135986328,0.08756804466247559,0.1016695499420166,26,26,YOLO,1,32,0,18.76833382661664,0
20250721_061235_865,5,26,26,-8.7,19.754845667012177,-82.88498458862304,-82.88498458862304,0.09365582466125488,0.15818500518798828,26,26,YOLO,1,32,0,19.754845667012177,0
20250721_061236_118,5,26,26,-8.7,19.734587304910136,-82.88953552246093,-82.88953552246093,0.08884739875793457,0.10162353515625,26,26,YOLO,1,32,0,19.734587304910136,0
20250721_061236_310,6,26,26,-8.7,18.635853876132217,-83.8803611755371,-83.8803611755371,0.09203982353210449,0.15807628631591797,26,26,YOLO,1,32,0,18.635853876132217,0
20250721_061236_562,6,26,26,-8.7,18.80156702974729,-83.8606185913086,-83.8606185913086,0.08808445930480957,0.10169506072998047,26,26,YOLO,1,32,0,18.80156702974729,0
20250721_061236_753,6,26,26,-8.7,18.684106355264035,-83.93949546813965,-83.93949546813965,0.09112358093261719,0.1580960750579834,26,26,YOLO,1,32,0,18.684106355264035,0
20250721_061237_004,6,25,25,-10.2,18.545926147174242,-83.93924446105957,-83.93924446105957,0.09557104110717773,0.10163712501525879,25,25,YOLO,1,32,0,18.545926147174242,0
20250721_061237_202,7,26,26,-8.7,19.107685856410114,-83.54349098205567,-83.54349098205567,0.10031318664550781,0.1580493450164795,26,26,YOLO,1,32,0,19.107685856410114,0
20250721_061237_462,7,26,26,-8.7,18.031248608510964,-83.14031410217285,-83.14031410217285,0.09081053733825684,0.37064576148986816,26,25,NeighborSearch,2,32,0,19.570262552639463,-1
20250721_061237_925,7,25,25,-10.2,19.10734254507321,-83.5518928527832,-83.5518928527832,0.09206628799438477,0.15803790092468262,25,25,YOLO,1,32,0,19.10734254507321,0
20250721_061238_176,7,25,25,-10.2,19.325713415178484,-83.2250820159912,-83.2250820159912,0.09003973007202148,0.1017303466796875,25,25,YOLO,1,32,0,19.325713415178484,0
20250721_061238_370,8,25,25,-10.2,18.661972166181357,-83.97864532470703,-83.97864532470703,0.09745335578918457,0.1581406593322754,25,25,YOLO,1,32,0,18.661972166181357,0
20250721_061238_627,8,24,24,-11.6,18.508340609125426,-83.48128509521484,-83.48128509521484,0.09572863578796387,0.2672710418701172,24,24,NeighborSearch,1,32,0,19.067567449750953,0
20250721_061238_991,8,24,24,-11.6,19.10489834803124,-83.24438972473145,-83.24438972473145,0.08567547798156738,0.1016836166381836,24,24,YOLO,1,32,0,19.10489834803124,0
20250721_061239_180,9,24,24,-11.6,19.34299921699379,-83.17422828674316,-83.17422828674316,0.08970332145690918,0.15806818008422852,24,24,YOLO,1,32,0,19.34299921699379,0
20250721_061239_429,9,24,24,-11.6,18.379660817624625,-82.5467456817627,-82.5467456817627,0.08897566795349121,0.36933040618896484,24,23,NeighborSearch,2,32,0,20.048622490481094,-1
20250721_061239_889,9,24,24,-11.6,18.161534717347124,-82.62431945800782,-82.62431945800782,0.08969998359680176,0.4195680618286133,24,23,NeighborSearch,2,32,0,19.952609577799038,-1
20250721_061240_399,10,24,24,-11.6,19.896194084836054,-82.67144775390625,-82.67144775390625,0.09248471260070801,0.10183143615722656,24,24,YOLO,1,32,0,19.896194084836054,0
20250721_061240_595,10,23,23,-13.1,18.970585205228858,-83.68544998168946,-83.68544998168946,0.08752226829528809,0.15812397003173828,23,23,YOLO,1,32,0,18.970585205228858,0
20250721_061240_842,10,23,23,-13.1,19.143954260267222,-83.37056121826171,-83.37056121826171,0.09363555908203125,0.10182666778564453,23,23,YOLO,1,32,0,19.143954260267222,0
20250721_061241_039,10,23,23,-13.1,18.978207577076745,-83.59397888183594,-83.59397888183594,0.08776521682739258,0.15810489654541016,23,23,YOLO,1,32,0,18.978207577076745,0
20250721_061241_286,11,23,23,-13.1,18.970370614255117,-83.49641151428223,-83.49641151428223,0.09270191192626953,0.10175251960754395,23,23,YOLO,1,32,0,18.970370614255117,0
20250721_061241_482,11,23,23,-13.1,17.7199555274359,-83.31034851074219,-83.31034851074219,0.09274125099182129,0.41956424713134766,23,22,NeighborSearch,2,32,0,19.31356146705882,-1
20250721_061241_996,11,22,22,-14.5,19.3217811397017,-83.32039413452148,-83.32039413452148,0.09346365928649902,0.10230827331542969,22,22,YOLO,1,32,0,19.3217811397017,0
20250721_061242_194,12,22,22,-14.5,19.40615103200568,-83.11572265625,-83.11572265625,0.09121847152709961,0.15809369087219238,22,22,YOLO,1,32,0,19.40615103200568,0
20250721_061242_445,12,22,22,-14.5,18.591251954538734,-83.88048553466797,-83.88048553466797,0.0929865837097168,0.10176587104797363,22,22,YOLO,1,32,0,18.591251954538734,0
20250721_061242_641,12,21,21,-16.0,19.77794273393691,-82.72585830688476,-82.72585830688476,0.09339189529418945,0.15807271003723145,21,21,YOLO,1,32,0,19.77794273393691,0
20250721_061242_894,12,21,21,-16.0,19.810416742400463,-82.67107162475585,-82.67107162475585,0.09192919731140137,0.10176253318786621,21,21,YOLO,1,32,0,19.810416742400463,0
20250721_061243_089,12,21,21,-16.0,20.004740824338427,-82.48728942871094,-82.48728942871094,0.09521293640136719,0.15799689292907715,21,21,YOLO,1,32,0,20.004740824338427,0
20250721_061243_344,13,22,22,-14.5,19.97975643825319,-82.65856170654297,-82.65856170654297,0.09168076515197754,0.10170888900756836,22,22,YOLO,1,32,0,19.97975643825319,0
20250721_061243_538,13,21,21,-16.0,19.332216795229513,-83.19957962036133,-83.19957962036133,0.09639716148376465,0.15816950798034668,21,21,YOLO,1,32,0,19.332216795229513,0
20250721_061243_794,13,21,21,-16.0,19.4056182874849,-83.24438972473145,-83.24438972473145,0.09129762649536133,0.10173320770263672,21,21,YOLO,1,32,0,19.4056182874849,0
20250721_061243_989,13,21,21,-16.0,19.60710388483362,-83.03415985107422,-83.03415985107422,0.09340643882751465,0.15820980072021484,21,21,YOLO,1,32,0,19.60710388483362,0
20250721_061244_242,14,21,21,-16.0,19.310528698117054,-83.15765380859375,-83.15765380859375,0.09439325332641602,0.1017615795135498,21,21,YOLO,1,32,0,19.310528698117054,0
20250721_061244_439,14,21,21,-16.0,18.030285381493442,-83.39341621398925,-83.39341621398925,0.09666562080383301,0.4194984436035156,21,20,NeighborSearch,2,32,0,19.160260811359834,-1
20250721_061244_957,14,20,20,-17.4,19.009418325426182,-83.53508529663085,-83.53508529663085,0.08770108222961426,0.1017758846282959,20,20,YOLO,1,32,0,19.009418325426182,0
20250721_061245_148,14,20,20,-17.4,19.33211243276662,-83.23097114562988,-83.23097114562988,0.09103584289550781,0.15810680389404297,20,20,YOLO,1,32,0,19.33211243276662,0
20250721_061245_399,15,20,20,-17.4,19.309886337138394,-83.16809997558593,-83.16809997558593,0.09179329872131348,0.10165524482727051,20,20,YOLO,1,32,0,19.309886337138394,0
20250721_061245_593,15,19,19,-18.9,19.712979117073274,-82.92784118652344,-82.92784118652344,0.08774209022521973,0.158158540725708,19,19,YOLO,1,32,0,19.712979117073274,0
20250721_061245_841,15,19,19,-18.9,19.546271584527204,-82.99227142333984,-82.99227142333984,0.09221529960632324,0.10167765617370605,19,19,YOLO,1,32,0,19.546271584527204,0
20250721_061246_036,15,19,19,-18.9,20.20959801795631,-82.34902267456054,-82.34902267456054,0.08978772163391113,0.15815472602844238,19,19,YOLO,1,32,0,20.20959801795631,0
20250721_061246_285,16,19,19,-18.9,20.23029923873213,-82.38027153015136,-82.38027153015136,0.09367966651916504,0.10177946090698242,19,19,YOLO,1,32,0,20.23029923873213,0
20250721_061246_482,16,20,20,-17.4,17.19774308870508,-83.31208801269531,-83.31208801269531,0.09137535095214844,0.4195137023925781,20,19,NeighborSearch,2,32,0,19.231692542967863,-1
20250721_061246_995,16,19,19,-18.9,19.232778717762073,-83.40924072265625,-83.40924072265625,0.08965158462524414,0.10173273086547852,19,19,YOLO,1,32,0,19.232778717762073,0
20250721_061247_188,17,19,19,-18.9,19.089538367773557,-83.54532623291016,-83.54532623291016,0.08611583709716797,0.15805912017822266,19,19,YOLO,1,32,0,19.089538367773557,0
20250721_061247_433,17,19,19,-18.9,18.034074223118765,-83.44714736938477,-83.44714736938477,0.0908048152923584,0.36897826194763184,19,18,NeighborSearch,2,32,0,19.12665242544726,-1
20250721_061247_894,17,18,18,-20.3,19.545792561782832,-82.91766242980957,-82.91766242980957,0.0911552906036377,0.1581282615661621,18,18,YOLO,1,32,0,19.545792561782832,0
20250721_061248_145,17,18,18,-20.3,19.361960601279264,-83.07966003417968,-83.07966003417968,0.09086465835571289,0.10167384147644043,18,18,YOLO,1,32,0,19.361960601279264,0
20250721_061248_339,18,18,18,-20.3,18.44941939503414,-82.7599708557129,-82.7599708557129,0.09905767440795898,0.41956067085266113,18,17,NeighborSearch,2,32,0,19.738500759437258,-1
20250721_061248_859,18,17,17,-21.8,19.68992199409,-82.85422058105469,-82.85422058105469,0.0849766731262207,0.10172796249389648,17,17,YOLO,1,32,0,19.68992199409,0
20250721_061249_047,18,17,17,-21.8,19.412545035713492,-83.16483650207519,-83.16483650207519,0.09152531623840332,0.15812039375305176,17,17,YOLO,1,32,0,19.412545035713492,0
20250721_061249_298,19,17,17,-21.8,19.49919367166909,-83.10645828247071,-83.10645828247071,0.08991551399230957,0.10231304168701172,17,17,YOLO,1,32,0,19.49919367166909,0
20250721_061249_492,19,17,17,-21.8,19.000308031021774,-83.60728607177734,-83.60728607177734,0.09496879577636719,0.15813779830932617,17,17,YOLO,1,32,0,19.000308031021774,0
20250721_061249_746,19,17,17,-21.8,18.91920482666748,-83.71446228027344,-83.71446228027344,0.09401440620422363,0.10171675682067871,17,17,YOLO,1,32,0,18.91920482666748,0
20250721_061249_943,19,16,16,-23.2,20.011351436251417,-82.67163581848145,-82.67163581848145,0.09998774528503418,0.1581125259399414,16,16,YOLO,1,32,0,20.011351436251417,0
20250721_061250_203,19,16,16,-23.2,20.10089562296406,-82.4212532043457,-82.4212532043457,0.09345865249633789,0.10173845291137695,16,16,YOLO,1,32,0,20.10089562296406,0
20250721_061250_400,20,16,16,-23.2,18.831877958735163,-83.7130298614502,-83.7130298614502,0.0940093994140625,0.1582343578338623,16,16,YOLO,1,32,0,18.831877958735163,0
20250721_061250_653,20,16,16,-23.2,18.878493337383475,-83.7206916809082,-83.7206916809082,0.0923006534576416,0.10167384147644043,16,16,YOLO,1,32,0,18.878493337383475,0
20250721_061250_849,20,16,16,-23.2,19.24779426207367,-83.24438972473145,-83.24438972473145,0.09990382194519043,0.1581416130065918,16,16,YOLO,1,32,0,19.24779426207367,0
20250721_061251_108,20,16,16,-23.2,19.197928722937377,-83.41986618041992,-83.41986618041992,0.08838176727294922,0.10164904594421387,16,16,YOLO,1,32,0,19.197928722937377,0
20250721_061251_299,21,16,16,-23.2,18.33571343871185,-83.46282653808593,-83.46282653808593,0.0887446403503418,0.4196043014526367,16,15,NeighborSearch,2,32,0,19.078475663204486,-1
20250721_061251_809,21,15,15,-24.7,19.133496346372908,-83.34541397094726,-83.34541397094726,0.08546781539916992,0.10174250602722168,15,15,YOLO,1,32,0,19.133496346372908,0
20250721_061251_998,21,15,15,-24.7,19.49109615235345,-82.99754905700684,-82.99754905700684,0.09228825569152832,0.15803241729736328,15,15,YOLO,1,32,0,19.49109615235345,0
20250721_061252_250,22,15,15,-24.7,19.565531688978126,-82.88014221191406,-82.88014221191406,0.08446812629699707,0.10176277160644531,15,15,YOLO,1,32,0,19.565531688978126,0
20250721_061252_437,22,15,15,-24.7,18.314397889428164,-82.83852767944336,-82.83852767944336,0.0903768539428711,0.41971349716186523,15,14,NeighborSearch,2,32,0,19.633962916378792,-1
20250721_061252_949,22,14,14,-26.1,19.711452719591563,-82.67107162475585,-82.67107162475585,0.09432387351989746,0.10198211669921875,14,14,YOLO,1,32,0,19.711452719591563,0
20250721_061253_147,22,14,14,-26.1,20.084756387769772,-82.44881629943848,-82.44881629943848,0.0881342887878418,0.15818238258361816,14,14,YOLO,1,32,0,20.084756387769772,0
20250721_061253_394,23,14,14,-26.1,19.892020630182643,-82.67352027893067,-82.67352027893067,0.08965086936950684,0.10175776481628418,14,14,YOLO,1,32,0,19.892020630182643,0
20250721_061253_587,23,14,14,-26.1,19.04614894652947,-83.50805053710937,-83.50805053710937,0.09108209609985352,0.15831875801086426,14,14,YOLO,1,32,0,19.04614894652947,0
20250721_061253_838,23,14,14,-26.1,19.020172998071217,-83.5518928527832,-83.5518928527832,0.08925080299377441,0.10173606872558594,14,14,YOLO,1,32,0,19.020172998071217,0
20250721_061254_030,23,14,14,-26.1,19.191659421182734,-83.32083129882812,-83.32083129882812,0.09114623069763184,0.15810799598693848,14,14,YOLO,1,32,0,19.191659421182734,0
20250721_061254_281,24,14,14,-26.1,19.0615821700262,-83.37234001159668,-83.37234001159668,0.08905243873596191,0.1018681526184082,14,14,YOLO,1,32,0,19.0615821700262,0
20250721_061254_473,24,14,14,-26.1,18.410500985804404,-83.68581352233886,-83.68581352233886,0.09445023536682129,0.4209322929382324,14,13,NeighborSearch,2,32,0,18.86720008734835,-1
20250721_061254_990,24,13,13,-27.6,18.905903692708776,-83.73330497741699,-83.73330497741699,0.09412860870361328,0.10196566581726074,13,13,YOLO,1,32,0,18.905903692708776,0
20250721_061255_188,25,13,13,-27.6,18.867929780156686,-83.63788604736328,-83.63788604736328,0.0901041030883789,0.15844154357910156,13,13,YOLO,1,32,0,18.867929780156686,0
20250721_061255_439,25,13,13,-27.6,18.238495244782683,-82.76312255859375,-82.76312255859375,0.0938878059387207,0.3711891174316406,13,12,NeighborSearch,2,32,0,19.707833135984032,-1
20250721_061255_905,25,NO_RADIO,13,-27.6,17.894608511810688,-84.63665618896485,-84.63665618896485,0.09193181991577148,0.15860509872436523,13,,CenterFallback,1,32,0,,
20250721_061256_157,25,NO_RADIO,13,-27.6,17.682550910579195,-84.73416633605957,-84.73416633605957,0.08585095405578613,0.10180854797363281,13,,CenterFallback,1,32,0,,
20250721_061256_346,26,NO_RADIO,13,-27.6,16.692586897852095,-85.71038818359375,-85.71038818359375,0.09682321548461914,0.15823054313659668,13,,CenterFallback,1,32,0,,
20250721_061256_603,26,NO_RADIO,13,-27.6,16.67691740127843,-85.78594818115235,-85.78594818115235,0.08702325820922852,0.10182785987854004,13,,CenterFallback,1,32,0,,
20250721_061256_793,26,NO_RADIO,13,-27.6,16.557408081587255,-85.78691101074219,-85.78691101074219,0.08710193634033203,0.15824365615844727,13,,CenterFallback,1,32,0,,
20250721_061257_040,26,NO_RADIO,13,-27.6,16.709636280423126,-85.65236206054688,-85.65236206054688,0.0875236988067627,0.10212445259094238,13,,CenterFallback,1,32,0,,
20250721_061257_231,27,NO_RADIO,13,-27.6,15.83021247392341,-86.46601371765136,-86.46601371765136,0.08874678611755371,0.1587214469909668,13,,CenterFallback,1,32,0,,
20250721_061257_481,27,NO_RADIO,13,-27.6,15.70927986179251,-86.73194885253906,-86.73194885253906,0.09099602699279785,0.10202956199645996,13,,CenterFallback,1,32,0,,
20250721_061257_675,27,NO_RADIO,13,-27.6,15.1624464860475,-87.25669860839844,-87.25669860839844,0.0951380729675293,0.15813779830932617,13,,CenterFallback,1,32,0,,
20250721_061257_930,27,NO_RADIO,13,-27.6,15.162254345197141,-87.26211547851562,-87.26211547851562,0.09071850776672363,0.10169577598571777,13,,CenterFallback,1,32,0,,
20250721_061258_123,27,NO_RADIO,13,-27.6,15.58740155063903,-86.89328002929688,-86.89328002929688,0.08822870254516602,0.15816688537597656,13,,CenterFallback,1,32,0,,
20250721_061258_371,28,NO_RADIO,13,-27.6,15.891299872529103,-86.5845287322998,-86.5845287322998,0.08485627174377441,0.10176277160644531,13,,CenterFallback,1,32,0,,
20250721_061258_559,28,NO_RADIO,13,-27.6,13.614637204784316,-88.68668365478516,-88.68668365478516,0.09042096138000488,0.15815186500549316,13,,CenterFallback,1,32,0,,
20250721_061258_809,28,NO_RADIO,13,-27.6,13.862210740654334,-88.31021614074707,-88.31021614074707,0.09102153778076172,0.10180807113647461,13,,CenterFallback,1,32,0,,
20250721_061259_004,28,NO_RADIO,13,-27.6,14.003169284314922,-88.31193542480469,-88.31193542480469,0.09319710731506348,0.15801095962524414,13,,CenterFallback,1,32,0,,
20250721_061259_256,29,NO_RADIO,13,-27.6,14.001991021124581,-88.33269500732422,-88.33269500732422,0.09456276893615723,0.10169243812561035,13,,CenterFallback,1,32,0,,
20250721_061259_454,29,NO_RADIO,13,-27.6,12.327205965513897,-90.0145492553711,-90.0145492553711,0.09906125068664551,0.15810799598693848,13,,CenterFallback,1,32,0,,
20250721_061259_712,29,NO_RADIO,13,-27.6,12.300197524842588,-90.0145492553711,-90.0145492553711,0.08897876739501953,0.10161519050598145,13,,CenterFallback,1,32,0,,
20250721_061259_904,29,NO_RADIO,13,-27.6,12.401139688290698,-89.74706268310547,-89.74706268310547,0.08996868133544922,0.1581437587738037,13,,CenterFallback,1,32,0,,
20250721_061300_154,29,NO_RADIO,13,-27.6,12.40121160024239,-89.81483459472656,-89.81483459472656,0.09493207931518555,0.1017293930053711,13,,CenterFallback,1,32,0,,
20250721_061300_352,30,NO_RADIO,13,-27.6,10.609755387190532,-91.67446899414062,-91.67446899414062,0.09029912948608398,0.15818262100219727,13,,CenterFallback,1,32,0,,
20250721_061300_602,30,NO_RADIO,13,-27.6,10.554321059300463,-91.5562744140625,-91.5562744140625,0.0914459228515625,0.10175800323486328,13,,CenterFallback,1,32,0,,
20250721_061300_796,30,NO_RADIO,13,-27.6,10.56132221396119,-91.4554443359375,-91.4554443359375,0.09180378913879395,0.1581554412841797,13,,CenterFallback,1,32,0,,
20250721_061301_048,30,NO_RADIO,13,-27.6,10.536529982912654,-91.80602798461915,-91.80602798461915,0.08742284774780273,0.10177803039550781,13,,CenterFallback,1,32,0,,
20250721_061301_238,31,NO_RADIO,13,-27.6,9.52548277886116,-92.40678405761719,-92.40678405761719,0.09346532821655273,0.15817546844482422,13,,CenterFallback,1,32,0,,
20250721_061301_491,31,NO_RADIO,13,-27.6,9.32022844184948,-92.75449867248535,-92.75449867248535,0.08688664436340332,0.10172724723815918,13,,CenterFallback,1,32,0,,
20250721_061301_681,31,NO_RADIO,13,-27.6,9.32066881404532,-92.8506275177002,-92.8506275177002,0.09406876564025879,0.15816998481750488,13,,CenterFallback,1,32,0,,
20250721_061301_935,31,NO_RADIO,13,-27.6,9.396220495382835,-92.75736236572266,-92.75736236572266,0.08530235290527344,0.10175085067749023,13,,CenterFallback,1,32,0,,
20250721_061302_123,31,NO_RADIO,13,-27.6,9.688013427417985,-92.40678405761719,-92.40678405761719,0.08897662162780762,0.15806365013122559,13,,CenterFallback,1,32,0,,
20250721_061302_372,32,NO_RADIO,13,-27.6,9.397681753985253,-92.62488555908203,-92.62488555908203,0.08398294448852539,0.10181808471679688,13,,CenterFallback,1,32,0,,
20250721_061302_559,32,NO_RADIO,13,-27.6,7.987735626191039,-94.01957702636719,-94.01957702636719,0.08369994163513184,0.15816283226013184,13,,CenterFallback,1,32,0,,
20250721_061302_802,32,NO_RADIO,13,-27.6,8.661271406519575,-93.72166442871094,-93.72166442871094,0.08892345428466797,0.10183954238891602,13,,CenterFallback,1,32,0,,
20250721_061302_994,32,NO_RADIO,13,-27.6,8.667484323450907,-93.41819839477539,-93.41819839477539,0.08947277069091797,0.15808391571044922,13,,CenterFallback,1,32,0,,
20250721_061303_243,33,NO_RADIO,13,-27.6,8.63172064227075,-93.62672424316406,-93.62672424316406,0.09143543243408203,0.1017160415649414,13,,CenterFallback,1,32,0,,
20250721_061303_438,33,NO_RADIO,13,-27.6,7.986845635300824,-94.20062828063965,-94.20062828063965,0.0997934341430664,0.15807294845581055,13,,CenterFallback,1,32,0,,
20250721_061303_697,33,NO_RADIO,13,-27.6,7.880776293774659,-94.33944702148438,-94.33944702148438,0.0896310806274414,0.1017308235168457,13,,CenterFallback,1,32,0,,
20250721_061303_890,33,NO_RADIO,13,-27.6,7.8446098376468285,-94.33944702148438,-94.33944702148438,0.09942865371704102,0.15816593170166016,13,,CenterFallback,1,32,0,,
20250721_061304_149,33,NO_RADIO,13,-27.6,8.156914844429764,-93.99395751953125,-93.99395751953125,0.08181595802307129,0.10170412063598633,13,,CenterFallback,1,32,0,,
20250721_061304_334,34,NO_RADIO,13,-27.6,7.548986356125312,-94.68475341796875,-94.68475341796875,0.08935093879699707,0.1581590175628662,13,,CenterFallback,1,32,0,,
20250721_061304_583,34,NO_RADIO,13,-27.6,7.189830424895874,-94.68475341796875,-94.68475341796875,0.10969686508178711,0.1016998291015625,13,,CenterFallback,1,32,0,,
20250721_061304_796,34,NO_RADIO,13,-27.6,7.560875321943357,-94.68475341796875,-94.68475341796875,0.09975552558898926,0.15827226638793945,13,,CenterFallback,1,32,0,,
20250721_061305_055,34,NO_RADIO,13,-27.6,7.8814772238756206,-94.56656646728516,-94.56656646728516,0.08957481384277344,0.10172271728515625,13,,CenterFallback,1,32,0,,
20250721_061305_248,35,NO_RADIO,13,-27.6,7.391859439665012,-94.71480560302734,-94.71480560302734,0.08969259262084961,0.15816807746887207,13,,CenterFallback,1,32,0,,
20250721_061305_497,35,NO_RADIO,13,-27.6,7.188719206362109,-95.15899658203125,-95.15899658203125,0.08784604072570801,0.10168004035949707,13,,CenterFallback,1,32,0,,
20250721_061305_688,35,NO_RADIO,13,-27.6,7.283469211500773,-94.71480560302734,-94.71480560302734,0.09409093856811523,0.1580667495727539,13,,CenterFallback,1,32,0,,
20250721_061305_941,35,NO_RADIO,13,-27.6,7.189249665164027,-94.96305084228516,-94.96305084228516,0.08064103126525879,0.1017460823059082,13,,CenterFallback,1,32,0,,
20250721_061306_125,35,NO_RADIO,13,-27.6,7.272057718601374,-94.68475341796875,-94.68475341796875,0.08852291107177734,0.15808534622192383,13,,CenterFallback,1,32,0,,
20250721_061306_373,36,NO_RADIO,13,-27.6,7.663318418468876,-94.56081428527833,-94.56081428527833,0.0883493423461914,0.10187506675720215,13,,CenterFallback,1,32,0,,
20250721_061306_565,36,NO_RADIO,13,-27.6,7.272180963908653,-94.68326110839844,-94.68326110839844,0.08517336845397949,0.158156156539917,13,,CenterFallback,1,32,0,,
20250721_061306_810,36,NO_RADIO,13,-27.6,7.06212879864708,-95.15899658203125,-95.15899658203125,0.0907740592956543,0.10172629356384277,13,,CenterFallback,1,32,0,,
20250721_061307_004,36,NO_RADIO,13,-27.6,7.189641134326024,-94.93123626708984,-94.93123626708984,0.0885477066040039,0.15811872482299805,13,,CenterFallback,1,32,0,,
20250721_061307_252,37,NO_RADIO,13,-27.6,7.06294787055613,-94.96305084228516,-94.96305084228516,0.09325289726257324,0.10176944732666016,13,,CenterFallback,1,32,0,,
20250721_061307_448,37,NO_RADIO,13,-27.6,7.063842592614023,-95.15899658203125,-95.15899658203125,0.09722089767456055,0.1581277847290039,13,,CenterFallback,1,32,0,,
20250721_061307_705,37,NO_RADIO,13,-27.6,7.064533237273764,-94.93123626708984,-94.93123626708984,0.08881449699401855,0.10180020332336426,13,,CenterFallback,1,32,0,,
20250721_061307_897,37,NO_RADIO,13,-27.6,7.550591361162148,-94.68475341796875,-94.68475341796875,0.09456753730773926,0.15818357467651367,13,,CenterFallback,1,32,0,,
20250721_061308_151,37,NO_RADIO,13,-27.6,7.272993860095198,-94.6549072265625,-94.6549072265625,0.08616137504577637,0.1017911434173584,13,,CenterFallback,1,32,0,,
20250721_061308_340,38,NO_RADIO,13,-27.6,7.272446906013329,-94.93123626708984,-94.93123626708984,0.08299517631530762,0.15817999839782715,13,,CenterFallback,1,32,0,,
20250721_061308_583,38,NO_RADIO,13,-27.6,7.272158322029824,-94.68475341796875,-94.68475341796875,0.0892648696899414,0.10164260864257812,13,,CenterFallback,1,32,0,,
20250721_061308_775,38,NO_RADIO,13,-27.6,7.0624297387879835,-94.96305084228516,-94.96305084228516,0.08888626098632812,0.15819096565246582,13,,CenterFallback,1,32,0,,
20250721_061309_024,38,NO_RADIO,13,-27.6,7.393718629903077,-94.93123626708984,-94.93123626708984,0.09030556678771973,0.1017446517944336,13,,CenterFallback,1,32,0,,
20250721_061309_217,39,NO_RADIO,13,-27.6,7.020115074526743,-94.96305084228516,-94.96305084228516,0.08005452156066895,0.1581883430480957,13,,CenterFallback,1,32,0,,
20250721_061309_457,39,NO_RADIO,13,-27.6,7.020104268462006,-95.22297401428223,-95.22297401428223,0.09076428413391113,0.10188603401184082,13,,CenterFallback,1,32,0,,
20250721_061309_651,39,NO_RADIO,13,-27.6,7.0632803384014125,-94.96146011352539,-94.96146011352539,0.09861302375793457,0.15815067291259766,13,,CenterFallback,1,32,0,,
20250721_061309_909,39,NO_RADIO,13,-27.6,7.190300183127206,-94.93123626708984,-94.93123626708984,0.09176802635192871,0.10173463821411133,13,,CenterFallback,1,32,0,,
20250721_061310_104,39,NO_RADIO,13,-27.6,6.933013178890633,-94.93123626708984,-94.93123626708984,0.0966036319732666,0.15811491012573242,13,,CenterFallback,1,32,0,,
20250721_061310_360,40,NO_RADIO,13,-27.6,6.889439705227943,-95.43484497070312,-95.43484497070312,0.08540964126586914,0.10170340538024902,13,,CenterFallback,1,32,0,,
20250721_061310_548,40,NO_RADIO,13,-27.6,7.022004508554929,-95.15899658203125,-95.15899658203125,0.08890557289123535,0.15819907188415527,13,,CenterFallback,1,32,0,,
20250721_061310_797,40,NO_RADIO,13,-27.6,6.565686349347601,-95.32933807373047,-95.32933807373047,0.08809614181518555,0.10172557830810547,13,,CenterFallback,1,32,0,,
20250721_061310_988,40,NO_RADIO,13,-27.6,7.067207611725308,-94.96305084228516,-94.96305084228516,0.09511303901672363,0.15813326835632324,13,,CenterFallback,1,32,0,,
20250721_061311_243,41,NO_RADIO,13,-27.6,7.024598453395441,-95.32418823242188,-95.32418823242188,0.08900904655456543,0.10172224044799805,13,,CenterFallback,1,32,0,,
20250721_061311_435,41,NO_RADIO,13,-27.6,6.518958500245503,-95.6165771484375,-95.6165771484375,0.09444284439086914,0.15824246406555176,13,,CenterFallback,1,32,0,,
20250721_061311_689,41,NO_RADIO,13,-27.6,7.026134121225681,-95.15899658203125,-95.15899658203125,0.08857345581054688,0.10168576240539551,13,,CenterFallback,1,32,0,,
20250721_061311_880,41,NO_RADIO,13,-27.6,6.569765602450602,-95.32933807373047,-95.32933807373047,0.0894773006439209,0.1582169532775879,13,,CenterFallback,1,32,0,,
20250721_061312_129,41,NO_RADIO,13,-27.6,6.939778294404519,-95.32418823242188,-95.32418823242188,0.09531188011169434,0.10169529914855957,13,,CenterFallback,1,32,0,,
20250721_061312_328,42,NO_RADIO,13,-27.6,6.570998620759283,-95.6165771484375,-95.6165771484375,0.09306168556213379,0.15821313858032227,13,,CenterFallback,1,32,0,,
20250721_061312_580,42,NO_RADIO,13,-27.6,7.029089755496386,-95.43484497070312,-95.43484497070312,0.08601021766662598,0.10172510147094727,13,,CenterFallback,1,32,0,,
20250721_061312_770,42,NO_RADIO,13,-27.6,6.897572859645479,-95.15899658203125,-95.15899658203125,0.09534621238708496,0.1581566333770752,13,,CenterFallback,1,32,0,,
20250721_061313_024,42,NO_RADIO,13,-27.6,7.030230084467831,-95.15899658203125,-95.15899658203125,0.09183979034423828,0.10169410705566406,13,,CenterFallback,1,32,0,,
20250721_061313_219,43,NO_RADIO,13,-27.6,6.8987790225999674,-95.32933807373047,-95.32933807373047,0.09947586059570312,0.158294677734375,13,,CenterFallback,1,32,0,,
20250721_061313_479,43,NO_RADIO,13,-27.6,6.943605354944623,-95.43484497070312,-95.43484497070312,0.08823585510253906,0.10173869132995605,13,,CenterFallback,1,32,0,,
20250721_061313_670,43,NO_RADIO,13,-27.6,7.074972871808427,-95.2263412475586,-95.2263412475586,0.08625292778015137,0.1580953598022461,13,,CenterFallback,1,32,0,,
20250721_061313_916,43,NO_RADIO,13,-27.6,7.031835830214462,-95.32933807373047,-95.32933807373047,0.08729672431945801,0.10178899765014648,13,,CenterFallback,1,32,0,,
20250721_061314_106,43,NO_RADIO,13,-27.6,6.574988090420717,-95.43484497070312,-95.43484497070312,0.09759378433227539,0.15803313255310059,13,,CenterFallback,1,32,0,,
20250721_061314_363,44,NO_RADIO,13,-27.6,6.901829156546228,-95.32933807373047,-95.32933807373047,0.09106135368347168,0.10179710388183594,13,,CenterFallback,1,32,0,,
20250721_061314_557,44,NO_RADIO,13,-27.6,6.529450158391285,-95.6165771484375,-95.6165771484375,0.0895533561706543,0.15819811820983887,13,,CenterFallback,1,32,0,,
20250721_061314_806,44,NO_RADIO,13,-27.6,6.331152909384059,-96.04537200927734,-96.04537200927734,0.09081077575683594,0.10182523727416992,13,,CenterFallback,1,32,0,,
20250721_061315_000,44,NO_RADIO,13,-27.6,6.904810247123635,-95.32933807373047,-95.32933807373047,0.09494495391845703,0.1580815315246582,13,,CenterFallback,1,32,0,,
20250721_061315_255,45,NO_RADIO,13,-27.6,6.9103641837848215,-95.22297401428223,-95.22297401428223,0.09458017349243164,0.1017918586730957,13,,CenterFallback,1,32,0,,
20250721_061315_453,45,NO_RADIO,13,-27.6,6.333513059695619,-95.65199050903321,-95.65199050903321,0.08473491668701172,0.15814614295959473,13,,CenterFallback,1,32,0,,
20250721_061315_697,45,NO_RADIO,13,-27.6,6.95237462698141,-95.43484497070312,-95.43484497070312,0.08842349052429199,0.10176777839660645,13,,CenterFallback,1,32,0,,
20250721_061315_888,45,NO_RADIO,13,-27.6,6.583617489978167,-95.32933807373047,-95.32933807373047,0.09450054168701172,0.15827441215515137,13,,CenterFallback,1,32,0,,
20250721_061316_143,45,NO_RADIO,13,-27.6,6.909710293013632,-95.43484497070312,-95.43484497070312,0.09158730506896973,0.10172104835510254,13,,CenterFallback,1,32,0,,
20250721_061316_337,46,NO_RADIO,13,-27.6,6.910361157232785,-95.32933807373047,-95.32933807373047,0.09877562522888184,0.15810441970825195,13,,CenterFallback,1,32,0,,
