Timestamp,Boresight,Jetson Detection,Rx Beam Index,Rx Beam Angle,Initial SNR (dB),Initial Max Power (dBm),Max Power (dBm),YOLO Time (s),Beam Sweep Time (s),Rx Beam Index (YOLO Predicted),Rx Beam Index (Selected),Adjustment Method,Beams Checked in Search,Adjusted Beam Index,Adjusted Beam Angle,SNR (dB),Offset Error,Beam Offset History
20250721_025550_132,-32,NO_RADIO,51,27.6,20.09166044007952,-83.4087947845459,-83.4087947845459,0.0851774215698242,0.1017067432403564,51,,CenterFallback,1,32,0.0,,,[0]
20250721_025550_320,-32,NO_RADIO,51,27.6,19.862739492057173,-83.57537841796875,-83.57537841796875,0.0924501419067382,0.1582682132720947,51,,CenterFallback,1,32,0.0,,,[0]
20250721_025550_572,-32,NO_RADIO,51,27.6,20.050205515338547,-83.38852500915527,-83.38852500915527,0.0881011486053466,0.1017599105834961,51,,CenterFallback,1,32,0.0,,,[0]
20250721_025550_763,-32,NO_RADIO,51,27.6,20.315709416909343,-83.04092178344726,-83.04092178344726,0.0906262397766113,0.1581206321716308,51,,CenterFallback,1,32,0.0,,,[0]
20250721_025551_014,-32,NO_RADIO,51,27.6,20.43462732505708,-82.99947662353516,-82.99947662353516,0.0971820354461669,0.1017050743103027,51,,CenterFallback,1,32,0.0,,,[0]
20250721_025551_214,-32,NO_RADIO,51,27.6,20.131986151526604,-83.23419189453125,-83.23419189453125,0.0955348014831543,0.1580934524536132,51,,CenterFallback,1,32,0.0,,,[0]
20250721_025551_469,-32,NO_RADIO,51,27.6,20.221316090338178,-83.21012306213379,-83.21012306213379,0.0944833755493164,0.1017746925354003,51,,CenterFallback,1,32,0.0,,,[0]
20250721_025551_667,-32,NO_RADIO,51,27.6,20.193833835197992,-83.25127296447754,-83.25127296447754,0.0962851047515869,0.1582019329071045,51,,CenterFallback,1,32,0.0,,,[0]
20250721_025551_923,-32,NO_RADIO,51,27.6,20.175781651485423,-83.19097518920898,-83.19097518920898,0.0932321548461914,0.1016995906829834,51,,CenterFallback,1,32,0.0,,,[0]
20250721_025552_119,-31,NO_RADIO,51,27.6,20.209701866930345,-83.11540946960449,-83.11540946960449,0.0931179523468017,0.1581611633300781,51,,CenterFallback,1,32,0.0,,,[0]
20250721_025552_372,-31,51,51,27.6,20.196149909299805,-83.10009765625,-83.10009765625,0.0930335521697998,0.1018004417419433,51,51.0,YOLO,1,32,0.0,20.196149909299805,0.0,"[0, 0]"
20250721_025552_568,-31,51,51,27.6,20.230423998398063,-83.32039413452148,-83.32039413452148,0.0941779613494873,0.1582133769989013,51,51.0,YOLO,1,32,0.0,20.230423998398063,0.0,"[0, 0, 0]"
20250721_025552_822,-31,51,51,27.6,19.857204158361853,-83.45921859741212,-83.45921859741212,0.0994045734405517,0.1017887592315673,51,51.0,YOLO,1,32,0.0,19.857204158361853,0.0,"[0, 0, 0, 0]"
20250721_025553_025,-31,NO_RADIO,51,27.6,20.242150442824357,-83.18460540771484,-83.18460540771484,0.0925631523132324,0.1581425666809082,51,,CenterFallback,1,32,0.0,,,"[0, 0, 0, 0]"
20250721_025553_277,-31,NO_RADIO,51,27.6,20.16454931834305,-83.31208801269531,-83.31208801269531,0.0914366245269775,0.101811408996582,51,,CenterFallback,1,32,0.0,,,"[0, 0, 0, 0]"
20250721_025553_471,-31,NO_RADIO,51,27.6,20.046525722176128,-83.46000518798829,-83.46000518798829,0.0955884456634521,0.1589133739471435,51,,CenterFallback,1,32,0.0,,,"[0, 0, 0, 0]"
20250721_025553_727,-31,NO_RADIO,51,27.6,19.938979683484632,-83.41986618041992,-83.41986618041992,0.0900101661682128,0.1017169952392578,51,,CenterFallback,1,32,0.0,,,"[0, 0, 0, 0]"
20250721_025553_920,-31,NO_RADIO,51,27.6,19.942881366679472,-83.48037910461426,-83.48037910461426,0.0939340591430664,0.1581523418426513,51,,CenterFallback,1,32,0.0,,,"[0, 0, 0, 0]"
20250721_025554_174,-30,NO_RADIO,51,27.6,19.997474809102957,-83.39341621398925,-83.39341621398925,0.0823743343353271,0.101635456085205,51,,CenterFallback,1,32,0.0,,,"[0, 0, 0, 0]"
20250721_025554_359,-30,51,51,27.6,19.486643281857496,-83.88297271728516,-83.88297271728516,0.0978789329528808,0.1582865715026855,51,51.0,YOLO,1,32,0.0,19.486643281857496,0.0,"[0, 0, 0, 0, 0]"
20250721_025554_617,-30,50,50,26.1,19.497106840645444,-83.88995132446288,-83.88995132446288,0.0831892490386962,0.1018290519714355,50,50.0,YOLO,1,32,0.0,19.497106840645444,0.0,"[0, 0, 0, 0, 0, 0]"
20250721_025554_804,-30,51,51,27.6,19.125840695800026,-84.37820205688476,-84.37820205688476,0.0936565399169921,0.1581170558929443,51,51.0,YOLO,1,32,0.0,19.125840695800026,0.0,"[0, 0, 0, 0, 0, 0, 0]"
20250721_025555_057,-30,51,51,27.6,18.96217437527166,-84.34497833251953,-84.34497833251953,0.0916812419891357,0.1017453670501709,51,51.0,YOLO,1,32,0.0,18.96217437527166,0.0,"[0, 0, 0, 0, 0, 0, 0, 0]"
20250721_025555_252,-30,50,50,26.1,19.89242394075993,-83.34937286376953,-83.34937286376953,0.0944597721099853,0.1581735610961914,50,50.0,YOLO,1,32,0.0,19.89242394075993,0.0,"[0, 0, 0, 0, 0, 0, 0, 0, 0]"
20250721_025555_506,-30,51,51,27.6,19.962893881285797,-83.40924072265625,-83.40924072265625,0.0909671783447265,0.1017408370971679,51,51.0,YOLO,1,32,0.0,19.962893881285797,0.0,"[0, 0, 0, 0, 0, 0, 0, 0, 0, 0]"
20250721_025555_700,-30,50,50,26.1,20.12903833666583,-83.18090057373047,-83.18090057373047,0.1036286354064941,0.158083438873291,50,50.0,YOLO,1,32,0.0,20.12903833666583,0.0,"[0, 0, 0, 0, 0, 0, 0, 0, 0, 0]"
20250721_025555_963,-30,50,50,26.1,20.155755376586825,-83.10904273986816,-83.10904273986816,0.091336965560913,0.1017642021179199,50,50.0,YOLO,1,32,0.0,20.155755376586825,0.0,"[0, 0, 0, 0, 0, 0, 0, 0, 0, 0]"
20250721_025556_158,-29,51,51,27.6,18.62144852189429,-84.08429718017578,-84.08429718017578,0.1007091999053955,0.52134108543396,51,50.0,NeighborSearch,2,51,27.6,19.21576998081622,-1.0,"[0, 0, 0, 0, 0, 0, 0, 0, 0, -1]"
20250721_025556_781,-29,50,50,26.1,19.843751037171277,-83.44287109375,-83.44287109375,0.0961182117462158,0.1581246852874755,50,50.0,YOLO,1,51,27.6,19.843751037171277,0.0,"[0, 0, 0, 0, 0, 0, 0, 0, -1, 0]"
20250721_025557_037,-29,NO_RADIO,50,26.1,19.790657872006165,-83.5916519165039,-83.5916519165039,0.0814464092254638,0.1017982959747314,50,,CenterFallback,1,32,0.0,,,"[0, 0, 0, 0, 0, 0, 0, 0, -1, 0]"
20250721_025557_222,-29,NO_RADIO,50,26.1,19.78135132426364,-83.4087947845459,-83.4087947845459,0.0924513339996337,0.1581418514251709,50,,CenterFallback,1,32,0.0,,,"[0, 0, 0, 0, 0, 0, 0, 0, -1, 0]"
20250721_025557_474,-29,50,50,26.1,19.824418342894447,-83.46316528320312,-83.46316528320312,0.0917155742645263,0.1017732620239257,50,50.0,YOLO,1,32,0.0,19.824418342894447,0.0,"[0, 0, 0, 0, 0, 0, 0, -1, 0, 0]"
20250721_025557_669,-29,50,50,26.1,19.9343034054571,-83.45639038085938,-83.45639038085938,0.0944981575012207,0.1581053733825683,50,50.0,YOLO,1,32,0.0,19.9343034054571,0.0,"[0, 0, 0, 0, 0, 0, -1, 0, 0, 0]"
20250721_025557_923,-29,50,50,26.1,20.037544400852184,-83.34716796875,-83.34716796875,0.0925879478454589,0.1017460823059082,50,50.0,YOLO,1,32,0.0,20.037544400852184,0.0,"[0, 0, 0, 0, 0, -1, 0, 0, 0, 0]"
20250721_025558_119,-28,50,50,26.1,18.87007362745146,-84.39736633300781,-84.39736633300781,0.0917375087738037,0.1581876277923584,50,50.0,YOLO,1,32,0.0,18.87007362745146,0.0,"[0, 0, 0, 0, -1, 0, 0, 0, 0, 0]"
20250721_025558_370,-28,49,49,24.7,18.906080061626056,-84.37554931640625,-84.37554931640625,0.0920252799987793,0.1018309593200683,49,49.0,YOLO,1,32,0.0,18.906080061626056,0.0,"[0, 0, 0, -1, 0, 0, 0, 0, 0, 0]"
20250721_025558_565,-28,49,49,24.7,19.92374703542056,-83.39363861083984,-83.39363861083984,0.0872440338134765,0.1581466197967529,49,49.0,YOLO,1,32,0.0,19.92374703542056,0.0,"[0, 0, -1, 0, 0, 0, 0, 0, 0, 0]"
20250721_025558_812,-28,49,49,24.7,19.76499767179197,-83.62637214660644,-83.62637214660644,0.0920674800872802,0.1017746925354003,49,49.0,YOLO,1,32,0.0,19.76499767179197,0.0,"[0, -1, 0, 0, 0, 0, 0, 0, 0, 0]"
20250721_025559_007,-28,49,49,24.7,19.59203225408413,-83.62824630737305,-83.62824630737305,0.1016778945922851,0.1581008434295654,49,49.0,YOLO,1,32,0.0,19.59203225408413,0.0,"[-1, 0, 0, 0, 0, 0, 0, 0, 0, 0]"
20250721_025559_269,-28,49,49,24.7,19.54302752512642,-83.62672424316406,-83.62672424316406,0.0907371044158935,0.1017947196960449,49,49.0,YOLO,1,32,0.0,19.54302752512642,0.0,"[0, 0, 0, 0, 0, 0, 0, 0, 0, 0]"
20250721_025559_463,-28,50,50,26.1,19.281149287737662,-83.8794921875,-83.8794921875,0.0973975658416748,0.1589264869689941,50,50.0,YOLO,1,32,0.0,19.281149287737662,0.0,"[0, 0, 0, 0, 0, 0, 0, 0, 0, 0]"
20250721_025559_720,-28,50,50,26.1,19.113683930764992,-84.03179702758788,-84.03179702758788,0.0936396121978759,0.101741075515747,50,50.0,YOLO,1,32,0.0,19.113683930764992,0.0,"[0, 0, 0, 0, 0, 0, 0, 0, 0, 0]"
20250721_025559_917,-28,50,50,26.1,19.087527000160943,-84.22142715454102,-84.22142715454102,0.0939803123474121,0.1582148075103759,50,50.0,YOLO,1,32,0.0,19.087527000160943,0.0,"[0, 0, 0, 0, 0, 0, 0, 0, 0, 0]"
20250721_025600_171,-27,50,50,26.1,18.9418022194546,-84.29540252685547,-84.29540252685547,0.0867815017700195,0.1017682552337646,50,50.0,YOLO,1,32,0.0,18.9418022194546,0.0,"[0, 0, 0, 0, 0, 0, 0, 0, 0, 0]"
20250721_025600_361,-27,49,49,24.7,19.011459756039784,-84.32150230407714,-84.32150230407714,0.0950634479522705,0.1582658290863037,49,49.0,YOLO,1,32,0.0,19.011459756039784,0.0,"[0, 0, 0, 0, 0, 0, 0, 0, 0, 0]"
20250721_025600_616,-27,49,49,24.7,18.990253337982267,-84.33737487792969,-84.33737487792969,0.0903198719024658,0.1017589569091796,49,49.0,YOLO,1,32,0.0,18.990253337982267,0.0,"[0, 0, 0, 0, 0, 0, 0, 0, 0, 0]"
20250721_025600_809,-27,49,49,24.7,19.211443089709093,-84.08690643310547,-84.08690643310547,0.0865604877471923,0.1582007408142089,49,49.0,YOLO,1,32,0.0,19.211443089709093,0.0,"[0, 0, 0, 0, 0, 0, 0, 0, 0, 0]"
20250721_025601_055,-27,49,49,24.7,19.043332124401147,-84.0866455078125,-84.0866455078125,0.089357852935791,0.1017570495605468,49,49.0,YOLO,1,32,0.0,19.043332124401147,0.0,"[0, 0, 0, 0, 0, 0, 0, 0, 0, 0]"
20250721_025601_248,-27,49,49,24.7,19.04424062406152,-84.27315101623535,-84.27315101623535,0.0918450355529785,0.1584477424621582,49,49.0,YOLO,1,32,0.0,19.04424062406152,0.0,"[0, 0, 0, 0, 0, 0, 0, 0, 0, 0]"
20250721_025601_500,-27,49,49,24.7,19.0155761381542,-84.18990325927734,-84.18990325927734,0.0870683193206787,0.1018095016479492,49,49.0,YOLO,1,32,0.0,19.0155761381542,0.0,"[0, 0, 0, 0, 0, 0, 0, 0, 0, 0]"
20250721_025601_690,-27,49,49,24.7,19.157220431745216,-84.03914642333984,-84.03914642333984,0.101635456085205,0.1581869125366211,49,49.0,YOLO,1,32,0.0,19.157220431745216,0.0,"[0, 0, 0, 0, 0, 0, 0, 0, 0, 0]"
20250721_025601_951,-27,49,49,24.7,19.315989422109663,-84.01957702636719,-84.01957702636719,0.0917670726776123,0.1018548011779785,49,49.0,YOLO,1,32,0.0,19.315989422109663,0.0,"[0, 0, 0, 0, 0, 0, 0, 0, 0, 0]"
20250721_025602_147,-26,49,49,24.7,18.225342414271893,-83.56379699707031,-83.56379699707031,0.097299575805664,0.5215864181518555,49,48.0,NeighborSearch,2,49,24.7,19.686947088757208,-1.0,"[0, 0, 0, 0, 0, 0, 0, 0, 0, -1]"
20250721_025602_767,-26,48,48,23.2,19.516226708421517,-83.75464706420898,-83.75464706420898,0.1114132404327392,0.158628225326538,48,48.0,YOLO,1,49,24.7,19.516226708421517,0.0,"[0, 0, 0, 0, 0, 0, 0, 0, -1, 0]"
20250721_025603_039,-26,48,48,23.2,19.43060208115264,-83.72164916992188,-83.72164916992188,0.0838868618011474,0.1021327972412109,48,48.0,YOLO,1,49,24.7,19.43060208115264,0.0,"[0, 0, 0, 0, 0, 0, 0, -1, 0, 0]"
20250721_025603_226,-26,48,48,23.2,19.47051018924905,-83.72128982543946,-83.72128982543946,0.0895333290100097,0.158534288406372,48,48.0,YOLO,1,49,24.7,19.47051018924905,0.0,"[0, 0, 0, 0, 0, 0, -1, 0, 0, 0]"
20250721_025603_476,-26,48,48,23.2,19.36569187966134,-83.80120086669922,-83.80120086669922,0.0942683219909668,0.1020565032958984,48,48.0,YOLO,1,49,24.7,19.36569187966134,0.0,"[0, 0, 0, 0, 0, -1, 0, 0, 0, 0]"
20250721_025603_674,-26,48,48,23.2,19.630329728176463,-83.61874694824219,-83.61874694824219,0.0915906429290771,0.1585118770599365,48,48.0,YOLO,1,49,24.7,19.630329728176463,0.0,"[0, 0, 0, 0, -1, 0, 0, 0, 0, 0]"
20250721_025603_926,-26,48,48,23.2,19.78526717086176,-83.50782279968261,-83.50782279968261,0.098482608795166,0.1021018028259277,48,48.0,YOLO,1,49,24.7,19.78526717086176,0.0,"[0, 0, 0, -1, 0, 0, 0, 0, 0, 0]"
20250721_025604_128,-25,48,48,23.2,18.63830811974904,-84.23287963867188,-84.23287963867188,0.0950326919555664,0.5222663879394531,48,47.0,NeighborSearch,2,48,23.2,18.898328133059323,-1.0,"[0, 0, -1, 0, 0, 0, 0, 0, 0, -1]"
20250721_025604_747,-25,47,47,21.8,19.08044313743882,-84.03244018554688,-84.03244018554688,0.0971279144287109,0.158111572265625,47,47.0,YOLO,1,48,23.2,19.08044313743882,0.0,"[0, -1, 0, 0, 0, 0, 0, 0, -1, 0]"
20250721_025605_004,-25,47,47,21.8,19.05161617405628,-84.18990325927734,-84.18990325927734,0.0840775966644287,0.1017563343048095,47,47.0,YOLO,1,48,23.2,19.05161617405628,0.0,"[-1, 0, 0, 0, 0, 0, 0, -1, 0, 0]"
20250721_025605_191,-25,47,47,21.8,18.849244815862463,-84.38951873779297,-84.38951873779297,0.0928952693939209,0.158531904220581,47,47.0,YOLO,1,48,23.2,18.849244815862463,0.0,"[0, 0, 0, 0, 0, 0, -1, 0, 0, 0]"
20250721_025605_445,-25,47,47,21.8,19.029621690739816,-84.20329284667969,-84.20329284667969,0.0931780338287353,0.1023800373077392,47,47.0,YOLO,1,48,23.2,19.029621690739816,0.0,"[0, 0, 0, 0, 0, -1, 0, 0, 0, 0]"
20250721_025605_642,-25,47,47,21.8,19.394210936094296,-83.91045379638672,-83.91045379638672,0.0995855331420898,0.1584699153900146,47,47.0,YOLO,1,48,23.2,19.394210936094296,0.0,"[0, 0, 0, 0, -1, 0, 0, 0, 0, 0]"
20250721_025605_901,-25,47,47,21.8,19.209086881459957,-83.91772537231445,-83.91772537231445,0.0901350975036621,0.1019530296325683,47,47.0,YOLO,1,48,23.2,19.209086881459957,0.0,"[0, 0, 0, -1, 0, 0, 0, 0, 0, 0]"
20250721_025606_095,-24,47,47,21.8,18.37397482925128,-84.14881324768066,-84.14881324768066,0.0963153839111328,0.5215222835540771,47,46.0,NeighborSearch,2,47,21.8,19.11481130718248,-1.0,"[0, 0, -1, 0, 0, 0, 0, 0, 0, -1]"
20250721_025606_714,-24,47,47,21.8,18.60716466789283,-83.82115936279297,-83.82115936279297,0.0967378616333007,0.521204948425293,47,46.0,NeighborSearch,2,47,21.8,19.350874378671094,-1.0,"[0, -1, 0, 0, 0, 0, 0, 0, -1, -1]"
20250721_025607_334,-24,47,47,21.8,18.63596593522182,-84.03244018554688,-84.03244018554688,0.0928349494934082,0.5215857028961182,47,46.0,NeighborSearch,2,47,21.8,19.217328215923036,-1.0,"[-1, 0, 0, 0, 0, 0, 0, -1, -1, -1]"
20250721_025607_950,-23,47,47,21.8,18.30025974149117,-83.28759727478027,-83.28759727478027,0.0920536518096923,0.7828166484832764,47,45.0,NeighborSearch,4,47,21.8,19.988195566694188,-2.0,"[0, 0, 0, 0, 0, 0, -1, -1, -1, -2]"
20250721_025608_826,-23,46,46,20.3,18.460078996130733,-83.32039413452148,-83.32039413452148,0.0907328128814697,0.5215494632720947,46,45.0,NeighborSearch,2,46,20.3,19.880934296692654,-1.0,"[0, 0, 0, 0, 0, -1, -1, -1, -2, -1]"
20250721_025609_440,-23,46,46,20.3,18.739048241497212,-84.21281394958496,-84.21281394958496,0.0903894901275634,0.2598559856414795,46,46.0,OffsetCorrected,2,46,20.3,18.890167347975336,0.0,"[0, 0, 0, 0, -1, -1, -1, -2, -1, 0]"
20250721_025609_791,-22,46,46,20.3,18.73873095106022,-83.95072937011719,-83.95072937011719,0.0780556201934814,0.5214989185333252,46,45.0,NeighborSearch,2,46,20.3,19.04161632467624,-1.0,"[0, 0, 0, -1, -1, -1, -2, -1, 0, -1]"
20250721_025610_392,-22,45,45,18.9,19.206975497362208,-83.8206687927246,-83.8206687927246,0.094470739364624,0.1582250595092773,45,45.0,YOLO,1,46,20.3,19.206975497362208,0.0,"[0, 0, -1, -1, -1, -2, -1, 0, -1, 0]"
20250721_025610_647,-22,45,45,18.9,19.30014196843898,-84.01187133789062,-84.01187133789062,0.0827045440673828,0.1017775535583496,45,45.0,YOLO,1,46,20.3,19.30014196843898,0.0,"[0, -1, -1, -1, -2, -1, 0, -1, 0, 0]"
20250721_025610_833,-22,45,45,18.9,18.842800935496456,-84.29512901306153,-84.29512901306153,0.0879435539245605,0.1581513881683349,45,45.0,YOLO,1,46,20.3,18.842800935496456,0.0,"[-1, -1, -1, -2, -1, 0, -1, 0, 0, 0]"
20250721_025611_080,-22,45,45,18.9,18.98933516956897,-84.20060729980469,-84.20060729980469,0.091890811920166,0.1017117500305175,45,45.0,YOLO,1,46,20.3,18.98933516956897,0.0,"[-1, -1, -2, -1, 0, -1, 0, 0, 0, 0]"
20250721_025611_275,-22,45,45,18.9,18.88895579473882,-84.20329284667969,-84.20329284667969,0.090127944946289,0.1581058502197265,45,45.0,YOLO,1,46,20.3,18.88895579473882,0.0,"[-1, -2, -1, 0, -1, 0, 0, 0, 0, 0]"
20250721_025611_525,-22,45,45,18.9,19.10438888820917,-84.1575538635254,-84.1575538635254,0.0941836833953857,0.1017322540283203,45,45.0,YOLO,1,46,20.3,19.10438888820917,0.0,"[-2, -1, 0, -1, 0, 0, 0, 0, 0, 0]"
20250721_025611_722,-22,45,45,18.9,19.37275700619752,-83.74089050292969,-83.74089050292969,0.0966174602508544,0.1581819057464599,45,45.0,YOLO,1,46,20.3,19.37275700619752,0.0,"[-1, 0, -1, 0, 0, 0, 0, 0, 0, 0]"
20250721_025611_979,-22,45,45,18.9,19.52801122080629,-83.68581352233886,-83.68581352233886,0.0910501480102539,0.1017324924468994,45,45.0,YOLO,1,46,20.3,19.52801122080629,0.0,"[0, -1, 0, 0, 0, 0, 0, 0, 0, 0]"
20250721_025612_173,-21,45,45,18.9,17.92942986988679,-83.30085906982421,-83.30085906982421,0.0912837982177734,0.5214016437530518,45,44.0,NeighborSearch,2,45,18.9,19.85395312187225,-1.0,"[-1, 0, 0, 0, 0, 0, 0, 0, 0, -1]"
20250721_025612_787,-21,44,44,17.4,19.69966710847936,-83.48128509521484,-83.48128509521484,0.0937569141387939,0.1581268310546875,44,44.0,YOLO,1,45,18.9,19.69966710847936,0.0,"[0, 0, 0, 0, 0, 0, 0, 0, -1, 0]"
20250721_025613_040,-21,45,45,18.9,19.79532172899067,-83.40846061706543,-83.40846061706543,0.0933425426483154,0.1017088890075683,45,45.0,YOLO,1,45,18.9,19.79532172899067,0.0,"[0, 0, 0, 0, 0, 0, 0, -1, 0, 0]"
20250721_025613_237,-21,44,44,17.4,19.696148843694644,-83.38830337524413,-83.38830337524413,0.0926826000213623,0.1582016944885254,44,44.0,YOLO,1,45,18.9,19.696148843694644,0.0,"[0, 0, 0, 0, 0, 0, -1, 0, 0, 0]"
20250721_025613_489,-21,44,44,17.4,19.7397695604633,-83.42042541503906,-83.42042541503906,0.093562364578247,0.1018207073211669,44,44.0,YOLO,1,45,18.9,19.7397695604633,0.0,"[0, 0, 0, 0, 0, -1, 0, 0, 0, 0]"
20250721_025613_686,-21,44,44,17.4,19.95257159316887,-83.28759727478027,-83.28759727478027,0.0984272956848144,0.1581342220306396,44,44.0,YOLO,1,45,18.9,19.95257159316887,0.0,"[0, 0, 0, 0, -1, 0, 0, 0, 0, 0]"
20250721_025613_944,-21,45,45,18.9,19.8956239078866,-83.3758773803711,-83.3758773803711,0.0911645889282226,0.101703405380249,45,45.0,YOLO,1,45,18.9,19.8956239078866,0.0,"[0, 0, 0, -1, 0, 0, 0, 0, 0, 0]"
20250721_025614_138,-20,45,45,18.9,16.61144623140372,-84.03488998413086,-84.03488998413086,0.0962917804718017,0.5215301513671875,45,44.0,NeighborSearch,2,45,18.9,19.08828886447661,-1.0,"[0, 0, -1, 0, 0, 0, 0, 0, 0, -1]"
20250721_025614_758,-20,44,44,17.4,18.787142056812986,-84.40592079162597,-84.40592079162597,0.0942273139953613,0.1581358909606933,44,44.0,YOLO,1,45,18.9,18.787142056812986,0.0,"[0, -1, 0, 0, 0, 0, 0, 0, -1, 0]"
20250721_025615_012,-20,44,44,17.4,18.695507366882524,-83.82349319458008,-83.82349319458008,0.0852067470550537,0.2672038078308105,44,44.0,OffsetCorrected,2,44,17.4,19.31192983730523,0.0,"[-1, 0, 0, 0, 0, 0, 0, -1, 0, 0]"
20250721_025615_366,-20,44,44,17.4,19.312989473030484,-83.94062805175781,-83.94062805175781,0.092435598373413,0.1017985343933105,44,44.0,YOLO,1,44,17.4,19.312989473030484,0.0,"[0, 0, 0, 0, 0, 0, -1, 0, 0, 0]"
20250721_025615_561,-20,44,44,17.4,19.21573606320605,-83.91797637939453,-83.91797637939453,0.0873675346374511,0.1581871509552002,44,44.0,YOLO,1,44,17.4,19.21573606320605,0.0,"[0, 0, 0, 0, 0, -1, 0, 0, 0, 0]"
20250721_025615_808,-20,44,44,17.4,19.0367721614345,-84.01957664489746,-84.01957664489746,0.0910670757293701,0.1018242835998535,44,44.0,YOLO,1,44,17.4,19.0367721614345,0.0,"[0, 0, 0, 0, -1, 0, 0, 0, 0, 0]"
20250721_025616_003,-19,44,44,17.4,19.077953183544423,-84.01957664489746,-84.01957664489746,0.0952048301696777,0.1581497192382812,44,44.0,YOLO,1,44,17.4,19.077953183544423,0.0,"[0, 0, 0, -1, 0, 0, 0, 0, 0, 0]"
20250721_025616_257,-19,44,44,17.4,18.392836370957586,-84.07219047546387,-84.07219047546387,0.0890817642211914,0.5289144515991211,44,43.0,NeighborSearch,2,44,17.4,19.030752051243223,-1.0,"[0, 0, -1, 0, 0, 0, 0, 0, 0, -1]"
20250721_025616_877,-19,43,43,16.0,19.00991262331351,-84.04263343811036,-84.04263343811036,0.0942933559417724,0.1018314361572265,43,43.0,YOLO,1,44,17.4,19.00991262331351,0.0,"[0, -1, 0, 0, 0, 0, 0, 0, -1, 0]"
20250721_025617_075,-19,43,43,16.0,19.136363169469817,-83.91797637939453,-83.91797637939453,0.0929241180419921,0.158088207244873,43,43.0,YOLO,1,44,17.4,19.136363169469817,0.0,"[-1, 0, 0, 0, 0, 0, 0, -1, 0, 0]"
20250721_025617_327,-19,43,43,16.0,19.134291213423182,-84.01867179870605,-84.01867179870605,0.0902841091156005,0.1018598079681396,43,43.0,YOLO,1,44,17.4,19.134291213423182,0.0,"[0, 0, 0, 0, 0, 0, -1, 0, 0, 0]"
20250721_025617_521,-19,43,43,16.0,19.47617990210776,-83.79180145263672,-83.79180145263672,0.0978293418884277,0.1587262153625488,43,43.0,YOLO,1,44,17.4,19.47617990210776,0.0,"[0, 0, 0, 0, 0, -1, 0, 0, 0, 0]"
20250721_025617_779,-19,43,43,16.0,19.487733781025568,-83.62637214660644,-83.62637214660644,0.1026475429534912,0.1019332408905029,43,43.0,YOLO,1,44,17.4,19.487733781025568,0.0,"[0, 0, 0, 0, -1, 0, 0, 0, 0, 0]"
20250721_025617_985,-18,43,43,16.0,18.81886053378813,-84.29390182495118,-84.29390182495118,0.0958127975463867,0.1581382751464843,43,43.0,YOLO,1,44,17.4,18.81886053378813,0.0,"[0, 0, 0, -1, 0, 0, 0, 0, 0, 0]"
20250721_025618_240,-18,43,43,16.0,18.12162062043562,-83.68355712890626,-83.68355712890626,0.0930509567260742,0.5300290584564209,43,42.0,NeighborSearch,2,43,16.0,19.421168188819976,-1.0,"[0, 0, -1, 0, 0, 0, 0, 0, 0, -1]"
20250721_025618_865,-18,42,42,14.5,19.70767293223483,-83.42893447875977,-83.42893447875977,0.0938677787780761,0.1017720699310302,42,42.0,YOLO,1,43,16.0,19.70767293223483,0.0,"[0, -1, 0, 0, 0, 0, 0, 0, -1, 0]"
20250721_025619_062,-18,42,42,14.5,19.80251423609468,-83.44287109375,-83.44287109375,0.0917673110961914,0.1580862998962402,42,42.0,YOLO,1,43,16.0,19.80251423609468,0.0,"[-1, 0, 0, 0, 0, 0, 0, -1, 0, 0]"
20250721_025619_313,-18,42,42,14.5,19.854435840269787,-83.34926261901856,-83.34926261901856,0.0912439823150634,0.1017699241638183,42,42.0,YOLO,1,43,16.0,19.854435840269787,0.0,"[0, 0, 0, 0, 0, 0, -1, 0, 0, 0]"
20250721_025619_508,-18,42,42,14.5,19.602744796941423,-83.53508529663085,-83.53508529663085,0.0885858535766601,0.1581602096557617,42,42.0,YOLO,1,43,16.0,19.602744796941423,0.0,"[0, 0, 0, 0, 0, -1, 0, 0, 0, 0]"
20250721_025619_756,-18,42,42,14.5,19.68868869889235,-83.42624435424804,-83.42624435424804,0.0944263935089111,0.1017622947692871,42,42.0,YOLO,1,43,16.0,19.68868869889235,0.0,"[0, 0, 0, 0, -1, 0, 0, 0, 0, 0]"
20250721_025619_954,-17,42,42,14.5,19.546679500347395,-83.5916519165039,-83.5916519165039,0.0905635356903076,0.1581523418426513,42,42.0,YOLO,1,43,16.0,19.546679500347395,0.0,"[0, 0, 0, -1, 0, 0, 0, 0, 0, 0]"
20250721_025620_204,-17,42,42,14.5,19.014226567879177,-84.18936958312989,-84.18936958312989,0.0845372676849365,0.1017427444458007,42,42.0,YOLO,1,43,16.0,19.014226567879177,0.0,"[0, 0, -1, 0, 0, 0, 0, 0, 0, 0]"
20250721_025620_391,-17,42,42,14.5,18.836453996802646,-84.28870506286621,-84.28870506286621,0.0874314308166503,0.1581780910491943,42,42.0,YOLO,1,43,16.0,18.836453996802646,0.0,"[0, -1, 0, 0, 0, 0, 0, 0, 0, 0]"
20250721_025620_639,-17,42,42,14.5,18.97063570077033,-84.29540252685547,-84.29540252685547,0.0943503379821777,0.1016891002655029,42,42.0,YOLO,1,43,16.0,18.97063570077033,0.0,"[-1, 0, 0, 0, 0, 0, 0, 0, 0, 0]"
20250721_025620_836,-17,42,42,14.5,18.97738511521186,-84.20838813781738,-84.20838813781738,0.0996708869934082,0.1581313610076904,42,42.0,YOLO,1,43,16.0,18.97738511521186,0.0,"[0, 0, 0, 0, 0, 0, 0, 0, 0, 0]"
20250721_025621_095,-17,42,42,14.5,19.26349888374955,-83.95072937011719,-83.95072937011719,0.0867936611175537,0.1018261909484863,42,42.0,YOLO,1,43,16.0,19.26349888374955,0.0,"[0, 0, 0, 0, 0, 0, 0, 0, 0, 0]"
20250721_025621_285,-17,42,42,14.5,19.27813320865837,-83.89007568359375,-83.89007568359375,0.0889036655426025,0.1581597328186035,42,42.0,YOLO,1,43,16.0,19.27813320865837,0.0,"[0, 0, 0, 0, 0, 0, 0, 0, 0, 0]"
20250721_025621_534,-17,42,42,14.5,19.464257898663742,-83.71302947998046,-83.71302947998046,0.0835711956024169,0.1017758846282959,42,42.0,YOLO,1,43,16.0,19.464257898663742,0.0,"[0, 0, 0, 0, 0, 0, 0, 0, 0, 0]"
20250721_025621_721,-17,42,42,14.5,18.89091199138656,-84.0841667175293,-84.0841667175293,0.0932452678680419,0.1581320762634277,42,42.0,YOLO,1,43,16.0,18.89091199138656,0.0,"[0, 0, 0, 0, 0, 0, 0, 0, 0, 0]"
20250721_025621_974,-17,42,42,14.5,18.99664473825689,-84.2571044921875,-84.2571044921875,0.0925025939941406,0.1017172336578369,42,42.0,YOLO,1,43,16.0,18.99664473825689,0.0,"[0, 0, 0, 0, 0, 0, 0, 0, 0, 0]"
20250721_025622_169,-16,42,42,14.5,17.930345042583852,-82.82514190673828,-82.82514190673828,0.0960860252380371,0.783113956451416,42,40.0,NeighborSearch,4,42,14.5,20.349182607518244,-2.0,"[0, 0, 0, 0, 0, 0, 0, 0, 0, -2]"
20250721_025623_050,-16,41,41,13.1,19.06182385672234,-84.18990325927734,-84.18990325927734,0.0948069095611572,0.1580371856689453,41,41.0,YOLO,1,42,14.5,19.06182385672234,0.0,"[0, 0, 0, 0, 0, 0, 0, 0, -2, 0]"
20250721_025623_304,-16,41,41,13.1,18.9760846599652,-84.1500015258789,-84.1500015258789,0.0868411064147949,0.1018497943878173,41,41.0,YOLO,1,42,14.5,18.9760846599652,0.0,"[0, 0, 0, 0, 0, 0, 0, -2, 0, 0]"
20250721_025623_494,-16,41,41,13.1,18.89165284335951,-84.17829856872558,-84.17829856872558,0.0913689136505127,0.1580898761749267,41,41.0,YOLO,1,42,14.5,18.89165284335951,0.0,"[0, 0, 0, 0, 0, 0, -2, 0, 0, 0]"
20250721_025623_745,-16,41,41,13.1,18.826458816661656,-84.3216396331787,-84.3216396331787,0.0939173698425293,0.101747989654541,41,41.0,YOLO,1,42,14.5,18.826458816661656,0.0,"[0, 0, 0, 0, 0, -2, 0, 0, 0, 0]"
20250721_025623_943,-15,41,41,13.1,19.03199705018808,-84.0841667175293,-84.0841667175293,0.0983753204345703,0.1581799983978271,41,41.0,YOLO,1,42,14.5,19.03199705018808,0.0,"[0, 0, 0, 0, -2, 0, 0, 0, 0, 0]"
20250721_025624_201,-15,41,41,13.1,18.42485460990721,-82.85422058105469,-82.85422058105469,0.0953855514526367,0.5294106006622314,41,40.0,NeighborSearch,2,41,13.1,20.36279976868431,-1.0,"[0, 0, 0, -2, 0, 0, 0, 0, 0, -1]"
20250721_025624_827,-15,40,40,11.6,20.289183183282475,-82.7785415649414,-82.7785415649414,0.0940170288085937,0.1017463207244873,40,40.0,YOLO,1,41,13.1,20.289183183282475,0.0,"[0, 0, -2, 0, 0, 0, 0, 0, -1, 0]"
20250721_025625_024,-15,41,41,13.1,18.27909018714061,-82.84225311279297,-82.84225311279297,0.0900180339813232,0.5215167999267578,41,40.0,NeighborSearch,2,41,13.1,20.362287255388352,-1.0,"[0, -2, 0, 0, 0, 0, 0, -1, 0, -1]"
20250721_025625_637,-14,41,41,13.1,18.27881200903205,-82.90094108581543,-82.90094108581543,0.0850918292999267,0.5213944911956787,41,40.0,NeighborSearch,2,41,13.1,20.208918699294912,-1.0,"[-2, 0, 0, 0, 0, 0, -1, 0, -1, -1]"
20250721_025626_245,-14,41,41,13.1,15.824992297831216,-84.21375160217285,-84.21375160217285,0.0911951065063476,0.5212781429290771,41,40.0,NeighborSearch,2,41,13.1,18.808617414288577,-1.0,"[0, 0, 0, 0, 0, -1, 0, -1, -1, -1]"
20250721_025626_859,-14,39,39,10.2,20.150413046001205,-83.04122924804688,-83.04122924804688,0.0917191505432128,0.1581993103027343,39,39.0,YOLO,1,41,13.1,20.150413046001205,0.0,"[0, 0, 0, 0, -1, 0, -1, -1, -1, 0]"
20250721_025627_110,-14,39,39,10.2,20.22998343237793,-82.88577384948731,-82.88577384948731,0.0909211635589599,0.1018040180206298,39,39.0,YOLO,1,41,13.1,20.22998343237793,0.0,"[0, 0, 0, -1, 0, -1, -1, -1, 0, 0]"
20250721_025627_305,-14,39,39,10.2,19.938291637513103,-83.13968696594239,-83.13968696594239,0.0980207920074462,0.1581125259399414,39,39.0,YOLO,1,41,13.1,19.938291637513103,0.0,"[0, 0, -1, 0, -1, -1, -1, 0, 0, 0]"
20250721_025627_562,-14,39,39,10.2,20.160682317686707,-83.08080062866212,-83.08080062866212,0.0914618968963623,0.1024055480957031,39,39.0,YOLO,1,41,13.1,20.160682317686707,0.0,"[0, -1, 0, -1, -1, -1, 0, 0, 0, 0]"
20250721_025627_759,-14,40,40,11.6,19.48376968687045,-83.7130298614502,-83.7130298614502,0.1005270481109619,0.158628225326538,40,40.0,YOLO,1,41,13.1,19.48376968687045,0.0,"[-1, 0, -1, -1, -1, 0, 0, 0, 0, 0]"
20250721_025628_019,-13,40,40,11.6,19.61144607683616,-83.46237564086914,-83.46237564086914,0.0921950340270996,0.1022121906280517,40,40.0,YOLO,1,41,13.1,19.61144607683616,0.0,"[0, -1, -1, -1, 0, 0, 0, 0, 0, 0]"
20250721_025628_215,-13,40,40,11.6,17.810556760218304,-83.89007568359375,-83.89007568359375,0.0935311317443847,0.5230343341827393,40,39.0,NeighborSearch,2,40,11.6,19.25684542507868,-1.0,"[-1, -1, -1, 0, 0, 0, 0, 0, 0, -1]"
20250721_025628_833,-13,39,39,10.2,19.51877435449244,-83.62637214660644,-83.62637214660644,0.0957043170928955,0.1584746837615966,39,39.0,YOLO,1,40,11.6,19.51877435449244,0.0,"[-1, -1, 0, 0, 0, 0, 0, 0, -1, 0]"
20250721_025629_089,-13,39,39,10.2,19.46874606552859,-83.61242942810058,-83.61242942810058,0.0860497951507568,0.1021103858947753,39,39.0,YOLO,1,40,11.6,19.46874606552859,0.0,"[-1, 0, 0, 0, 0, 0, 0, -1, 0, 0]"
20250721_025629_279,-13,39,39,10.2,19.649011404139813,-83.34541397094726,-83.34541397094726,0.097773790359497,0.1582190990447998,39,39.0,YOLO,1,40,11.6,19.649011404139813,0.0,"[0, 0, 0, 0, 0, 0, -1, 0, 0, 0]"
20250721_025629_536,-13,39,39,10.2,19.8743296308227,-83.21343803405762,-83.21343803405762,0.0915977954864502,0.1017549037933349,39,39.0,YOLO,1,40,11.6,19.8743296308227,0.0,"[0, 0, 0, 0, 0, -1, 0, 0, 0, 0]"
20250721_025629_731,-13,39,39,10.2,19.61571838741708,-83.42680358886719,-83.42680358886719,0.0985608100891113,0.1582238674163818,39,39.0,YOLO,1,40,11.6,19.61571838741708,0.0,"[0, 0, 0, 0, -1, 0, 0, 0, 0, 0]"
20250721_025629_989,-12,39,39,10.2,19.472488100524657,-83.68545722961426,-83.68545722961426,0.087414264678955,0.1017444133758544,39,39.0,YOLO,1,40,11.6,19.472488100524657,0.0,"[0, 0, 0, -1, 0, 0, 0, 0, 0, 0]"
20250721_025630_180,-12,39,39,10.2,18.4058791199882,-83.20800514221192,-83.20800514221192,0.0950584411621093,0.523261308670044,39,38.0,NeighborSearch,2,39,10.2,19.769462239614285,-1.0,"[0, 0, -1, 0, 0, 0, 0, 0, 0, -1]"
20250721_025630_800,-12,38,38,8.7,19.6074471990473,-83.61933135986328,-83.61933135986328,0.0940067768096923,0.158268928527832,38,38.0,YOLO,1,39,10.2,19.6074471990473,0.0,"[0, -1, 0, 0, 0, 0, 0, 0, -1, 0]"
20250721_025631_054,-12,38,38,8.7,19.61400004229546,-83.54383354187011,-83.54383354187011,0.0840785503387451,0.1016697883605957,38,38.0,YOLO,1,39,10.2,19.61400004229546,0.0,"[-1, 0, 0, 0, 0, 0, 0, -1, 0, 0]"
20250721_025631_241,-12,38,38,8.7,20.06470161313382,-83.02444038391113,-83.02444038391113,0.0902974605560302,0.1581857204437255,38,38.0,YOLO,1,39,10.2,20.06470161313382,0.0,"[0, 0, 0, 0, 0, 0, -1, 0, 0, 0]"
20250721_025631_491,-12,38,38,8.7,20.061439128404004,-83.08162422180176,-83.08162422180176,0.0879991054534912,0.1017348766326904,38,38.0,YOLO,1,39,10.2,20.061439128404004,0.0,"[0, 0, 0, 0, 0, -1, 0, 0, 0, 0]"
20250721_025631_682,-12,38,38,8.7,19.99400173439294,-83.11780548095703,-83.11780548095703,0.0979871749877929,0.1581685543060302,38,38.0,YOLO,1,39,10.2,19.99400173439294,0.0,"[0, 0, 0, 0, -1, 0, 0, 0, 0, 0]"
20250721_025631_940,-12,38,38,8.7,20.12229397952829,-83.02484893798828,-83.02484893798828,0.0939979553222656,0.1017515659332275,38,38.0,YOLO,1,39,10.2,20.12229397952829,0.0,"[0, 0, 0, -1, 0, 0, 0, 0, 0, 0]"
20250721_025632_137,-11,38,38,8.7,19.44382223605018,-83.68580627441406,-83.68580627441406,0.0946402549743652,0.1581957340240478,38,38.0,YOLO,1,39,10.2,19.44382223605018,0.0,"[0, 0, -1, 0, 0, 0, 0, 0, 0, 0]"
20250721_025632_391,-11,38,38,8.7,19.207419907934423,-83.88048553466797,-83.88048553466797,0.0884311199188232,0.1018543243408203,38,38.0,YOLO,1,39,10.2,19.207419907934423,0.0,"[0, -1, 0, 0, 0, 0, 0, 0, 0, 0]"
20250721_025632_583,-11,38,38,8.7,19.27037636227682,-83.88995132446288,-83.88995132446288,0.0914177894592285,0.1580665111541748,38,38.0,YOLO,1,39,10.2,19.27037636227682,0.0,"[-1, 0, 0, 0, 0, 0, 0, 0, 0, 0]"
20250721_025632_834,-11,38,38,8.7,19.37861591900889,-83.70166511535645,-83.70166511535645,0.0908563137054443,0.101879596710205,38,38.0,YOLO,1,39,10.2,19.37861591900889,0.0,"[0, 0, 0, 0, 0, 0, 0, 0, 0, 0]"
20250721_025633_028,-11,38,38,8.7,19.593493080284915,-83.54532623291016,-83.54532623291016,0.0901989936828613,0.1584007740020752,38,38.0,YOLO,1,39,10.2,19.593493080284915,0.0,"[0, 0, 0, 0, 0, 0, 0, 0, 0, 0]"
20250721_025633_278,-11,38,38,8.7,19.60725456695428,-83.41986618041992,-83.41986618041992,0.0890631675720214,0.1018610000610351,38,38.0,YOLO,1,39,10.2,19.60725456695428,0.0,"[0, 0, 0, 0, 0, 0, 0, 0, 0, 0]"
20250721_025633_471,-11,38,38,8.7,19.62258261534528,-83.59060630798339,-83.59060630798339,0.0892753601074218,0.1582181453704834,38,38.0,YOLO,1,39,10.2,19.62258261534528,0.0,"[0, 0, 0, 0, 0, 0, 0, 0, 0, 0]"
20250721_025633_720,-11,38,38,8.7,19.292688090046155,-83.79412078857422,-83.79412078857422,0.0979886054992675,0.1022422313690185,38,38.0,YOLO,1,39,10.2,19.292688090046155,0.0,"[0, 0, 0, 0, 0, 0, 0, 0, 0, 0]"
20250721_025633_922,-10,38,38,8.7,19.212295417625867,-83.95072937011719,-83.95072937011719,0.093071699142456,0.1583461761474609,38,38.0,YOLO,1,39,10.2,19.212295417625867,0.0,"[0, 0, 0, 0, 0, 0, 0, 0, 0, 0]"
20250721_025634_174,-10,38,38,8.7,18.02034707544,-83.89044952392578,-83.89044952392578,0.092203140258789,0.5305285453796387,38,37.0,NeighborSearch,2,38,8.7,19.21101012152768,-1.0,"[0, 0, 0, 0, 0, 0, 0, 0, 0, -1]"
20250721_025634_799,-10,37,37,7.3,19.24067182304539,-83.91760025024413,-83.91760025024413,0.0927326679229736,0.1018257141113281,37,37.0,YOLO,1,38,8.7,19.24067182304539,0.0,"[0, 0, 0, 0, 0, 0, 0, 0, -1, 0]"
20250721_025634_995,-10,37,37,7.3,19.244492481382903,-83.95794830322265,-83.95794830322265,0.0924458503723144,0.1581254005432129,37,37.0,YOLO,1,38,8.7,19.244492481382903,0.0,"[0, 0, 0, 0, 0, 0, 0, -1, 0, 0]"
20250721_025635_247,-10,37,37,7.3,19.012510553253563,-84.1575538635254,-84.1575538635254,0.0868487358093261,0.1018323898315429,37,37.0,YOLO,1,38,8.7,19.012510553253563,0.0,"[0, 0, 0, 0, 0, 0, -1, 0, 0, 0]"
20250721_025635_437,-10,37,37,7.3,19.09564594395009,-83.85715103149414,-83.85715103149414,0.0915510654449462,0.158266544342041,37,37.0,YOLO,1,38,8.7,19.09564594395009,0.0,"[0, 0, 0, 0, 0, -1, 0, 0, 0, 0]"
20250721_025635_688,-10,36,36,5.8,19.09308670985699,-84.03244018554688,-84.03244018554688,0.0916385650634765,0.1018829345703125,36,36.0,YOLO,1,38,8.7,19.09308670985699,0.0,"[0, 0, 0, 0, -1, 0, 0, 0, 0, 0]"
20250721_025635_883,-10,37,37,7.3,19.50837071071342,-83.61968231201172,-83.61968231201172,0.0962824821472168,0.1581428050994873,37,37.0,YOLO,1,38,8.7,19.50837071071342,0.0,"[0, 0, 0, -1, 0, 0, 0, 0, 0, 0]"
20250721_025636_139,-9,37,37,7.3,19.371261794437657,-83.68355712890626,-83.68355712890626,0.0894973278045654,0.1017858982086181,37,37.0,YOLO,1,38,8.7,19.371261794437657,0.0,"[0, 0, -1, 0, 0, 0, 0, 0, 0, 0]"
20250721_025636_332,-9,36,36,5.8,19.424171907324023,-83.83284301757813,-83.83284301757813,0.0888988971710205,0.1581766605377197,36,36.0,YOLO,1,38,8.7,19.424171907324023,0.0,"[0, -1, 0, 0, 0, 0, 0, 0, 0, 0]"
20250721_025636_580,-9,36,36,5.8,19.44654264460806,-83.74089050292969,-83.74089050292969,0.0922021865844726,0.1017577648162841,36,36.0,YOLO,1,38,8.7,19.44654264460806,0.0,"[-1, 0, 0, 0, 0, 0, 0, 0, 0, 0]"
20250721_025636_776,-9,36,36,5.8,19.43244165856447,-83.62672424316406,-83.62672424316406,0.0925555229187011,0.1580474376678466,36,36.0,YOLO,1,38,8.7,19.43244165856447,0.0,"[0, 0, 0, 0, 0, 0, 0, 0, 0, 0]"
20250721_025637_028,-9,36,36,5.8,19.71804528772469,-83.50805053710937,-83.50805053710937,0.0859856605529785,0.1016709804534912,36,36.0,YOLO,1,38,8.7,19.71804528772469,0.0,"[0, 0, 0, 0, 0, 0, 0, 0, 0, 0]"
20250721_025637_217,-9,36,36,5.8,20.013914465466428,-83.04903526306153,-83.04903526306153,0.0920629501342773,0.1581974029541015,36,36.0,YOLO,1,38,8.7,20.013914465466428,0.0,"[0, 0, 0, 0, 0, 0, 0, 0, 0, 0]"
20250721_025637_468,-9,36,36,5.8,19.892647567128023,-83.27686500549316,-83.27686500549316,0.0937609672546386,0.1018011569976806,36,36.0,YOLO,1,38,8.7,19.892647567128023,0.0,"[0, 0, 0, 0, 0, 0, 0, 0, 0, 0]"
20250721_025637_665,-9,36,36,5.8,19.94177411111349,-83.1915054321289,-83.1915054321289,0.0904939174652099,0.1581246852874755,36,36.0,YOLO,1,38,8.7,19.94177411111349,0.0,"[0, 0, 0, 0, 0, 0, 0, 0, 0, 0]"
20250721_025637_916,-9,36,36,5.8,19.914092864616848,-83.06509437561036,-83.06509437561036,0.0822310447692871,0.101792573928833,36,36.0,YOLO,1,38,8.7,19.914092864616848,0.0,"[0, 0, 0, 0, 0, 0, 0, 0, 0, 0]"
20250721_025638_101,-8,36,36,5.8,19.011177753755877,-84.17922973632812,-84.17922973632812,0.0860829353332519,0.15810227394104,36,36.0,YOLO,1,38,8.7,19.011177753755877,0.0,"[0, 0, 0, 0, 0, 0, 0, 0, 0, 0]"
20250721_025638_347,-8,35,35,4.4,19.157664467924747,-83.83099365234375,-83.83099365234375,0.0934967994689941,0.1018013954162597,35,35.0,YOLO,1,38,8.7,19.157664467924747,0.0,"[0, 0, 0, 0, 0, 0, 0, 0, 0, 0]"
20250721_025638_543,-8,35,35,4.4,19.61080629540905,-83.3926399230957,-83.3926399230957,0.097804307937622,0.1581270694732666,35,35.0,YOLO,1,38,8.7,19.61080629540905,0.0,"[0, 0, 0, 0, 0, 0, 0, 0, 0, 0]"
20250721_025638_801,-8,35,35,4.4,19.36359432041087,-83.68580627441406,-83.68580627441406,0.0876545906066894,0.1017794609069824,35,35.0,YOLO,1,38,8.7,19.36359432041087,0.0,"[0, 0, 0, 0, 0, 0, 0, 0, 0, 0]"
20250721_025638_992,-8,35,35,4.4,19.46655502760308,-83.62637214660644,-83.62637214660644,0.0893762111663818,0.1581521034240722,35,35.0,YOLO,1,38,8.7,19.46655502760308,0.0,"[0, 0, 0, 0, 0, 0, 0, 0, 0, 0]"
20250721_025639_241,-8,35,35,4.4,19.594843670949203,-83.54532623291016,-83.54532623291016,0.0880384445190429,0.101799726486206,35,35.0,YOLO,1,38,8.7,19.594843670949203,0.0,"[0, 0, 0, 0, 0, 0, 0, 0, 0, 0]"
20250721_025639_432,-8,36,36,5.8,19.14403935511274,-84.00418090820312,-84.00418090820312,0.08774995803833,0.158151626586914,36,36.0,YOLO,1,38,8.7,19.14403935511274,0.0,"[0, 0, 0, 0, 0, 0, 0, 0, 0, 0]"
20250721_025639_679,-8,36,36,5.8,19.242538143811515,-83.91797637939453,-83.91797637939453,0.0862815380096435,0.1016986370086669,36,36.0,YOLO,1,38,8.7,19.242538143811515,0.0,"[0, 0, 0, 0, 0, 0, 0, 0, 0, 0]"
20250721_025639_869,-8,36,36,5.8,19.020469071401763,-84.01879997253418,-84.01879997253418,0.0919556617736816,0.1582193374633789,36,36.0,YOLO,1,38,8.7,19.020469071401763,0.0,"[0, 0, 0, 0, 0, 0, 0, 0, 0, 0]"
20250721_025640_120,-7,36,36,5.8,19.021010611818497,-84.0036693572998,-84.0036693572998,0.0924549102783203,0.1017501354217529,36,36.0,YOLO,1,38,8.7,19.021010611818497,0.0,"[0, 0, 0, 0, 0, 0, 0, 0, 0, 0]"
20250721_025640_316,-7,35,35,4.4,18.3951507675596,-83.74571228027344,-83.74571228027344,0.091174840927124,0.5216913223266602,35,34.0,NeighborSearch,2,35,4.4,19.284233193155146,-1.0,"[0, 0, 0, 0, 0, 0, 0, 0, 0, -1]"
20250721_025640_930,-7,35,35,4.4,18.49032358415089,-83.3926399230957,-83.3926399230957,0.0934908390045166,0.5215411186218262,35,34.0,NeighborSearch,2,35,4.4,19.583946062248685,-1.0,"[0, 0, 0, 0, 0, 0, 0, 0, -1, -1]"
20250721_025641_547,-7,35,35,4.4,18.717926192775806,-83.45571441650391,-83.45571441650391,0.0911941528320312,0.5211958885192871,35,34.0,NeighborSearch,2,35,4.4,19.657605411226385,-1.0,"[0, 0, 0, 0, 0, 0, 0, -1, -1, -1]"
20250721_025642_161,-6,35,35,4.4,16.76240740742189,-83.10113525390625,-83.10113525390625,0.0905683040618896,0.7829761505126953,35,33.0,NeighborSearch,4,35,4.4,20.09159004999776,-2.0,"[0, 0, 0, 0, 0, 0, -1, -1, -1, -2]"
20250721_025643_036,-6,34,34,2.9,19.12551531315056,-83.90995330810547,-83.90995330810547,0.0901596546173095,0.158442735671997,34,34.0,YOLO,1,35,4.4,19.12551531315056,0.0,"[0, 0, 0, 0, 0, -1, -1, -1, -2, 0]"
20250721_025643_286,-6,34,34,2.9,19.12716241258579,-83.99394989013672,-83.99394989013672,0.0854392051696777,0.1018214225769043,34,34.0,YOLO,1,35,4.4,19.12716241258579,0.0,"[0, 0, 0, 0, -1, -1, -1, -2, 0, 0]"
20250721_025643_475,-6,34,34,2.9,18.5982607243772,-83.95072937011719,-83.95072937011719,0.0902419090270996,0.4196438789367676,34,34.0,NeighborSearch,1,34,2.9,18.911192072560556,0.0,"[0, 0, 0, -1, -1, -1, -2, 0, 0, 0]"
20250721_025643_986,-5,34,34,2.9,18.84562971858371,-84.23234062194824,-84.23234062194824,0.0850715637207031,0.1017453670501709,34,34.0,YOLO,1,34,2.9,18.84562971858371,0.0,"[0, 0, -1, -1, -1, -2, 0, 0, 0, 0]"
20250721_025644_174,-5,34,34,2.9,17.52419417927338,-83.28759727478027,-83.28759727478027,0.096184492111206,0.5214240550994873,34,33.0,NeighborSearch,2,34,2.9,19.901401298233623,-1.0,"[0, -1, -1, -1, -2, 0, 0, 0, 0, -1]"
20250721_025644_793,-5,33,33,1.5,19.835492212565452,-83.30293197631836,-83.30293197631836,0.0962369441986084,0.1582217216491699,33,33.0,YOLO,1,34,2.9,19.835492212565452,0.0,"[-1, -1, -1, -2, 0, 0, 0, 0, -1, 0]"
20250721_025645_049,-5,33,33,1.5,19.8770807389154,-83.16567726135254,-83.16567726135254,0.0867388248443603,0.1017606258392334,33,33.0,YOLO,1,34,2.9,19.8770807389154,0.0,"[-1, -1, -2, 0, 0, 0, 0, -1, 0, 0]"
20250721_025645_239,-5,33,33,1.5,19.490040534778984,-83.49720764160156,-83.49720764160156,0.088294506072998,0.1581199169158935,33,33.0,YOLO,1,34,2.9,19.490040534778984,0.0,"[-1, -2, 0, 0, 0, 0, -1, 0, 0, 0]"
20250721_025645_487,-5,33,33,1.5,19.70972064829057,-83.35377502441406,-83.35377502441406,0.0903766155242919,0.1018595695495605,33,33.0,YOLO,1,34,2.9,19.70972064829057,0.0,"[-2, 0, 0, 0, 0, -1, 0, 0, 0, 0]"
20250721_025645_681,-5,33,33,1.5,19.572479032361272,-83.54383354187011,-83.54383354187011,0.0973463058471679,0.15822434425354,33,33.0,YOLO,1,34,2.9,19.572479032361272,0.0,"[0, 0, 0, 0, -1, 0, 0, 0, 0, 0]"
20250721_025645_938,-5,33,33,1.5,19.56416090931728,-83.46305236816406,-83.46305236816406,0.0935606956481933,0.1017580032348632,33,33.0,YOLO,1,34,2.9,19.56416090931728,0.0,"[0, 0, 0, -1, 0, 0, 0, 0, 0, 0]"
20250721_025646_135,-4,33,33,1.5,18.82670861674403,-84.10259246826172,-84.10259246826172,0.0915188789367675,0.158177375793457,33,33.0,YOLO,1,34,2.9,18.82670861674403,0.0,"[0, 0, -1, 0, 0, 0, 0, 0, 0, 0]"
20250721_025646_386,-4,33,33,1.5,18.72033742732509,-84.21375160217285,-84.21375160217285,0.0918707847595214,0.2671380043029785,33,33.0,OffsetCorrected,2,33,1.5,18.862232408011597,0.0,"[0, -1, 0, 0, 0, 0, 0, 0, 0, 0]"
20250721_025646_747,-4,33,33,1.5,18.75617553823473,-83.01056671142578,-83.01056671142578,0.0927629470825195,0.5292377471923828,33,32.0,NeighborSearch,2,33,1.5,20.090544030587463,-1.0,"[-1, 0, 0, 0, 0, 0, 0, 0, 0, -1]"
20250721_025647_370,-4,33,33,1.5,20.16501595668514,-82.98214721679688,-82.98214721679688,0.0888032913208007,0.1017580032348632,33,33.0,YOLO,1,33,1.5,20.16501595668514,0.0,"[0, 0, 0, 0, 0, 0, 0, 0, -1, 0]"
20250721_025647_562,-4,32,32,0.0,19.82437807285919,-83.20001182556152,-83.20001182556152,0.087698221206665,0.1581227779388427,32,32.0,YOLO,1,33,1.5,19.82437807285919,0.0,"[0, 0, 0, 0, 0, 0, 0, -1, 0, 0]"
20250721_025647_809,-4,33,33,1.5,19.720816745678988,-83.35377502441406,-83.35377502441406,0.0919196605682373,0.1018497943878173,33,33.0,YOLO,1,33,1.5,19.720816745678988,0.0,"[0, 0, 0, 0, 0, 0, -1, 0, 0, 0]"
20250721_025648_004,-3,33,33,1.5,18.046673896949017,-84.25452423095703,-84.25452423095703,0.0943861007690429,0.521439790725708,33,32.0,NeighborSearch,2,33,1.5,18.950135920460426,-1.0,"[0, 0, 0, 0, 0, -1, 0, 0, 0, -1]"
20250721_025648_622,-3,32,32,0.0,18.90958437090165,-84.12518501281738,-84.12518501281738,0.0831999778747558,0.1581780910491943,32,32.0,YOLO,1,33,1.5,18.90958437090165,0.0,"[0, 0, 0, 0, -1, 0, 0, 0, -1, 0]"
20250721_025648_865,-3,32,32,0.0,18.690831642364916,-83.68580627441406,-83.68580627441406,0.0853216648101806,0.267096996307373,32,32.0,OffsetCorrected,2,32,0.0,19.42356731053889,0.0,"[0, 0, 0, -1, 0, 0, 0, -1, 0, 0]"
20250721_025649_219,-3,32,32,0.0,19.357488833237284,-83.5916519165039,-83.5916519165039,0.1168947219848632,0.1018531322479248,32,32.0,YOLO,1,32,0.0,19.357488833237284,0.0,"[0, 0, -1, 0, 0, 0, -1, 0, 0, 0]"
20250721_025649_439,-3,32,32,0.0,19.196740985635586,-83.91772537231445,-83.91772537231445,0.0889873504638671,0.1581747531890869,32,32.0,YOLO,1,32,0.0,19.196740985635586,0.0,"[0, -1, 0, 0, 0, -1, 0, 0, 0, 0]"
20250721_025649_687,-3,32,32,0.0,19.12598211780154,-84.03244018554688,-84.03244018554688,0.0903041362762451,0.1017992496490478,32,32.0,YOLO,1,32,0.0,19.12598211780154,0.0,"[-1, 0, 0, 0, -1, 0, 0, 0, 0, 0]"
20250721_025649_881,-3,32,32,0.0,19.658546305117422,-83.42624435424804,-83.42624435424804,0.096142292022705,0.1582453250885009,32,32.0,YOLO,1,32,0.0,19.658546305117422,0.0,"[0, 0, 0, -1, 0, 0, 0, 0, 0, 0]"
20250721_025650_137,-2,32,32,0.0,19.614282961318025,-83.51433143615722,-83.51433143615722,0.0919470787048339,0.1018109321594238,32,32.0,YOLO,1,32,0.0,19.614282961318025,0.0,"[0, 0, -1, 0, 0, 0, 0, 0, 0, 0]"
20250721_025650_332,-2,31,31,-1.5,19.28180643808402,-83.6190975189209,-83.6190975189209,0.0910530090332031,0.1582007408142089,31,31.0,YOLO,1,32,0.0,19.28180643808402,0.0,"[0, -1, 0, 0, 0, 0, 0, 0, 0, 0]"
20250721_025650_583,-2,31,31,-1.5,19.611089191472544,-83.64070587158203,-83.64070587158203,0.0823931694030761,0.1017041206359863,31,31.0,YOLO,1,32,0.0,19.611089191472544,0.0,"[-1, 0, 0, 0, 0, 0, 0, 0, 0, 0]"
20250721_025650_768,-2,31,31,-1.5,19.515031652761635,-83.51512985229492,-83.51512985229492,0.087287425994873,0.1581249237060547,31,31.0,YOLO,1,32,0.0,19.515031652761635,0.0,"[0, 0, 0, 0, 0, 0, 0, 0, 0, 0]"
20250721_025651_015,-2,31,31,-1.5,19.447554572383368,-83.59386253356934,-83.59386253356934,0.0790178775787353,0.1017737388610839,31,31.0,YOLO,1,32,0.0,19.447554572383368,0.0,"[0, 0, 0, 0, 0, 0, 0, 0, 0, 0]"
20250721_025651_198,-2,31,31,-1.5,19.42257295312621,-83.63800315856933,-83.63800315856933,0.0922574996948242,0.1581695079803466,31,31.0,YOLO,1,32,0.0,19.42257295312621,0.0,"[0, 0, 0, 0, 0, 0, 0, 0, 0, 0]"
20250721_025651_449,-2,31,31,-1.5,19.478377122800268,-83.63847351074219,-83.63847351074219,0.0868616104125976,0.1017258167266845,31,31.0,YOLO,1,32,0.0,19.478377122800268,0.0,"[0, 0, 0, 0, 0, 0, 0, 0, 0, 0]"
20250721_025651_639,-2,31,31,-1.5,19.43215469092911,-83.626021194458,-83.626021194458,0.0908296108245849,0.1581869125366211,31,31.0,YOLO,1,32,0.0,19.43215469092911,0.0,"[0, 0, 0, 0, 0, 0, 0, 0, 0, 0]"
20250721_025651_890,-2,31,31,-1.5,19.70095250421689,-83.42624435424804,-83.42624435424804,0.0873630046844482,0.1017422676086425,31,31.0,YOLO,1,32,0.0,19.70095250421689,0.0,"[0, 0, 0, 0, 0, 0, 0, 0, 0, 0]"
20250721_025652_080,-1,31,31,-1.5,18.82473913411971,-84.29512901306153,-84.29512901306153,0.0886192321777343,0.1581826210021972,31,31.0,YOLO,1,32,0.0,18.82473913411971,0.0,"[0, 0, 0, 0, 0, 0, 0, 0, 0, 0]"
20250721_025652_329,-1,31,31,-1.5,18.606226713913586,-84.1018081665039,-84.1018081665039,0.090400218963623,0.2679154872894287,31,31.0,OffsetCorrected,2,31,-1.5,19.10040535762204,0.0,"[0, 0, 0, 0, 0, 0, 0, 0, 0, 0]"
20250721_025652_689,-1,31,31,-1.5,18.85673230974662,-84.15888786315918,-84.15888786315918,0.0833723545074462,0.1018764972686767,31,31.0,YOLO,1,31,-1.5,18.85673230974662,0.0,"[0, 0, 0, 0, 0, 0, 0, 0, 0, 0]"
20250721_025652_875,-1,31,31,-1.5,18.76652425362208,-82.68682861328125,-82.68682861328125,0.0865967273712158,0.5213503837585449,31,30.0,NeighborSearch,2,31,-1.5,20.36109250830985,-1.0,"[0, 0, 0, 0, 0, 0, 0, 0, 0, -1]"
20250721_025653_485,-1,31,31,-1.5,18.57644796043957,-82.88498458862304,-82.88498458862304,0.0949139595031738,0.5214169025421143,31,30.0,NeighborSearch,2,31,-1.5,20.178681173529423,-1.0,"[0, 0, 0, 0, 0, 0, 0, 0, -1, -1]"
20250721_025654_102,0,31,31,-1.5,16.98410548962343,-83.29432907104493,-83.29432907104493,0.0878517627716064,0.5214762687683105,31,30.0,NeighborSearch,2,31,-1.5,19.673626582776564,-1.0,"[0, 0, 0, 0, 0, 0, 0, -1, -1, -1]"
20250721_025654_713,0,30,30,-2.9,19.684210973414324,-83.48037910461426,-83.48037910461426,0.0919845104217529,0.158116340637207,30,30.0,YOLO,1,31,-1.5,19.684210973414324,0.0,"[0, 0, 0, 0, 0, 0, -1, -1, -1, 0]"
20250721_025654_965,0,30,30,-2.9,19.509027416615552,-83.63847351074219,-83.63847351074219,0.0945215225219726,0.1018364429473877,30,30.0,YOLO,1,31,-1.5,19.509027416615552,0.0,"[0, 0, 0, 0, 0, -1, -1, -1, 0, 0]"
20250721_025655_163,0,30,30,-2.9,19.74252635354945,-83.34750862121582,-83.34750862121582,0.0958857536315918,0.1580781936645507,30,30.0,YOLO,1,31,-1.5,19.74252635354945,0.0,"[0, 0, 0, 0, -1, -1, -1, 0, 0, 0]"
20250721_025655_418,0,30,30,-2.9,19.654141264962107,-83.50782279968261,-83.50782279968261,0.0897793769836425,0.1017742156982421,30,30.0,YOLO,1,31,-1.5,19.654141264962107,0.0,"[0, 0, 0, -1, -1, -1, 0, 0, 0, 0]"
20250721_025655_611,0,30,30,-2.9,19.725928933658125,-83.32039413452148,-83.32039413452148,0.0967073440551757,0.158233642578125,30,30.0,YOLO,1,31,-1.5,19.725928933658125,0.0,"[0, 0, -1, -1, -1, 0, 0, 0, 0, 0]"
20250721_025655_867,0,30,30,-2.9,19.703698179436472,-83.29432907104493,-83.29432907104493,0.0890686511993408,0.1017704010009765,30,30.0,YOLO,1,31,-1.5,19.703698179436472,0.0,"[0, -1, -1, -1, 0, 0, 0, 0, 0, 0]"
20250721_025656_060,1,30,30,-2.9,18.520096428029035,-83.2946548461914,-83.2946548461914,0.0888502597808837,0.5214519500732422,30,29.0,NeighborSearch,2,30,-2.9,19.69361632582925,-1.0,"[-1, -1, -1, 0, 0, 0, 0, 0, 0, -1]"
20250721_025656_671,1,29,29,-4.4,19.899604271178944,-83.10945892333984,-83.10945892333984,0.0940170288085937,0.1582038402557373,29,29.0,YOLO,1,30,-2.9,19.899604271178944,0.0,"[-1, -1, 0, 0, 0, 0, 0, 0, -1, 0]"
20250721_025656_925,1,29,29,-4.4,20.043769995063485,-83.17921218872071,-83.17921218872071,0.0830519199371337,0.1016631126403808,29,29.0,YOLO,1,30,-2.9,20.043769995063485,0.0,"[-1, 0, 0, 0, 0, 0, 0, -1, 0, 0]"
20250721_025657_111,1,29,29,-4.4,19.450846524531627,-83.54532623291016,-83.54532623291016,0.0919079780578613,0.1581556797027588,29,29.0,YOLO,1,30,-2.9,19.450846524531627,0.0,"[0, 0, 0, 0, 0, 0, -1, 0, 0, 0]"
20250721_025657_363,1,29,29,-4.4,19.63100846237617,-83.45639038085938,-83.45639038085938,0.0842463970184326,0.1017727851867675,29,29.0,YOLO,1,30,-2.9,19.63100846237617,0.0,"[0, 0, 0, 0, 0, -1, 0, 0, 0, 0]"
20250721_025657_550,1,29,29,-4.4,19.95554309797879,-83.18026580810547,-83.18026580810547,0.0980360507965087,0.1582703590393066,29,29.0,YOLO,1,30,-2.9,19.95554309797879,0.0,"[0, 0, 0, 0, -1, 0, 0, 0, 0, 0]"
20250721_025657_808,1,29,29,-4.4,19.94656966375554,-83.20001182556152,-83.20001182556152,0.0884270668029785,0.1021170616149902,29,29.0,YOLO,1,30,-2.9,19.94656966375554,0.0,"[0, 0, 0, -1, 0, 0, 0, 0, 0, 0]"
20250721_025658_000,2,29,29,-4.4,18.61176248633116,-83.2337631225586,-83.2337631225586,0.0941808223724365,0.5221595764160156,29,28.0,NeighborSearch,2,29,-4.4,19.61248646264228,-1.0,"[0, 0, -1, 0, 0, 0, 0, 0, 0, -1]"
20250721_025658_618,2,28,28,-5.8,19.866741221454035,-83.11499328613282,-83.11499328613282,0.0916645526885986,0.1582617759704589,28,28.0,YOLO,1,29,-4.4,19.866741221454035,0.0,"[0, -1, 0, 0, 0, 0, 0, 0, -1, 0]"
20250721_025658_870,2,28,28,-5.8,19.88195413112217,-83.275679397583,-83.275679397583,0.0907092094421386,0.1018555164337158,28,28.0,YOLO,1,29,-4.4,19.88195413112217,0.0,"[-1, 0, 0, 0, 0, 0, 0, -1, 0, 0]"
20250721_025659_064,2,28,28,-5.8,20.090340621730405,-82.87935295104981,-82.87935295104981,0.0919201374053955,0.1580209732055664,28,28.0,YOLO,1,29,-4.4,20.090340621730405,0.0,"[0, 0, 0, 0, 0, 0, -1, 0, 0, 0]"
20250721_025659_315,2,28,28,-5.8,20.066582689108145,-83.18058280944824,-83.18058280944824,0.0890774726867675,0.1017651557922363,28,28.0,YOLO,1,29,-4.4,20.066582689108145,0.0,"[0, 0, 0, 0, 0, -1, 0, 0, 0, 0]"
20250721_025659_507,2,28,28,-5.8,19.98121372633011,-83.04913787841797,-83.04913787841797,0.1027417182922363,0.1584818363189697,28,28.0,YOLO,1,29,-4.4,19.98121372633011,0.0,"[0, 0, 0, 0, -1, 0, 0, 0, 0, 0]"
20250721_025659_770,2,28,28,-5.8,20.076950310132816,-82.96800231933594,-82.96800231933594,0.090815782546997,0.1017818450927734,28,28.0,YOLO,1,29,-4.4,20.076950310132816,0.0,"[0, 0, 0, -1, 0, 0, 0, 0, 0, 0]"
20250721_025659_964,3,28,28,-5.8,19.94703035583524,-83.18026580810547,-83.18026580810547,0.0926504135131836,0.1581568717956543,28,28.0,YOLO,1,29,-4.4,19.94703035583524,0.0,"[0, 0, -1, 0, 0, 0, 0, 0, 0, 0]"
20250721_025700_216,3,28,28,-5.8,19.245295729089705,-83.89007568359375,-83.89007568359375,0.0885980129241943,0.1017646789550781,28,28.0,YOLO,1,29,-4.4,19.245295729089705,0.0,"[0, -1, 0, 0, 0, 0, 0, 0, 0, 0]"
20250721_025700_408,3,28,28,-5.8,19.002586406199427,-84.1437831878662,-84.1437831878662,0.0940761566162109,0.158212661743164,28,28.0,YOLO,1,29,-4.4,19.002586406199427,0.0,"[-1, 0, 0, 0, 0, 0, 0, 0, 0, 0]"
20250721_025700_662,3,28,28,-5.8,19.08936889158157,-84.01187133789062,-84.01187133789062,0.0856189727783203,0.1018171310424804,28,28.0,YOLO,1,29,-4.4,19.08936889158157,0.0,"[0, 0, 0, 0, 0, 0, 0, 0, 0, 0]"
20250721_025700_851,3,28,28,-5.8,18.82178688362532,-84.24451179504395,-84.24451179504395,0.0929250717163086,0.1582169532775879,28,28.0,YOLO,1,29,-4.4,18.82178688362532,0.0,"[0, 0, 0, 0, 0, 0, 0, 0, 0, 0]"
20250721_025701_103,3,28,28,-5.8,18.844847657514123,-84.27274360656739,-84.27274360656739,0.0883340835571289,0.1017985343933105,28,28.0,YOLO,1,29,-4.4,18.844847657514123,0.0,"[0, 0, 0, 0, 0, 0, 0, 0, 0, 0]"
20250721_025701_295,3,28,28,-5.8,18.756005379679408,-83.88284835815429,-83.88284835815429,0.0937974452972412,0.4200601577758789,28,28.0,NeighborSearch,1,28,-5.8,19.1669444882951,0.0,"[0, 0, 0, 0, 0, 0, 0, 0, 0, 0]"
20250721_025701_810,3,28,28,-5.8,19.20051318489351,-83.93949546813965,-83.93949546813965,0.0939083099365234,0.1018273830413818,28,28.0,YOLO,1,28,-5.8,19.20051318489351,0.0,"[0, 0, 0, 0, 0, 0, 0, 0, 0, 0]"
20250721_025702_007,4,28,28,-5.8,18.411238352788573,-83.62672424316406,-83.62672424316406,0.0902051925659179,0.5215139389038086,28,27.0,NeighborSearch,2,28,-5.8,19.448510708586326,-1.0,"[0, 0, 0, 0, 0, 0, 0, 0, 0, -1]"
20250721_025702_621,4,27,27,-7.3,19.4708401211484,-83.5628734588623,-83.5628734588623,0.0866174697875976,0.158048391342163,27,27.0,YOLO,1,28,-5.8,19.4708401211484,0.0,"[0, 0, 0, 0, 0, 0, 0, 0, -1, 0]"
20250721_025702_867,4,27,27,-7.3,19.52224564514701,-83.56321907043457,-83.56321907043457,0.0944528579711914,0.1018548011779785,27,27.0,YOLO,1,28,-5.8,19.52224564514701,0.0,"[0, 0, 0, 0, 0, 0, 0, -1, 0, 0]"
20250721_025703_065,4,27,27,-7.3,19.260766773870102,-83.91283111572265,-83.91283111572265,0.0979115962982177,0.1582434177398681,27,27.0,YOLO,1,28,-5.8,19.260766773870102,0.0,"[0, 0, 0, 0, 0, 0, -1, 0, 0, 0]"
20250721_025703_322,4,27,27,-7.3,19.409170708519294,-83.6858139038086,-83.6858139038086,0.0911033153533935,0.1018378734588623,27,27.0,YOLO,1,28,-5.8,19.409170708519294,0.0,"[0, 0, 0, 0, 0, -1, 0, 0, 0, 0]"
20250721_025703_517,4,27,27,-7.3,19.332239727719184,-83.73330497741699,-83.73330497741699,0.0883505344390869,0.1581981182098388,27,27.0,YOLO,1,28,-5.8,19.332239727719184,0.0,"[0, 0, 0, 0, -1, 0, 0, 0, 0, 0]"
20250721_025703_765,4,27,27,-7.3,19.435054543785512,-83.49516677856445,-83.49516677856445,0.0834772586822509,0.1017231941223144,27,27.0,YOLO,1,28,-5.8,19.435054543785512,0.0,"[0, 0, 0, -1, 0, 0, 0, 0, 0, 0]"
20250721_025703_951,5,27,27,-7.3,19.525360808008884,-83.59060630798339,-83.59060630798339,0.0844643115997314,0.1580893993377685,27,27.0,YOLO,1,28,-5.8,19.525360808008884,0.0,"[0, 0, -1, 0, 0, 0, 0, 0, 0, 0]"
20250721_025704_195,5,27,27,-7.3,18.44136207696441,-83.21471405029297,-83.21471405029297,0.0921993255615234,0.528834342956543,27,26.0,NeighborSearch,2,27,-7.3,19.814364540136765,-1.0,"[0, -1, 0, 0, 0, 0, 0, 0, 0, -1]"
20250721_025704_818,5,26,26,-8.7,19.865372110645808,-83.1915054321289,-83.1915054321289,0.0891807079315185,0.1018128395080566,26,26.0,YOLO,1,27,-7.3,19.865372110645808,0.0,"[-1, 0, 0, 0, 0, 0, 0, 0, -1, 0]"
20250721_025705_010,5,26,26,-8.7,19.44909084841544,-83.59083824157715,-83.59083824157715,0.0897643566131591,0.1581614017486572,26,26.0,YOLO,1,27,-7.3,19.44909084841544,0.0,"[0, 0, 0, 0, 0, 0, 0, -1, 0, 0]"
20250721_025705_259,5,26,26,-8.7,19.449577238317676,-83.73330497741699,-83.73330497741699,0.0876519680023193,0.1019020080566406,26,26.0,YOLO,1,27,-7.3,19.449577238317676,0.0,"[0, 0, 0, 0, 0, 0, -1, 0, 0, 0]"
20250721_025705_450,5,26,26,-8.7,19.61149977998683,-83.54532623291016,-83.54532623291016,0.0981948375701904,0.1582698822021484,26,26.0,YOLO,1,27,-7.3,19.61149977998683,0.0,"[0, 0, 0, 0, 0, -1, 0, 0, 0, 0]"
20250721_025705_708,5,27,27,-7.3,19.54650265420236,-83.44287109375,-83.44287109375,0.0850412845611572,0.1017360687255859,27,27.0,YOLO,1,27,-7.3,19.54650265420236,0.0,"[0, 0, 0, 0, -1, 0, 0, 0, 0, 0]"
20250721_025705_897,6,27,27,-7.3,17.759772290532382,-83.28813934326172,-83.28813934326172,0.0924525260925293,0.7828249931335449,27,25.0,NeighborSearch,4,27,-7.3,19.684764840218197,-2.0,"[0, 0, 0, -1, 0, 0, 0, 0, 0, -2]"
20250721_025706_773,6,26,26,-8.7,18.43888078678613,-83.31995811462403,-83.31995811462403,0.0920255184173584,0.5213162899017334,26,25.0,NeighborSearch,2,26,-8.7,19.7734319731279,-1.0,"[0, 0, -1, 0, 0, 0, 0, 0, -2, -1]"
20250721_025707_388,6,26,26,-8.7,19.21679272459255,-83.8291561126709,-83.8291561126709,0.0886023044586181,0.1581666469573974,26,26.0,YOLO,1,26,-8.7,19.21679272459255,0.0,"[0, -1, 0, 0, 0, 0, 0, -2, -1, 0]"
20250721_025707_636,6,26,26,-8.7,18.917414667287133,-84.1575538635254,-84.1575538635254,0.1034340858459472,0.1017177104949951,26,26.0,YOLO,1,26,-8.7,18.917414667287133,0.0,"[-1, 0, 0, 0, 0, 0, -2, -1, 0, 0]"
20250721_025707_843,6,26,26,-8.7,19.116442181386446,-84.01918449401856,-84.01918449401856,0.0990314483642578,0.1581876277923584,26,26.0,YOLO,1,26,-8.7,19.116442181386446,0.0,"[0, 0, 0, 0, 0, -2, -1, 0, 0, 0]"
20250721_025708_102,7,26,26,-8.7,18.88759112477601,-84.12518501281738,-84.12518501281738,0.0866191387176513,0.1017768383026123,26,26.0,YOLO,1,26,-8.7,18.88759112477601,0.0,"[0, 0, 0, 0, -2, -1, 0, 0, 0, 0]"
20250721_025708_291,7,25,25,-10.2,19.29163388832345,-83.82115936279297,-83.82115936279297,0.0880515575408935,0.1581225395202636,25,25.0,YOLO,1,26,-8.7,19.29163388832345,0.0,"[0, 0, 0, -2, -1, 0, 0, 0, 0, 0]"
20250721_025708_539,7,25,25,-10.2,19.433100214466748,-83.79412078857422,-83.79412078857422,0.0896415710449218,0.101757526397705,25,25.0,YOLO,1,26,-8.7,19.433100214466748,0.0,"[0, 0, -2, -1, 0, 0, 0, 0, 0, 0]"
20250721_025708_732,7,25,25,-10.2,19.329456711450405,-83.83837890625,-83.83837890625,0.0868606567382812,0.1582024097442627,25,25.0,YOLO,1,26,-8.7,19.329456711450405,0.0,"[0, -2, -1, 0, 0, 0, 0, 0, 0, 0]"
20250721_025708_978,7,25,25,-10.2,19.11304867978312,-83.96836395263672,-83.96836395263672,0.090914249420166,0.1017701625823974,25,25.0,YOLO,1,26,-8.7,19.11304867978312,0.0,"[-2, -1, 0, 0, 0, 0, 0, 0, 0, 0]"
20250721_025709_172,7,25,25,-10.2,18.965223009557064,-84.03978958129883,-84.03978958129883,0.0939371585845947,0.1581287384033203,25,25.0,YOLO,1,26,-8.7,18.965223009557064,0.0,"[-1, 0, 0, 0, 0, 0, 0, 0, 0, 0]"
20250721_025709_426,7,25,25,-10.2,19.12363829298961,-84.0816879272461,-84.0816879272461,0.0914506912231445,0.1017792224884033,25,25.0,YOLO,1,26,-8.7,19.12363829298961,0.0,"[0, 0, 0, 0, 0, 0, 0, 0, 0, 0]"
20250721_025709_621,7,25,25,-10.2,18.88602999763856,-84.08429718017578,-84.08429718017578,0.0939385890960693,0.1581451892852783,25,25.0,YOLO,1,26,-8.7,18.88602999763856,0.0,"[0, 0, 0, 0, 0, 0, 0, 0, 0, 0]"
20250721_025709_874,7,25,25,-10.2,19.010608395128244,-84.00252265930176,-84.00252265930176,0.0869386196136474,0.1017510890960693,25,25.0,YOLO,1,26,-8.7,19.010608395128244,0.0,"[0, 0, 0, 0, 0, 0, 0, 0, 0, 0]"
20250721_025710_064,8,25,25,-10.2,18.35073729604325,-83.99394989013672,-83.99394989013672,0.0966541767120361,0.5216555595397949,25,24.0,NeighborSearch,2,25,-10.2,19.10078337576301,-1.0,"[0, 0, 0, 0, 0, 0, 0, 0, 0, -1]"
20250721_025710_684,8,24,24,-11.6,18.99279813019615,-84.0738754272461,-84.0738754272461,0.09128999710083,0.1580920219421386,24,24.0,YOLO,1,25,-10.2,18.99279813019615,0.0,"[0, 0, 0, 0, 0, 0, 0, 0, -1, 0]"
20250721_025710_935,8,24,24,-11.6,19.19469093726913,-83.95832824707031,-83.95832824707031,0.0864641666412353,0.1017489433288574,24,24.0,YOLO,1,25,-10.2,19.19469093726913,0.0,"[0, 0, 0, 0, 0, 0, 0, -1, 0, 0]"
20250721_025711_124,8,25,25,-10.2,18.568025501654034,-84.25181579589844,-84.25181579589844,0.0900797843933105,0.4198100566864013,25,25.0,NeighborSearch,1,25,-10.2,18.78774057464372,0.0,"[0, 0, 0, 0, 0, 0, -1, 0, 0, 0]"
20250721_025711_636,8,25,25,-10.2,18.808559415066057,-84.24451179504395,-84.24451179504395,0.0842492580413818,0.101738691329956,25,25.0,YOLO,1,25,-10.2,18.808559415066057,0.0,"[0, 0, 0, 0, 0, -1, 0, 0, 0, 0]"
20250721_025711_823,9,25,25,-10.2,18.72898925248407,-83.12961692810059,-83.12961692810059,0.0924220085144043,0.7831182479858398,25,23.0,NeighborSearch,4,25,-10.2,19.863225697828085,-2.0,"[0, 0, 0, 0, -1, 0, 0, 0, 0, -2]"
20250721_025712_700,9,24,24,-11.6,17.906267629641945,-83.34585113525391,-83.34585113525391,0.088968276977539,0.5214650630950928,24,23.0,NeighborSearch,2,24,-11.6,19.71884348902374,-1.0,"[0, 0, 0, -1, 0, 0, 0, 0, -2, -1]"
20250721_025713_312,9,24,24,-11.6,18.52231317505094,-83.32083129882812,-83.32083129882812,0.096708059310913,0.5214712619781494,24,23.0,NeighborSearch,2,24,-11.6,19.706561381410523,-1.0,"[0, 0, -1, 0, 0, 0, 0, -2, -1, -1]"
20250721_025713_932,10,24,24,-11.6,18.33994404984529,-84.23234062194824,-84.23234062194824,0.0931222438812255,0.5215170383453369,24,23.0,NeighborSearch,2,24,-11.6,18.874559286876405,-1.0,"[0, -1, 0, 0, 0, 0, -2, -1, -1, -1]"
20250721_025714_548,10,23,23,-13.1,18.46433259050805,-83.55040016174317,-83.55040016174317,0.0936810970306396,0.5214135646820068,23,22.0,NeighborSearch,2,23,-13.1,19.56834235578566,-1.0,"[-1, 0, 0, 0, 0, -2, -1, -1, -1, -1]"
20250721_025715_164,10,23,23,-13.1,18.96878053964423,-84.03141174316406,-84.03141174316406,0.0914065837860107,0.1581518650054931,23,23.0,YOLO,1,23,-13.1,18.96878053964423,0.0,"[0, 0, 0, 0, -2, -1, -1, -1, -1, 0]"
20250721_025715_415,10,23,23,-13.1,19.11433962223495,-84.00161743164062,-84.00161743164062,0.0842444896697998,0.1017279624938964,23,23.0,YOLO,1,23,-13.1,19.11433962223495,0.0,"[0, 0, 0, -2, -1, -1, -1, -1, 0, 0]"
20250721_025715_603,10,23,23,-13.1,19.214667819875785,-83.87799835205078,-83.87799835205078,0.0910220146179199,0.1581766605377197,23,23.0,YOLO,1,23,-13.1,19.214667819875785,0.0,"[0, 0, -2, -1, -1, -1, -1, 0, 0, 0]"
20250721_025715_853,10,23,23,-13.1,19.25913448594449,-83.74318084716796,-83.74318084716796,0.0932631492614746,0.1016602516174316,23,23.0,YOLO,1,23,-13.1,19.25913448594449,0.0,"[0, -2, -1, -1, -1, -1, 0, 0, 0, 0]"
20250721_025716_050,11,22,22,-14.5,19.243372598063075,-83.86049461364746,-83.86049461364746,0.09368896484375,0.158144474029541,22,22.0,YOLO,1,23,-13.1,19.243372598063075,0.0,"[-2, -1, -1, -1, -1, 0, 0, 0, 0, 0]"
20250721_025716_303,11,22,22,-14.5,19.198935588938923,-83.83050193786622,-83.83050193786622,0.0898544788360595,0.101872444152832,22,22.0,YOLO,1,23,-13.1,19.198935588938923,0.0,"[-1, -1, -1, -1, 0, 0, 0, 0, 0, 0]"
20250721_025716_496,11,22,22,-14.5,18.964760669901864,-84.01828842163086,-84.01828842163086,0.0889961719512939,0.1581180095672607,22,22.0,YOLO,1,23,-13.1,18.964760669901864,0.0,"[-1, -1, -1, 0, 0, 0, 0, 0, 0, 0]"
20250721_025716_745,11,22,22,-14.5,19.09894251671041,-83.89994430541992,-83.89994430541992,0.0906884670257568,0.1017341613769531,22,22.0,YOLO,1,23,-13.1,19.09894251671041,0.0,"[-1, -1, 0, 0, 0, 0, 0, 0, 0, 0]"
20250721_025716_939,11,22,22,-14.5,18.813512431862364,-84.25724029541016,-84.25724029541016,0.0939748287200927,0.1582217216491699,22,22.0,YOLO,1,23,-13.1,18.813512431862364,0.0,"[-1, 0, 0, 0, 0, 0, 0, 0, 0, 0]"
20250721_025717_192,11,22,22,-14.5,19.069795826588603,-84.03978958129883,-84.03978958129883,0.0832338333129882,0.1017391681671142,22,22.0,YOLO,1,23,-13.1,19.069795826588603,0.0,"[0, 0, 0, 0, 0, 0, 0, 0, 0, 0]"
20250721_025717_379,11,22,22,-14.5,18.7630068905508,-84.12623596191406,-84.12623596191406,0.0920946598052978,0.2599797248840332,22,22.0,OffsetCorrected,2,22,-14.5,18.966516712499512,0.0,"[0, 0, 0, 0, 0, 0, 0, 0, 0, 0]"
20250721_025717_732,11,22,22,-14.5,19.09229570791801,-84.04017639160156,-84.04017639160156,0.086174726486206,0.1582515239715576,22,22.0,YOLO,1,22,-14.5,19.09229570791801,0.0,"[0, 0, 0, 0, 0, 0, 0, 0, 0, 0]"
20250721_025717_978,12,22,22,-14.5,19.078337856572603,-84.004052734375,-84.004052734375,0.0959415435791015,0.1018488407135009,22,22.0,YOLO,1,22,-14.5,19.078337856572603,0.0,"[0, 0, 0, 0, 0, 0, 0, 0, 0, 0]"
20250721_025718_177,12,22,22,-14.5,18.275056335177965,-83.61266326904297,-83.61266326904297,0.095750093460083,0.521564245223999,22,21.0,NeighborSearch,2,22,-14.5,19.50443624086945,-1.0,"[0, 0, 0, 0, 0, 0, 0, 0, 0, -1]"
20250721_025718_796,12,21,21,-16.0,19.90280883950805,-83.25127296447754,-83.25127296447754,0.0886042118072509,0.1582026481628418,21,21.0,YOLO,1,22,-14.5,19.90280883950805,0.0,"[0, 0, 0, 0, 0, 0, 0, 0, -1, 0]"
20250721_025719_044,12,22,22,-14.5,20.066094262858684,-83.17422828674316,-83.17422828674316,0.0872213840484619,0.1018042564392089,22,22.0,YOLO,1,22,-14.5,20.066094262858684,0.0,"[0, 0, 0, 0, 0, 0, 0, -1, 0, 0]"
20250721_025719_235,12,22,22,-14.5,18.4777363165894,-83.7130298614502,-83.7130298614502,0.0912091732025146,0.5213949680328369,22,21.0,NeighborSearch,2,22,-14.5,19.415522282906775,-1.0,"[0, 0, 0, 0, 0, 0, -1, 0, 0, -1]"
20250721_025719_849,12,22,22,-14.5,19.04074492298865,-84.07231979370117,-84.07231979370117,0.0925159454345703,0.1582658290863037,22,22.0,YOLO,1,22,-14.5,19.04074492298865,0.0,"[0, 0, 0, 0, 0, -1, 0, 0, -1, 0]"
20250721_025720_101,13,22,22,-14.5,18.962738411609266,-84.16060638427734,-84.16060638427734,0.082712173461914,0.1017122268676757,22,22.0,YOLO,1,22,-14.5,18.962738411609266,0.0,"[0, 0, 0, 0, -1, 0, 0, -1, 0, 0]"
20250721_025720_287,13,21,21,-16.0,19.326452933169108,-83.74052925109864,-83.74052925109864,0.090911865234375,0.1582193374633789,21,21.0,YOLO,1,22,-14.5,19.326452933169108,0.0,"[0, 0, 0, -1, 0, 0, -1, 0, 0, 0]"
20250721_025720_538,13,21,21,-16.0,19.2030694881292,-83.95072937011719,-83.95072937011719,0.0909287929534912,0.1018233299255371,21,21.0,YOLO,1,22,-14.5,19.2030694881292,0.0,"[0, 0, -1, 0, 0, -1, 0, 0, 0, 0]"
20250721_025720_732,13,21,21,-16.0,19.21953419468444,-83.72164916992188,-83.72164916992188,0.0889477729797363,0.1581165790557861,21,21.0,YOLO,1,22,-14.5,19.21953419468444,0.0,"[0, -1, 0, 0, -1, 0, 0, 0, 0, 0]"
20250721_025720_980,13,21,21,-16.0,19.393327904378467,-83.67868041992188,-83.67868041992188,0.0962014198303222,0.1017243862152099,21,21.0,YOLO,1,22,-14.5,19.393327904378467,0.0,"[-1, 0, 0, -1, 0, 0, 0, 0, 0, 0]"
20250721_025721_180,13,21,21,-16.0,19.56951512229517,-83.46090698242188,-83.46090698242188,0.0906496047973632,0.158132791519165,21,21.0,YOLO,1,22,-14.5,19.56951512229517,0.0,"[0, 0, -1, 0, 0, 0, 0, 0, 0, 0]"
20250721_025721_430,13,21,21,-16.0,19.670790170992305,-83.37266311645507,-83.37266311645507,0.0899379253387451,0.1017632484436035,21,21.0,YOLO,1,22,-14.5,19.670790170992305,0.0,"[0, -1, 0, 0, 0, 0, 0, 0, 0, 0]"
20250721_025721_623,13,21,21,-16.0,19.33879964228589,-83.77148323059082,-83.77148323059082,0.0894792079925537,0.1581442356109619,21,21.0,YOLO,1,22,-14.5,19.33879964228589,0.0,"[-1, 0, 0, 0, 0, 0, 0, 0, 0, 0]"
20250721_025721_872,13,21,21,-16.0,19.190246942609903,-83.91283111572265,-83.91283111572265,0.0803935527801513,0.1017649173736572,21,21.0,YOLO,1,22,-14.5,19.190246942609903,0.0,"[0, 0, 0, 0, 0, 0, 0, 0, 0, 0]"
20250721_025722_056,14,21,21,-16.0,18.06375824963669,-84.14881324768066,-84.14881324768066,0.0893387794494628,0.5216319561004639,21,20.0,NeighborSearch,2,21,-16.0,18.92554520527362,-1.0,"[0, 0, 0, 0, 0, 0, 0, 0, 0, -1]"
20250721_025722_668,14,20,20,-17.4,19.06870188320289,-84.004052734375,-84.004052734375,0.0934181213378906,0.158369779586792,20,20.0,YOLO,1,21,-16.0,19.06870188320289,0.0,"[0, 0, 0, 0, 0, 0, 0, 0, -1, 0]"
20250721_025722_921,14,20,20,-17.4,19.094292200752665,-84.01956939697266,-84.01956939697266,0.0847792625427246,0.1024372577667236,20,20.0,YOLO,1,21,-16.0,19.094292200752665,0.0,"[0, 0, 0, 0, 0, 0, 0, -1, 0, 0]"
20250721_025723_111,14,20,20,-17.4,18.588536932085404,-84.04276275634766,-84.04276275634766,0.0886735916137695,0.4216501712799072,20,20.0,NeighborSearch,1,20,-17.4,18.979937644124348,0.0,"[0, 0, 0, 0, 0, 0, -1, 0, 0, 0]"
20250721_025723_623,14,20,20,-17.4,18.954512716794483,-84.18936958312989,-84.18936958312989,0.0929677486419677,0.1026568412780761,20,20.0,YOLO,1,20,-17.4,18.954512716794483,0.0,"[0, 0, 0, 0, 0, -1, 0, 0, 0, 0]"
20250721_025723_821,14,20,20,-17.4,19.63398368528441,-83.45639038085938,-83.45639038085938,0.087099552154541,0.1584470272064209,20,20.0,YOLO,1,20,-17.4,19.63398368528441,0.0,"[0, 0, 0, 0, -1, 0, 0, 0, 0, 0]"
20250721_025724_068,15,20,20,-17.4,19.515744957365968,-83.56379699707031,-83.56379699707031,0.0957605838775634,0.1021497249603271,20,20.0,YOLO,1,20,-17.4,19.515744957365968,0.0,"[0, 0, 0, -1, 0, 0, 0, 0, 0, 0]"
20250721_025724_267,15,20,20,-17.4,18.102679199064823,-83.60716972351074,-83.60716972351074,0.0903644561767578,0.5220813751220703,20,19.0,NeighborSearch,2,20,-17.4,19.46124099141321,-1.0,"[0, 0, -1, 0, 0, 0, 0, 0, 0, -1]"
20250721_025724_881,15,20,20,-17.4,18.814147957006696,-84.17776832580566,-84.17776832580566,0.0930817127227783,0.1582329273223877,20,20.0,YOLO,1,20,-17.4,18.814147957006696,0.0,"[0, -1, 0, 0, 0, 0, 0, 0, -1, 0]"
20250721_025725_134,15,20,20,-17.4,18.47561205111566,-83.39363861083984,-83.39363861083984,0.0862865447998046,0.5306882858276367,20,19.0,NeighborSearch,2,20,-17.4,19.8480206689694,-1.0,"[-1, 0, 0, 0, 0, 0, 0, -1, 0, -1]"
20250721_025725_752,15,19,19,-18.9,19.80618845949645,-83.18058280944824,-83.18058280944824,0.0845727920532226,0.1023564338684082,19,19.0,YOLO,1,20,-17.4,19.80618845949645,0.0,"[0, 0, 0, 0, 0, 0, -1, 0, -1, 0]"
20250721_025725_942,16,19,19,-18.9,19.59868004370611,-83.34926261901856,-83.34926261901856,0.0976936817169189,0.1583354473114013,19,19.0,YOLO,1,20,-17.4,19.59868004370611,0.0,"[0, 0, 0, 0, 0, -1, 0, -1, 0, 0]"
20250721_025726_199,16,19,19,-18.9,18.889868988982343,-84.08429718017578,-84.08429718017578,0.0921483039855957,0.1019222736358642,19,19.0,YOLO,1,20,-17.4,18.889868988982343,0.0,"[0, 0, 0, 0, -1, 0, -1, 0, 0, 0]"
20250721_025726_394,16,18,18,-20.3,19.73962998018156,-83.3736644744873,-83.3736644744873,0.0926644802093505,0.1582124233245849,18,18.0,YOLO,1,20,-17.4,19.73962998018156,0.0,"[0, 0, 0, -1, 0, -1, 0, 0, 0, 0]"
20250721_025726_647,16,19,19,-18.9,19.745936286068257,-83.41942024230957,-83.41942024230957,0.0883986949920654,0.1018962860107421,19,19.0,YOLO,1,20,-17.4,19.745936286068257,0.0,"[0, 0, -1, 0, -1, 0, 0, 0, 0, 0]"
20250721_025726_839,16,19,19,-18.9,19.24901232401595,-83.771000289917,-83.771000289917,0.090247631072998,0.1581764221191406,19,19.0,YOLO,1,20,-17.4,19.24901232401595,0.0,"[0, -1, 0, -1, 0, 0, 0, 0, 0, 0]"
20250721_025727_088,16,19,19,-18.9,19.06745997042208,-84.01867179870605,-84.01867179870605,0.0887086391448974,0.1017191410064697,19,19.0,YOLO,1,20,-17.4,19.06745997042208,0.0,"[-1, 0, -1, 0, 0, 0, 0, 0, 0, 0]"
20250721_025727_280,16,19,19,-18.9,19.25225190662202,-83.72621536254883,-83.72621536254883,0.0988948345184326,0.158165693283081,19,19.0,YOLO,1,20,-17.4,19.25225190662202,0.0,"[0, -1, 0, 0, 0, 0, 0, 0, 0, 0]"
20250721_025727_539,16,19,19,-18.9,19.43585213047811,-83.63847351074219,-83.63847351074219,0.0940675735473632,0.1018905639648437,19,19.0,YOLO,1,20,-17.4,19.43585213047811,0.0,"[-1, 0, 0, 0, 0, 0, 0, 0, 0, 0]"
20250721_025727_736,16,19,19,-18.9,18.955705067517684,-84.01957664489746,-84.01957664489746,0.0947241783142089,0.1583039760589599,19,19.0,YOLO,1,20,-17.4,18.955705067517684,0.0,"[0, 0, 0, 0, 0, 0, 0, 0, 0, 0]"
20250721_025727_991,17,19,19,-18.9,18.906659186430133,-84.18990325927734,-84.18990325927734,0.0936534404754638,0.1017498970031738,19,19.0,YOLO,1,20,-17.4,18.906659186430133,0.0,"[0, 0, 0, 0, 0, 0, 0, 0, 0, 0]"
20250721_025728_188,17,19,19,-18.9,18.100087996799303,-84.0841667175293,-84.0841667175293,0.0906212329864502,0.5214924812316895,19,18.0,NeighborSearch,2,19,-18.9,18.978530456669414,-1.0,"[0, 0, 0, 0, 0, 0, 0, 0, 0, -1]"
20250721_025728_801,17,18,18,-20.3,19.233044362333985,-83.80120086669922,-83.80120086669922,0.0870182514190673,0.1582095623016357,18,18.0,YOLO,1,19,-18.9,19.233044362333985,0.0,"[0, 0, 0, 0, 0, 0, 0, 0, -1, 0]"
20250721_025729_048,17,18,18,-20.3,19.3211723653958,-83.75488815307617,-83.75488815307617,0.0846219062805175,0.1017634868621826,18,18.0,YOLO,1,19,-18.9,19.3211723653958,0.0,"[0, 0, 0, 0, 0, 0, 0, -1, 0, 0]"
20250721_025729_236,17,18,18,-20.3,19.127883754122323,-83.95022430419922,-83.95022430419922,0.0876607894897461,0.1582248210906982,18,18.0,YOLO,1,19,-18.9,19.127883754122323,0.0,"[0, 0, 0, 0, 0, 0, -1, 0, 0, 0]"
20250721_025729_483,17,18,18,-20.3,19.213516028850638,-83.88284835815429,-83.88284835815429,0.0833716392517089,0.1016991138458252,18,18.0,YOLO,1,19,-18.9,19.213516028850638,0.0,"[0, 0, 0, 0, 0, -1, 0, 0, 0, 0]"
20250721_025729_669,17,18,18,-20.3,19.203920329749806,-83.79412078857422,-83.79412078857422,0.0885381698608398,0.1581020355224609,18,18.0,YOLO,1,19,-18.9,19.203920329749806,0.0,"[0, 0, 0, 0, -1, 0, 0, 0, 0, 0]"
20250721_025729_917,17,18,18,-20.3,19.110039161865203,-83.8803611755371,-83.8803611755371,0.0872867107391357,0.1018099784851074,18,18.0,YOLO,1,19,-18.9,19.110039161865203,0.0,"[0, 0, 0, -1, 0, 0, 0, 0, 0, 0]"
20250721_025730_108,18,18,18,-20.3,18.284099043847306,-83.82349319458008,-83.82349319458008,0.0990839004516601,0.5217416286468506,18,17.0,NeighborSearch,2,18,-20.3,19.203489704208607,-1.0,"[0, 0, -1, 0, 0, 0, 0, 0, 0, -1]"
20250721_025730_730,18,17,17,-21.8,19.510507549200724,-83.41986618041992,-83.41986618041992,0.0964515209197998,0.1581547260284423,17,17.0,YOLO,1,18,-20.3,19.510507549200724,0.0,"[0, -1, 0, 0, 0, 0, 0, 0, -1, 0]"
20250721_025730_986,18,17,17,-21.8,19.45778977779301,-83.5628734588623,-83.5628734588623,0.0906794071197509,0.1019127368927002,17,17.0,YOLO,1,18,-20.3,19.45778977779301,0.0,"[-1, 0, 0, 0, 0, 0, 0, -1, 0, 0]"
20250721_025731_181,18,17,17,-21.8,19.41534040833031,-83.62672424316406,-83.62672424316406,0.0936040878295898,0.1583015918731689,17,17.0,YOLO,1,18,-20.3,19.41534040833031,0.0,"[0, 0, 0, 0, 0, 0, -1, 0, 0, 0]"
20250721_025731_434,18,17,17,-21.8,19.411172078096143,-83.54532623291016,-83.54532623291016,0.0887079238891601,0.1018028259277343,17,17.0,YOLO,1,18,-20.3,19.411172078096143,0.0,"[0, 0, 0, 0, 0, -1, 0, 0, 0, 0]"
20250721_025731_626,18,17,17,-21.8,19.687889385102324,-83.44737243652344,-83.44737243652344,0.0903286933898925,0.1581902503967285,17,17.0,YOLO,1,18,-20.3,19.687889385102324,0.0,"[0, 0, 0, 0, -1, 0, 0, 0, 0, 0]"
20250721_025731_876,18,17,17,-21.8,19.548254924615904,-83.45593948364258,-83.45593948364258,0.0833899974822998,0.1018774509429931,17,17.0,YOLO,1,18,-20.3,19.548254924615904,0.0,"[0, 0, 0, -1, 0, 0, 0, 0, 0, 0]"
20250721_025732_063,19,17,17,-21.8,18.52694817093437,-83.24438972473145,-83.24438972473145,0.0963137149810791,0.5214293003082275,17,16.0,NeighborSearch,2,17,-21.8,19.84556325844565,-1.0,"[0, 0, -1, 0, 0, 0, 0, 0, 0, -1]"
20250721_025732_682,19,16,16,-23.2,20.18594001241172,-82.85373039245606,-82.85373039245606,0.0937442779541015,0.1582214832305908,16,16.0,YOLO,1,17,-21.8,20.18594001241172,0.0,"[0, -1, 0, 0, 0, 0, 0, 0, -1, 0]"
20250721_025732_935,19,17,17,-21.8,20.149221572596133,-82.96679496765137,-82.96679496765137,0.0849606990814209,0.1018784046173095,17,17.0,YOLO,1,17,-21.8,20.149221572596133,0.0,"[-1, 0, 0, 0, 0, 0, 0, -1, 0, 0]"
20250721_025733_124,19,17,17,-21.8,19.088914866232145,-83.95022430419922,-83.95022430419922,0.0924901962280273,0.1581430435180664,17,17.0,YOLO,1,17,-21.8,19.088914866232145,0.0,"[0, 0, 0, 0, 0, 0, -1, 0, 0, 0]"
20250721_025733_376,19,17,17,-21.8,18.956692224197383,-84.0816879272461,-84.0816879272461,0.0898633003234863,0.1017622947692871,17,17.0,YOLO,1,17,-21.8,18.956692224197383,0.0,"[0, 0, 0, 0, 0, -1, 0, 0, 0, 0]"
20250721_025733_569,19,17,17,-21.8,18.966875412791623,-84.01957664489746,-84.01957664489746,0.0931839942932128,0.1581754684448242,17,17.0,YOLO,1,17,-21.8,18.966875412791623,0.0,"[0, 0, 0, 0, -1, 0, 0, 0, 0, 0]"
20250721_025733_821,19,17,17,-21.8,18.92855988070218,-84.1500015258789,-84.1500015258789,0.0884089469909668,0.1017887592315673,17,17.0,YOLO,1,17,-21.8,18.92855988070218,0.0,"[0, 0, 0, -1, 0, 0, 0, 0, 0, 0]"
20250721_025734_013,20,17,17,-21.8,17.52419951378012,-83.02484893798828,-83.02484893798828,0.0863993167877197,0.7831211090087891,17,15.0,NeighborSearch,4,17,-21.8,19.97094852967379,-2.0,"[0, 0, -1, 0, 0, 0, 0, 0, 0, -2]"
20250721_025734_884,20,16,16,-23.2,19.374694258261272,-83.7377799987793,-83.7377799987793,0.0839917659759521,0.1581120491027832,16,16.0,YOLO,1,17,-21.8,19.374694258261272,0.0,"[0, -1, 0, 0, 0, 0, 0, 0, -2, 0]"
20250721_025735_128,20,16,16,-23.2,19.253181380585147,-83.88284835815429,-83.88284835815429,0.0901308059692382,0.1017632484436035,16,16.0,YOLO,1,17,-21.8,19.253181380585147,0.0,"[-1, 0, 0, 0, 0, 0, 0, -2, 0, 0]"
20250721_025735_321,20,16,16,-23.2,19.59922521544385,-83.54532623291016,-83.54532623291016,0.1092183589935302,0.1581792831420898,16,16.0,YOLO,1,17,-21.8,19.59922521544385,0.0,"[0, 0, 0, 0, 0, 0, -2, 0, 0, 0]"
20250721_025735_590,20,16,16,-23.2,19.73998959970055,-83.43611907958984,-83.43611907958984,0.091792345046997,0.1017341613769531,16,16.0,YOLO,1,17,-21.8,19.73998959970055,0.0,"[0, 0, 0, 0, 0, -2, 0, 0, 0, 0]"
20250721_025735_785,20,16,16,-23.2,19.387551975456347,-83.62672424316406,-83.62672424316406,0.0955116748809814,0.1581404209136963,16,16.0,YOLO,1,17,-21.8,19.387551975456347,0.0,"[0, 0, 0, 0, -2, 0, 0, 0, 0, 0]"
20250721_025736_040,21,16,16,-23.2,19.45862200480805,-83.60763587951661,-83.60763587951661,0.0891425609588623,0.1018252372741699,16,16.0,YOLO,1,17,-21.8,19.45862200480805,0.0,"[0, 0, 0, -2, 0, 0, 0, 0, 0, 0]"
20250721_025736_233,21,16,16,-23.2,18.22303636281795,-82.62664642333985,-82.62664642333985,0.0930197238922119,0.7828071117401123,16,14.0,NeighborSearch,4,16,-23.2,20.51555026238188,-2.0,"[0, 0, -2, 0, 0, 0, 0, 0, 0, -2]"
20250721_025737_110,21,15,15,-24.7,19.1048388231378,-83.91709976196289,-83.91709976196289,0.0913965702056884,0.1581223011016845,15,15.0,YOLO,1,16,-23.2,19.1048388231378,0.0,"[0, -2, 0, 0, 0, 0, 0, 0, -2, 0]"
20250721_025737_361,21,15,15,-24.7,19.248789652856644,-83.82349319458008,-83.82349319458008,0.0900781154632568,0.1017494201660156,15,15.0,YOLO,1,16,-23.2,19.248789652856644,0.0,"[-2, 0, 0, 0, 0, 0, 0, -2, 0, 0]"
20250721_025737_554,21,15,15,-24.7,19.18943733710266,-83.82214736938477,-83.82214736938477,0.0885934829711914,0.1582562923431396,15,15.0,YOLO,1,16,-23.2,19.18943733710266,0.0,"[0, 0, 0, 0, 0, 0, -2, 0, 0, 0]"
20250721_025737_803,21,15,15,-24.7,19.4225242751908,-83.62497062683106,-83.62497062683106,0.0853087902069091,0.1017262935638427,15,15.0,YOLO,1,16,-23.2,19.4225242751908,0.0,"[0, 0, 0, 0, 0, -2, 0, 0, 0, 0]"
20250721_025737_991,22,15,15,-24.7,18.27128706499542,-84.004052734375,-84.004052734375,0.0883514881134033,0.521458625793457,15,14.0,NeighborSearch,2,15,-24.7,18.98141018455836,-1.0,"[0, 0, 0, 0, -2, 0, 0, 0, 0, -1]"
20250721_025738_602,22,14,14,-26.1,19.853623351512653,-83.21012268066406,-83.21012268066406,0.0848557949066162,0.1580722332000732,14,14.0,YOLO,1,15,-24.7,19.853623351512653,0.0,"[0, 0, 0, -2, 0, 0, 0, 0, -1, 0]"
20250721_025738_847,22,14,14,-26.1,19.799060097608415,-83.24922180175781,-83.24922180175781,0.0849013328552246,0.1017124652862548,14,14.0,YOLO,1,15,-24.7,19.799060097608415,0.0,"[0, 0, -2, 0, 0, 0, 0, -1, 0, 0]"
20250721_025739_035,22,14,14,-26.1,19.619422553488448,-83.29432907104493,-83.29432907104493,0.0894005298614502,0.1581873893737793,14,14.0,YOLO,1,15,-24.7,19.619422553488448,0.0,"[0, -2, 0, 0, 0, 0, -1, 0, 0, 0]"
20250721_025739_284,22,14,14,-26.1,19.63675061517604,-83.49641151428223,-83.49641151428223,0.0864293575286865,0.1021699905395507,14,14.0,YOLO,1,15,-24.7,19.63675061517604,0.0,"[-2, 0, 0, 0, 0, -1, 0, 0, 0, 0]"
20250721_025739_474,22,14,14,-26.1,19.72743993368448,-83.37366485595703,-83.37366485595703,0.0974938869476318,0.1582238674163818,14,14.0,YOLO,1,15,-24.7,19.72743993368448,0.0,"[0, 0, 0, 0, -1, 0, 0, 0, 0, 0]"
20250721_025739_731,22,14,14,-26.1,19.735076039196613,-83.32039413452148,-83.32039413452148,0.0909345149993896,0.1017570495605468,14,14.0,YOLO,1,15,-24.7,19.735076039196613,0.0,"[0, 0, 0, -1, 0, 0, 0, 0, 0, 0]"
